date,gold_price_usd_oz,btc_price_usd,gold_log_return,btc_log_return
2021-01-04,1946.5999755859373,31971.9140625,,
2021-01-05,1954.4000244140625,33992.4296875,0.0039990049848821485,0.06128001171320463
2021-01-06,1908.5999755859373,36824.36328125,-0.023713277243830433,0.08002182823087978
2021-01-07,1913.5999755859373,39371.04296875,0.0026162958065825137,0.06687092425852725
2021-01-08,1835.4000244140625,40797.609375,-0.04172381731144803,0.03559288987944953
2021-01-11,1850.800048828125,35566.65625,0.008355549728337408,-0.13721490918110568
2021-01-12,1844.199951171875,33922.9609375,-0.0035724517865656225,-0.0473164778588302
2021-01-13,1854.9000244140625,37316.359375,0.0057852467661101414,0.0953397207362574
2021-01-14,1851.4000244140625,39187.328125,-0.0018886765746390921,0.04892161277885165
2021-01-15,1829.9000244140625,36825.3671875,-0.011680788944534726,-0.062166498972308304
2021-01-19,1840.199951171875,36069.8046875,0.005612900938732679,-0.020730853363922108
2021-01-20,1866.5,35547.75,0.014190784540518031,-0.014579216975338483
2021-01-21,1865.9000244140625,30825.69921875,-0.00032149586709895317,-0.14252813081835924
2021-01-22,1856.199951171875,33005.76171875,-0.005212162631670125,0.0683334114753027
2021-01-25,1855.199951171875,32366.392578125,-0.0005388802341492749,-0.01956152540573619
2021-01-26,1850.9000244140625,32569.849609375,-0.0023204601686757087,0.006266383460683755
2021-01-27,1844.9000244140625,30432.546875,-0.003246931756053506,-0.06787434522440883
2021-01-28,1837.9000244140625,33466.09765625,-0.003801459941890073,0.09502025954716942
2021-01-29,1847.300048828125,34316.38671875,0.005101511241647927,0.02509007084781878
2021-02-01,1863.9000244140625,33537.17578125,0.008945939839384742,-0.022968438634478616
2021-02-02,1833.4000244140625,35510.2890625,-0.01649889999218157,0.05716793887942018
2021-02-03,1835.0999755859373,37472.08984375,0.0009267827687358121,0.053773897801539405
2021-02-04,1791.199951171875,36926.06640625,-0.024213203588150378,-0.014678676703823612
2021-02-05,1813.0,38144.30859375,0.01209717273031341,0.03245885330843379
2021-02-08,1834.199951171875,46196.46484375,0.011625460749054461,0.19152671498584972
2021-02-09,1837.5,46481.10546875,0.001797559583086361,0.0061426193854519084
2021-02-10,1842.699951171875,44918.18359375,0.002825908755681894,-0.03420320342962846
2021-02-11,1826.800048828125,47909.33203125,-0.008666031803056029,0.06446761605839413
2021-02-12,1823.199951171875,47504.8515625,-0.001972656889694946,-0.008478464657924789
2021-02-16,1799.0,49199.87109375,-0.013362217199389015,0.03505915946635518
2021-02-17,1772.800048828125,52149.0078125,-0.014670709854629038,0.05821415216952097
2021-02-18,1775.0,51679.796875,0.0012401778136119646,-0.009038226589304088
2021-02-19,1777.4000244140625,55888.1328125,0.001351213130686979,0.07828513543693205
2021-02-22,1808.4000244140625,54207.3203125,0.017290853880612467,-0.030536104024342592
2021-02-23,1805.9000244140625,48824.42578125,-0.0013833939434624298,-0.10458524450100981
2021-02-24,1797.9000244140625,49705.33203125,-0.004439765265893847,0.0178814957381217
2021-02-25,1775.4000244140625,47093.8515625,-0.012593567325938082,-0.05396975925205183
2021-02-26,1728.800048828125,46339.76171875,-0.02659820894890519,-0.016142075456887284
2021-03-01,1723.0,49631.2421875,-0.0033605969086867304,0.06862014128038751
2021-03-02,1733.5999755859375,48378.98828125,0.006133199611349838,-0.025554925208490786
2021-03-03,1715.800048828125,50538.2421875,-0.010320684542479697,0.043664727693901284
2021-03-04,1700.699951171875,48561.16796875,-0.00883957030903737,-0.03990612219912748
2021-03-05,1698.5,48927.3046875,-0.001294393687123474,0.0075114201765362765
2021-03-08,1678.0,52246.5234375,-0.012142900573487658,0.06563773283660623
2021-03-09,1716.9000244140625,54824.1171875,0.02291774527586643,0.048156840253234634
2021-03-10,1721.800048828125,56008.55078125,0.002849930279603008,0.021374179798028692
2021-03-11,1722.5999755859375,57805.12109375,0.0004644795996542328,0.03157300039029742
2021-03-12,1719.800048828125,57332.08984375,-0.0016267298137329078,-0.00821687285311512
2021-03-15,1729.199951171875,55907.19921875,0.0054508121875267435,-0.02516733981439856
2021-03-16,1730.9000244140625,56804.90234375,0.000982672981121091,0.015929471547609708
2021-03-17,1727.0999755859375,58870.89453125,-0.0021978313231869606,0.03572418708035663
2021-03-18,1732.5,57858.921875,0.003121764850055442,-0.017339151916612394
2021-03-19,1741.699951171875,58346.65234375,0.005296167638929816,0.008394319050578858
2021-03-22,1738.0999755859375,54529.14453125,-0.0020690711799629113,-0.06766666430965351
2021-03-23,1725.0999755859375,54738.9453125,-0.007507542875585749,0.0038401154329434917
2021-03-24,1733.199951171875,52774.265625,0.004684377046075383,-0.03655175777765862
2021-03-25,1725.0999755859375,51704.16015625,-0.004684377046075383,-0.020485432915554824
2021-03-26,1732.300048828125,55137.3125,0.004165027824330814,0.06428841931989204
2021-03-29,1712.199951171875,57750.19921875,-0.011670968681155358,0.04630013423543744
2021-03-30,1683.9000244140625,58917.69140625,-0.016666518675829245,0.020014609919984494
2021-03-31,1713.800048828125,58918.83203125,0.017600609611378104,1.9359447593458867e-05
2021-04-01,1728.4000244140625,59095.80859375,0.008482983456852722,0.002999232878687863
2021-04-05,1728.800048828125,59057.87890625,0.0002314152535998204,-0.0006420398652888792
2021-04-06,1743.0,58192.359375,0.00818021208340447,-0.014763897549620708
2021-04-07,1741.5999755859375,56048.9375,-0.0008035496178635526,-0.037528870853165586
2021-04-08,1758.199951171875,58323.953125,0.009486313743265029,0.039787675704227254
2021-04-09,1744.800048828125,58245.00390625,-0.007650566773062195,-0.0013545498361153818
2021-04-12,1732.699951171875,59893.453125,-0.006959106535928683,0.027908883485924463
2021-04-13,1747.5999755859375,63503.45703125,0.00856254677079793,0.058527143450268326
2021-04-14,1736.300048828125,63109.6953125,-0.006486963635197185,-0.006219938149170545
2021-04-15,1766.800048828125,63314.01171875,0.01741358788681424,0.00323225111697667
2021-04-16,1780.199951171875,61572.7890625,0.007555661737534969,-0.027886621874568363
2021-04-19,1770.5999755859375,55724.265625,-0.005407231708014493,-0.09980433631732133
2021-04-20,1778.4000244140625,56473.03125,0.004395638989724837,0.013347500558966274
2021-04-21,1793.0999755859375,53906.08984375,0.00823185450466557,-0.04651974554182736
2021-04-22,1782.0,51762.2734375,-0.006209622852002994,-0.040581883746806824
2021-04-23,1777.800048828125,51093.65234375,-0.0023596567577035543,-0.013001302685205829
2021-04-26,1780.0999755859375,54021.75390625,0.00129285649534161,0.055726546342878436
2021-04-27,1778.800048828125,55033.1171875,-0.0007305216818149773,0.01854831914865329
2021-04-28,1773.9000244140625,54824.703125,-0.0027584808287528517,-0.0037942553737355666
2021-04-29,1768.300048828125,53555.109375,-0.003161865583861001,-0.0234296738251345
2021-04-30,1767.699951171875,57750.17578125,-0.0003394217545311662,0.0754151877209619
2021-05-03,1791.800048828125,57200.29296875,0.013541489494924619,-0.009567373024509607
2021-05-04,1776.0,53333.5390625,-0.008857083862241488,-0.06999363622377608
2021-05-05,1784.300048828125,57424.0078125,0.0046625642506903375,0.07389708647447613
2021-05-06,1815.699951171875,56396.515625,0.017444832581638536,-0.01805509355764201
2021-05-07,1831.300048828125,57356.40234375,0.008555082425552918,0.01687709678143534
2021-05-10,1837.5999755859373,55859.796875,0.0034342352790490693,-0.02643954949095395
2021-05-11,1836.0999755859373,56704.57421875,-0.0008166154576008111,0.015009957344290115
2021-05-12,1822.800048828125,49150.53515625,-0.007269936454290082,-0.1429671467730369
2021-05-13,1824.0,49716.19140625,0.0006580844571208999,0.01144292811009251
2021-05-14,1838.0999755859373,49880.53515625,0.007700524483214011,0.003300186759766177
2021-05-17,1867.5999755859373,43537.51171875,0.015921754906865537,-0.1360079447719844
2021-05-18,1868.0,42909.40234375,0.00021416876443236532,-0.014531934084628162
2021-05-19,1881.5,37002.44140625,0.007200991244703303,-0.14810707635188614
2021-05-20,1881.9000244140625,40782.73828125,0.00021258671040769173,0.09727501612396061
2021-05-21,1876.699951171875,37304.69140625,-0.0027670284647500765,-0.08913981683679317
2021-05-24,1884.5,38705.98046875,0.004147644428041275,0.03687502846555368
2021-05-25,1898.0,38402.22265625,0.00713816646268306,-0.007878782581023813
2021-05-26,1901.199951171875,39294.19921875,0.0016845398871883077,0.02296156581276776
2021-05-27,1895.699951171875,38436.96875,-0.002897102366849147,-0.02205718107153487
2021-05-28,1902.5,35697.60546875,0.0035806730456284797,-0.07393611150144253
2021-06-01,1905.0,36684.92578125,0.0013131978249605325,0.02728231619618171
2021-06-02,1909.9000244140625,37575.1796875,0.002568888871207875,0.023977788702314484
2021-06-03,1873.300048828125,39208.765625,-0.019349289899697197,0.042556616951369364
2021-06-04,1892.0,36894.40625,0.009932863079511023,-0.060840387267125706
2021-06-07,1898.800048828125,33560.70703125,0.0035876627805935257,-0.09470399835993071
2021-06-08,1894.4000244140625,33472.6328125,-0.002319954815239278,-0.0026277750634573493
2021-06-09,1895.5,37345.12109375,0.0005804773792119633,0.10947410238213884
2021-06-10,1896.4000244140625,36702.59765625,0.000474708945472635,-0.017354742993129335
2021-06-11,1879.5999755859373,37334.3984375,-0.008898389662168604,0.017067578415986162
2021-06-14,1865.9000244140625,40218.4765625,-0.00731545175215409,0.07441139422057219
2021-06-15,1856.4000244140625,40406.26953125,-0.00510438196922447,0.0046584533275275675
2021-06-16,1861.4000244140625,38347.0625,0.0026897643492631573,-0.05230703159614336
2021-06-17,1774.800048828125,38053.50390625,-0.04764113785092139,-0.007684760787668665
2021-06-18,1769.0,35787.24609375,-0.003273352856871803,-0.0614015913917374
2021-06-21,1782.9000244140625,31676.693359375,0.007826850574395472,-0.12201039035218031
2021-06-22,1777.4000244140625,32505.66015625,-0.0030896296939770806,0.025833047609392423
2021-06-23,1783.4000244140625,33723.02734375,0.003370032350192176,0.03676667515561327
2021-06-24,1776.699951171875,34662.4375,-0.00376398483101692,0.027475699857644642
2021-06-25,1777.800048828125,31637.779296875,0.0006189887136720529,-0.09130465397426413
2021-06-28,1780.699951171875,34434.3359375,0.001629845713470246,0.08470225042447765
2021-06-29,1763.5999755859375,35867.77734375,-0.009649357346049214,0.04078512112413968
2021-06-30,1771.5999755859375,35040.8359375,0.004525918627773073,-0.023325202965851943
2021-07-01,1776.800048828125,33572.1171875,0.0029309417929068715,-0.042818245600875215
2021-07-02,1783.300048828125,33897.046875,0.0036515867780844147,0.009632020913439732
2021-07-06,1794.199951171875,34235.1953125,0.006093605071519903,0.009926319850057652
2021-07-07,1802.0999755859373,33855.328125,0.004393425065906342,-0.011157826650300962
2021-07-08,1800.199951171875,32877.37109375,-0.0010548952774005471,-0.029311778537964628
2021-07-09,1810.5999755859373,33798.01171875,0.005760525858115706,0.0276173634478738
2021-07-12,1805.9000244140625,33155.84765625,-0.0025991725800240673,-0.019182874907549774
2021-07-13,1809.9000244140625,32702.025390625,0.0022125126266496764,-0.0137820864258007
2021-07-14,1825.0,32822.34765625,0.008308378412588802,0.0036725998364310897
2021-07-15,1829.0,31780.73046875,0.002189382374274018,-0.03224946835684328
2021-07-16,1815.0,31421.5390625,-0.007683901691915018,-0.011366530858486712
2021-07-19,1809.199951171875,30817.83203125,-0.003200736084056466,-0.01940013065818924
2021-07-20,1811.4000244140625,29807.34765625,0.001215308803961257,-0.033338555734211184
2021-07-21,1803.4000244140625,32110.693359375,-0.004426254815252939,0.0744341723569324
2021-07-22,1805.4000244140625,32313.10546875,0.0011084017832514448,0.006283788882168295
2021-07-23,1801.800048828125,33581.55078125,-0.0019959950698789086,0.038503942271905345
2021-07-26,1799.199951171875,37337.53515625,-0.001444097810667344,0.10602229284594067
2021-07-27,1799.800048828125,39406.94140625,0.0003334802232899392,0.053942853488036846
2021-07-28,1799.699951171875,39995.90625,-5.561753369942579e-05,0.014835126516453911
2021-07-29,1831.199951171875,40008.421875,0.017351505777907228,0.0003128737005972937
2021-07-30,1812.5999755859373,42235.546875,-0.01020919782220897,0.054172230652618225
2021-08-02,1822.199951171875,39201.9453125,0.005282270331911754,-0.07453583859567381
2021-08-03,1814.0999755859373,38152.98046875,-0.004455071994179605,-0.027122491205131993
2021-08-04,1814.5,39747.50390625,0.00022048416379583102,0.04094316463847747
2021-08-05,1808.9000244140625,40869.5546875,-0.003091008448900645,0.027838357371246403
2021-08-06,1763.0999755859375,42816.5,-0.025645329764746094,0.04653814062641537
2021-08-09,1726.5,46365.40234375,-0.020977371609430584,0.07962999964675532
2021-08-10,1731.699951171875,45585.03125,0.0030073189314157034,-0.016974141392609
2021-08-11,1753.300048828125,45593.63671875,0.012396197563888656,0.00018876057234251675
2021-08-12,1751.800048828125,44428.2890625,-0.0008558957232471798,-0.025891753544200924
2021-08-13,1778.199951171875,47793.3203125,0.014957730625634547,0.0730094797189178
2021-08-16,1789.800048828125,46004.484375,0.006502319802348389,-0.03814700916556468
2021-08-17,1787.800048828125,44695.359375,-0.0011180680644855556,-0.0288691990345864
2021-08-18,1784.4000244140625,44801.1875,-0.001903603029547618,0.002364966650011624
2021-08-19,1783.0999755859375,46717.578125,-0.0007288290879738923,0.0418858533323494
2021-08-20,1784.0,49339.17578125,0.0005046252918745608,0.054597906983852695
2021-08-23,1806.300048828125,49546.1484375,0.012422547030680242,0.004186120845078634
2021-08-24,1808.5,47706.1171875,0.0012171912215173109,-0.037844894330950396
2021-08-25,1791.0,48960.7890625,-0.009723649331441209,0.025960121950429738
2021-08-26,1795.199951171875,46942.21875,0.002342286068397925,-0.04210229745237548
2021-08-27,1819.5,49058.66796875,0.01344532892310557,0.044099430302267706
2021-08-30,1812.199951171875,47054.984375,-0.0040201882083694684,-0.041700089144256935
2021-08-31,1818.0999755859373,47166.6875,0.003250436453043015,0.0023710718587306445
2021-09-01,1816.0,48847.02734375,-0.0011557061356501919,0.035005653788017455
2021-09-02,1811.5,49327.72265625,-0.0024810488261062247,0.009792724788171725
2021-09-03,1833.699951171875,50025.375,0.012180525591789504,0.014044128006187151
2021-09-07,1798.5,46811.12890625,-0.019382772791242786,-0.0664094048971382
2021-09-08,1793.5,46091.390625,-0.0027839661633413115,-0.015494793572990773
2021-09-09,1800.0,46391.421875,0.0036176469119189036,0.006488390533952781
2021-09-10,1792.0999755859375,44883.91015625,-0.0043985619580722,-0.03303518664446514
2021-09-13,1794.4000244140625,44963.07421875,0.0012826148855111796,0.0017621978864763577
2021-09-14,1807.0999755859373,47092.4921875,0.007052619082344336,0.04627200677790988
2021-09-15,1794.800048828125,48176.34765625,-0.006829714586882751,0.02275460131450835
2021-09-16,1756.699951171875,47783.359375,-0.021456601083189142,-0.008190739435939065
2021-09-17,1751.4000244140625,47267.51953125,-0.003021539196102374,-0.010854079709277542
2021-09-20,1763.800048828125,42843.80078125,0.007055118109696501,-0.09826240691849719
2021-09-21,1778.199951171875,40693.67578125,0.008130989090177287,-0.05148826786332528
2021-09-22,1778.800048828125,43574.5078125,0.0003374178588382293,0.06839960199678252
2021-09-23,1749.800048828125,44895.09765625,-0.016437483509438522,0.02985630902322356
2021-09-24,1751.699951171875,42839.75,0.0010851935057551998,-0.04686219528987401
2021-09-27,1752.0,42235.73046875,0.00017127541344308383,-0.01419985352348263
2021-09-28,1737.5,41034.54296875,-0.008310694057390045,-0.028852332947741033
2021-09-29,1722.9000244140625,41564.36328125,-0.008438366730255886,0.012828924814572318
2021-09-30,1757.0,43790.89453125,0.01959887747840572,0.05218276011816414
2021-10-01,1758.4000244140625,48116.94140625,0.0007965093465083228,0.09420841893127907
2021-10-04,1767.5999755859375,49112.90234375,0.0052183619109955615,0.020487449851422923
2021-10-05,1760.9000244140625,51514.8125,-0.003797624613332218,0.047747610534685236
2021-10-06,1761.800048828125,55361.44921875,0.0005109855593339319,0.07201410137731123
2021-10-07,1759.199951171875,53805.984375,-0.0014769089059205598,-0.028498794333346567
2021-10-08,1757.4000244140625,53967.84765625,-0.0010236745307903306,0.0030037607441677494
2021-10-11,1755.699951171875,57484.7890625,-0.000967847989929993,0.0631319193015134
2021-10-12,1759.300048828125,56041.05859375,0.00204842043532949,-0.025435763506084896
2021-10-13,1794.699951171875,57401.09765625,0.019921819429094434,0.02397881481648234
2021-10-14,1797.9000244140625,57321.5234375,0.0017814808830740603,-0.0013872457018972995
2021-10-15,1768.300048828125,61593.94921875,-0.0166006700374961,0.07188745837457944
2021-10-18,1765.699951171875,62026.078125,-0.00147147601890385,0.006991272784242497
2021-10-19,1770.5,64261.9921875,0.0027148078968988187,0.0354134436604987
2021-10-20,1784.9000244140625,65992.8359375,0.008100412361615739,0.026577834542036882
2021-10-21,1781.9000244140625,62210.171875,-0.0016821804790643213,-0.059027668390729815
2021-10-22,1796.300048828125,60692.265625,0.008048796522890811,-0.024702251082704407
2021-10-25,1806.800048828125,63039.82421875,0.005828330847690744,0.03795038687769292
2021-10-26,1793.4000244140625,60363.79296875,-0.007444078673860766,-0.043377186101063
2021-10-27,1798.800048828125,58482.38671875,0.0030065299101540433,-0.03166384386368293
2021-10-28,1802.5999755859373,60622.13671875,0.0021102505371199953,0.03593449158802464
2021-10-29,1783.9000244140625,62227.96484375,-0.010428061135502986,0.02614437550515447
2021-11-01,1795.800048828125,61004.40625,0.006648639833885639,-0.019858399094868417
2021-11-02,1789.4000244140625,63226.40234375,-0.0035702505196777423,0.03577587734847398
2021-11-03,1763.9000244140625,62970.046875,-0.014353101298822502,-0.004062805617151
2021-11-04,1793.5,61452.23046875,0.01664173751395026,-0.024399034254608765
2021-11-05,1816.800048828125,61125.67578125,0.012907720694905755,-0.005328129187967434
2021-11-08,1828.0,67566.828125,0.006145734346851839,0.10018515094228952
2021-11-09,1830.800048828125,66971.828125,0.0015305834357679515,-0.00884509918220111
2021-11-10,1848.300048828125,64995.23046875,0.009513267656628521,-0.02995816542044416
2021-11-11,1863.9000244140625,64949.9609375,0.008404755729642055,-0.0006967481072823745
2021-11-12,1868.5,64155.94140625,0.0024648900894046477,-0.012300437518714347
2021-11-15,1866.5999755859373,63557.87109375,-0.0010173888733211456,-0.009365857500370112
2021-11-16,1854.0999755859373,60161.24609375,-0.006719191116017598,-0.054922454251583375
2021-11-17,1870.199951171875,60368.01171875,0.00864596095664183,0.0034309649222326044
2021-11-18,1861.4000244140625,56942.13671875,-0.0047164450252630274,-0.058423750403308716
2021-11-19,1851.5999755859373,58119.578125,-0.005278788895849651,0.020466973046305625
2021-11-22,1806.300048828125,56289.2890625,-0.024769535801093312,-0.03199831049826152
2021-11-23,1783.800048828125,57569.07421875,-0.012534633565434383,0.022481248103211726
2021-11-24,1784.300048828125,56280.42578125,0.0002802611976049363,-0.022638719964637843
2021-11-26,1785.5,53569.765625,0.0006722792316971038,-0.04936196286050176
2021-11-29,1782.300048828125,57806.56640625,-0.0017937956085667395,0.07611754010353522
2021-11-30,1773.5999755859375,57005.42578125,-0.0048933268890927195,-0.013955922421075684
2021-12-01,1784.300048828125,57229.828125,0.006014843265962355,0.003928780734842263
2021-12-02,1762.699951171875,56477.81640625,-0.012179512077655552,-0.013227302108742123
2021-12-03,1783.9000244140625,53598.24609375,0.011955295717851477,-0.05233158566534257
2021-12-06,1779.5,50582.625,-0.002469566492754538,-0.05790820753128756
2021-12-07,1784.699951171875,50700.0859375,0.0029178805524319174,0.0023194677368660876
2021-12-08,1785.5,50504.796875,0.00044818153182379916,-0.0038592862213864265
2021-12-09,1776.699951171875,47672.12109375,-0.004940804475124239,-0.0577215558084756
2021-12-10,1784.800048828125,47243.3046875,0.004548707916701034,-0.009035819421615798
2021-12-13,1788.300048828125,46737.48046875,0.0019590837221237223,-0.010764521753285905
2021-12-14,1772.300048828125,46612.6328125,-0.008987309586398595,-0.0026748276204262567
2021-12-15,1764.5,48896.72265625,-0.004410801496479877,0.04783877809998138
2021-12-16,1798.199951171875,47665.42578125,0.018918773281456858,-0.02550406419845963
2021-12-17,1804.9000244140625,46202.14453125,0.0037190646999665233,-0.03118009325604021
2021-12-20,1794.5999755859375,46880.27734375,-0.005723059836971522,0.014570845851164194
2021-12-21,1788.699951171875,48936.61328125,-0.003293070558684441,0.04292879288746754
2021-12-22,1802.199951171875,48628.51171875,0.007519042006222776,-0.006315834406489529
2021-12-23,1811.699951171875,50784.5390625,0.005257490323098857,0.04338193932958667
2021-12-27,1808.800048828125,50640.41796875,-0.0016019350718927683,-0.002841927568294267
2021-12-28,1810.9000244140625,47588.85546875,0.0011603037705043562,-0.0621514265119778
2021-12-29,1805.800048828125,46444.7109375,-0.002820238816038767,-0.024336011956341608
2021-12-30,1814.0999755859373,47178.125,0.004585729576342068,0.015667738713133872
2021-12-31,1828.5999755859373,46306.4453125,0.007961169889765252,-0.018649172756866506
2022-01-03,1800.0999755859375,46458.1171875,-0.015708428045050127,0.0032700420519855555
2022-01-04,1814.5999755859373,45897.57421875,0.008022838947245425,-0.012138934663861178
2022-01-05,1825.0999755859373,43569.00390625,0.005769722377849895,-0.05206628845481376
2022-01-06,1789.199951171875,43160.9296875,-0.019866201390925653,-0.009410297303588777
2022-01-07,1797.4000244140625,41557.90234375,0.0045726245390476095,-0.037847988650375086
2022-01-10,1798.800048828125,41821.26171875,0.0007786132341234264,0.006317171772508345
2022-01-11,1818.5,42735.85546875,0.0108921823856587,0.02163341063743829
2022-01-12,1827.300048828125,43949.1015625,0.004827508804965852,0.027993907251913086
2022-01-13,1821.4000244140625,42591.5703125,-0.0032340446942820122,-0.03137582795207017
2022-01-14,1816.5,43099.69921875,-0.0026938768764708243,0.011859664695821337
2022-01-18,1812.4000244140625,42375.6328125,-0.002259625397702969,-0.01694251918462797
2022-01-19,1843.199951171875,41744.328125,0.016851217747064773,-0.015009910442870478
2022-01-20,1842.5999755859373,40680.41796875,-0.0003255605855763122,-0.025816743095603556
2022-01-21,1831.800048828125,36457.31640625,-0.0058784878003388386,-0.10960468291544068
2022-01-24,1841.699951171875,36654.328125,0.005389914964327502,0.00538935204823332
2022-01-25,1852.5,36954.00390625,0.005847046581211046,0.008142486826951512
2022-01-26,1829.699951171875,36852.12109375,-0.012384085886131935,-0.002760824449564936
2022-01-27,1793.0999755859375,37138.234375,-0.020206040401352432,0.007733837890786077
2022-01-28,1784.9000244140625,37784.33203125,-0.004583546969183061,0.01724750509041506
2022-01-31,1795.0,38483.125,0.005642617008804862,0.01832531334844667
2022-02-01,1801.5,38743.2734375,0.0036146292657690537,0.0067373185026333715
2022-02-02,1810.300048828125,36952.984375,0.004872953166144001,-0.04731073995912283
2022-02-03,1804.0999755859373,37154.6015625,-0.0034307654280789635,0.0054412158319916415
2022-02-04,1807.800048828125,41500.875,0.0020488244477911977,0.11062688345744753
2022-02-07,1821.800048828125,43840.28515625,0.007714386738837398,0.05483863574338166
2022-02-08,1827.9000244140625,44118.4453125,0.0033427301660609032,0.006324808965338491
2022-02-09,1836.5999755859373,44338.796875,0.0047482426074436646,0.004982113681997191
2022-02-10,1837.4000244140625,43565.11328125,0.0004355192383069806,-0.017603393781389087
2022-02-11,1842.0999755859373,42407.9375,0.0025546697801317464,-0.026921126055171385
2022-02-14,1869.4000244140625,42586.91796875,0.014711324903536216,0.004211566272221745
2022-02-15,1856.199951171875,44575.203125,-0.0070861759524518675,0.04563060448723988
2022-02-16,1871.5,43961.859375,0.008208887488613925,-0.013855295049898686
2022-02-17,1902.0,40538.01171875,0.01616571576085235,-0.08108233071910398
2022-02-18,1899.800048828125,40030.9765625,-0.0011573209475352897,-0.012586526423760347
2022-02-22,1907.4000244140625,38286.02734375,0.003992427786666752,-0.04456856016147981
2022-02-23,1910.4000244140625,37296.5703125,0.001571586033371375,-0.02618363461542117
2022-02-24,1926.300048828125,38332.609375,0.008288432838415183,0.027399579951550734
2022-02-25,1887.5999755859373,39214.21875,-0.020294921897939133,0.022738450595305437
2022-02-28,1900.699951171875,43193.234375,0.006916045748928568,0.09664446705281726
2022-03-01,1943.800048828125,44354.63671875,0.022422631522059255,0.02653338033252517
2022-03-02,1922.300048828125,43924.1171875,-0.011122434029601003,-0.00975371593540686
2022-03-03,1935.9000244140625,42451.7890625,0.007049936061423345,-0.03409447865241333
2022-03-04,1966.5999755859373,39137.60546875,0.015733803710579863,-0.08128527556523579
2022-03-07,1995.9000244140625,38062.0390625,0.0147889377163537,-0.02786634609445926
2022-03-08,2043.300048828125,38737.26953125,0.02347108316402302,0.017584738215960627
2022-03-09,1988.199951171875,41982.92578125,-0.027336489592997282,0.0804608330138592
2022-03-10,2000.4000244140625,39437.4609375,0.006117490530255232,-0.06254685680053029
2022-03-11,1985.0,38794.97265625,-0.007728258628048934,-0.016425482290646443
2022-03-14,1960.800048828125,39666.75390625,-0.012266336005243517,0.022222736239216445
2022-03-15,1929.699951171875,39338.78515625,-0.015988053017216508,-0.008302471898177899
2022-03-16,1909.199951171875,41143.9296875,-0.010680244542264461,0.04486546767419952
2022-03-17,1943.199951171875,40951.37890625,0.017651793003707894,-0.0046909168777933274
2022-03-18,1929.300048828125,41801.15625,-0.007178805442620728,0.020538517974936
2022-03-21,1929.5,41077.99609375,0.00010363386002065766,-0.01745139734141965
2022-03-22,1921.5,42358.80859375,-0.004154770972775168,0.030703791309973028
2022-03-23,1937.300048828125,42892.95703125,0.00818914529221626,0.012531246090631498
2022-03-24,1962.199951171875,43960.93359375,0.01277099154779826,0.02459372596578646
2022-03-25,1954.199951171875,44348.73046875,-0.004085390320917703,0.008782716407665703
2022-03-28,1939.800048828125,47128.00390625,-0.007395977392821607,0.06078330404132437
2022-03-29,1912.199951171875,47465.73046875,-0.014330514014879725,0.007140599739189568
2022-03-30,1933.5,47062.6640625,0.011077445931057639,-0.008527995234731023
2022-03-31,1949.199951171875,45538.67578125,0.00808717487165822,-0.03291800954258228
2022-04-01,1923.699951171875,46281.64453125,-0.013168617389275994,0.016183454010016973
2022-04-04,1934.0,46622.67578125,0.005340007483505715,0.007341591448509988
2022-04-05,1927.5,45555.9921875,-0.00336657057575529,-0.023144860605896156
2022-04-06,1923.0999755859373,43206.73828125,-0.0022853718158426517,-0.052945705100574614
2022-04-07,1937.800048828125,43503.84765625,0.007614879526973262,0.006852924231532498
2022-04-08,1945.5999755859373,42287.6640625,0.004017066074886166,-0.028353972258937432
2022-04-11,1948.199951171875,39521.90234375,0.0013354440501540665,-0.06764040584223352
2022-04-12,1976.0999755859373,40127.18359375,0.014219348686432376,0.015198991801760542
2022-04-13,1984.699951171875,41166.73046875,0.004342551635855507,0.025576417495491555
2022-04-14,1974.9000244140625,39935.515625,-0.004949968091826129,-0.030364373354540675
2022-04-18,1986.4000244140625,40826.21484375,0.005806190980447212,0.02205835186986782
2022-04-19,1959.0,41502.75,-0.013889828540023075,0.016435294339235185
2022-04-20,1955.5999755859373,41374.37890625,-0.0017370997242309727,-0.003097867846211244
2022-04-21,1948.199951171875,40527.36328125,-0.003791194946654919,-0.02068443970831879
2022-04-22,1934.300048828125,39740.3203125,-0.007160315122298755,-0.019611085251920457
2022-04-25,1896.0,40458.30859375,-0.01999912533638959,0.017905729165173412
2022-04-26,1904.0999755859373,38117.4609375,0.004263039343729069,-0.05959955698854813
2022-04-27,1888.699951171875,39241.12109375,-0.008120707309664965,0.029052734994520435
2022-04-28,1891.300048828125,39773.828125,0.0013757132626066593,0.01348390672152533
2022-04-29,1911.699951171875,38609.82421875,0.010728423881604776,-0.029702353660828962
2022-05-02,1863.5999755859373,38529.328125,-0.02548278515108482,-0.0020870367516998556
2022-05-03,1870.5999755859373,37750.453125,0.003749134106832308,-0.020422241840901023
2022-05-04,1868.800048828125,39698.37109375,-0.0009626821870192259,0.0503126775329914
2022-05-05,1875.699951171875,36575.140625,0.0036853572723769545,-0.08194136472907587
2022-05-06,1882.800048828125,36040.921875,0.0037781594264210128,-0.014713780107637575
2022-05-09,1858.5999755859373,30296.953125,-0.012936553473257284,-0.17360786110208792
2022-05-10,1841.0,31022.90625,-0.009514600754433111,0.02367869238648268
2022-05-11,1853.699951171875,28936.35546875,0.006874713161066026,-0.06962706368651972
2022-05-12,1824.5999755859373,29047.751953125,-0.015822843863271707,0.0038423156405116288
2022-05-13,1808.199951171875,29283.103515625,-0.00902892323132587,0.00806958299328464
2022-05-16,1814.0,29862.91796875,0.0032025033755349597,0.019606831133803126
2022-05-17,1818.9000244140625,30425.857421875,0.0026975844931458326,0.01867531097186692
2022-05-18,1815.9000244140625,28720.271484375,-0.0016507101578691064,-0.0576896230339532
2022-05-19,1841.199951171875,30314.333984375,0.013836280412999002,0.05401747251089617
2022-05-20,1842.0999755859373,29200.740234375,0.0004887054814277647,-0.03742660999960279
2022-05-23,1847.800048828125,29098.91015625,0.003089556756864731,-0.003493337644354
2022-05-24,1865.4000244140625,29655.5859375,0.009479751718956209,0.018949781767068075
2022-05-25,1846.300048828125,29562.361328125,-0.01029185753243489,-0.0031485281301595336
2022-05-26,1847.5999755859373,29267.224609375,0.0007038234943461674,-0.010033699544871766
2022-05-27,1851.300048828125,28627.57421875,0.002000635027660458,-0.022097889022564488
2022-05-31,1842.699951171875,31792.310546875,-0.00465626052750423,0.10485406697380206
2022-06-01,1848.699951171875,29799.080078125,0.00325080210358486,-0.06474693067083415
2022-06-02,1871.4000244140625,30467.48828125,0.012204163941435198,0.022182633910983185
2022-06-03,1850.199951171875,29704.390625,-0.011393111941203848,-0.025365289710190808
2022-06-06,1843.699951171875,31370.671875,-0.003519319353913808,0.054578572354957444
2022-06-07,1852.0999755859373,31155.478515625,0.004545721654352519,-0.0068833346588697
2022-06-08,1856.5,30214.35546875,0.0023728773702060835,-0.03067294698343126
2022-06-09,1852.800048828125,30111.998046875,-0.0019949598847643912,-0.0033934595457960626
2022-06-10,1875.5,29083.8046875,0.012177255789572072,-0.03474221923779908
2022-06-13,1831.800048828125,22487.388671875,-0.023576173897239094,-0.2572268307057932
2022-06-14,1813.5,22206.79296875,-0.010040436901745942,-0.012556416941055915
2022-06-15,1819.5999755859373,22572.83984375,0.0033580035556228793,0.016349175083862022
2022-06-16,1849.9000244140625,20381.650390625,0.01651491347626699,-0.10211240133010335
2022-06-17,1840.5999755859373,20471.482421875,-0.005040004614278004,0.00439781088256197
2022-06-21,1838.800048828125,20710.59765625,-0.0009783806541543427,0.011612717039856335
2022-06-22,1838.4000244140625,19987.029296875,-0.00021757011186362973,-0.03556200532463194
2022-06-23,1829.800048828125,21085.876953125,-0.004688943444164373,0.0535199496525518
2022-06-24,1830.300048828125,21231.65625,0.0002732165731913483,0.006889809613761955
2022-06-27,1824.800048828125,20735.478515625,-0.003009495775330606,-0.023647116165468773
2022-06-28,1821.199951171875,20280.634765625,-0.0019748210785834885,-0.022179692795420536
2022-06-29,1817.5,20104.0234375,-0.002033667241989612,-0.008746512259888206
2022-06-30,1807.300048828125,19784.7265625,-0.005627884548915496,-0.016009711756280964
2022-07-01,1801.5,19269.3671875,-0.0032143946706106874,-0.026393611667963057
2022-07-05,1763.9000244140625,20190.115234375,-0.021092370729761,0.046676497176841636
2022-07-06,1736.5,20548.24609375,-0.01565568727425859,0.017582449257883326
2022-07-07,1739.699951171875,21637.587890625,0.0018410632993957066,0.05165639338861894
2022-07-08,1742.300048828125,21731.1171875,0.001493450970430743,0.004313222712422515
2022-07-11,1731.699951171875,19970.556640625,-0.0061025506924918815,-0.0844861842836373
2022-07-12,1724.800048828125,19323.9140625,-0.003992426737343457,-0.032915621389021155
2022-07-13,1735.5,20212.07421875,0.006184426277720867,0.0449367599448216
2022-07-14,1705.800048828125,20569.919921875,-0.01726131879206605,0.017549651263241373
2022-07-15,1703.5999755859375,20836.328125,-0.001290592791582057,0.012868197042893215
2022-07-18,1710.199951171875,22485.689453125,0.0038666494525418926,0.07618107481235192
2022-07-19,1710.699951171875,23389.43359375,0.00029232074473650727,0.03940528200341831
2022-07-20,1700.199951171875,23231.732421875,-0.006156752451260239,-0.0067652436363694335
2022-07-21,1713.4000244140625,23164.62890625,0.0077338523146313065,-0.0028926217700480095
2022-07-22,1727.4000244140625,22714.978515625,0.008137687200759025,-0.019601945764883055
2022-07-25,1719.0999755859375,21361.701171875,-0.004816518133806902,-0.061424899588962134
2022-07-26,1717.699951171875,21239.75390625,-0.0008147256292714289,-0.00572504382684258
2022-07-27,1719.0999755859375,22930.548828125,0.0008147256292714289,0.07659542154936183
2022-07-28,1750.300048828125,23843.88671875,0.01798634584799874,0.03905783089201442
2022-07-29,1762.9000244140625,23804.6328125,0.007172964446712449,-0.0016476446914399645
2022-08-01,1787.699951171875,23314.19921875,0.013969655967160044,-0.020817634234079563
2022-08-02,1789.699951171875,22978.1171875,0.0011181306328422735,-0.014520247082613125
2022-08-03,1776.4000244140625,22846.5078125,-0.007459122578999278,-0.0057440617075421585
2022-08-04,1806.9000244140625,22630.95703125,0.017023825067850495,-0.009479525568520941
2022-08-05,1791.199951171875,23289.314453125,-0.008726924204821351,0.02867589908816015
2022-08-08,1805.199951171875,23809.486328125,0.007785602879712528,0.022089438261570393
2022-08-09,1812.300048828125,23164.318359375,0.003925421851183053,-0.02747099349637594
2022-08-10,1813.699951171875,23947.642578125,0.0007721469461134944,0.033256795053882016
2022-08-11,1807.199951171875,23957.529296875,-0.003590271566414671,0.00041276206736817755
2022-08-12,1815.5,24402.818359375,0.004582252719258939,0.018415982056897207
2022-08-15,1798.0999755859375,24136.97265625,-0.00963037359449892,-0.010953832132926777
2022-08-16,1789.699951171875,23883.291015625,-0.0046825575193842894,-0.010565706274135778
2022-08-17,1776.699951171875,23335.998046875,-0.007290297181128835,-0.023181944883864603
2022-08-18,1771.199951171875,23212.73828125,-0.0031004281728277405,-0.005295957030778453
2022-08-19,1762.9000244140625,20877.552734375,-0.004697061246045742,-0.10602664190168731
2022-08-22,1748.4000244140625,21398.908203125,-0.008259096187686055,0.024665352243596672
2022-08-23,1761.199951171875,21528.087890625,0.007294269204429327,0.006018593854662413
2022-08-24,1761.5,21395.01953125,0.00017035162404344106,-0.006200333278529868
2022-08-25,1771.4000244140625,21600.904296875,0.005604489376544564,0.009577016652956516
2022-08-26,1749.800048828125,20260.01953125,-0.01226868458069763,-0.06408571655966355
2022-08-29,1749.699951171875,20297.994140625,-5.720683313459318e-05,0.0018726075088011385
2022-08-30,1736.300048828125,19796.80859375,-0.007687876271972094,-0.025001327783567007
2022-08-31,1726.199951171875,20049.763671875,-0.005834007972957522,0.012696624168793136
2022-09-01,1709.300048828125,20127.140625,-0.009838473970700257,0.0038518173635360142
2022-09-02,1722.5999755859375,19969.771484375,0.007750804653900545,-0.0078494796911599
2022-09-06,1712.9000244140625,18837.66796875,-0.005646908425277708,-0.058361223781760785
2022-09-07,1727.800048828125,19290.32421875,0.008661096428073556,0.023745153749135994
2022-09-08,1720.199951171875,19329.833984375,-0.004408416452836406,0.0020460703035372063
2022-09-09,1728.5999755859375,21381.15234375,0.004871283462699161,0.10086009766789061
2022-09-12,1740.5999755859375,22370.44921875,0.006918049134245763,0.04523105424810758
2022-09-13,1717.4000244140625,20296.70703125,-0.013418333875083732,-0.09728219892342338
2022-09-14,1709.0999755859375,20241.08984375,-0.004844631584384196,-0.0027439686753734094
2022-09-15,1677.300048828125,19701.2109375,-0.018781515057856524,-0.027034586241262204
2022-09-16,1683.5,19772.583984375,0.003689572789274287,0.0036162281734331003
2022-09-19,1678.199951171875,19544.12890625,-0.0031531982606942677,-0.01162140130885092
2022-09-20,1671.0999755859375,18890.7890625,-0.004239683740673961,-0.034000477547087016
2022-09-21,1675.699951171875,18547.400390625,0.002748881667975489,-0.01834481351522399
2022-09-22,1681.0999755859375,19413.55078125,0.0032173672486051075,0.04564167754912951
2022-09-23,1655.5999755859375,19297.638671875,-0.015284860388117494,-0.0059885762967120115
2022-09-26,1633.4000244140625,19222.671875,-0.013499719257273668,-0.0038923305891209736
2022-09-27,1636.199951171875,19110.546875,0.0017127033662527325,-0.0058500341701694936
2022-09-28,1670.0,19426.720703125,0.02044717617359737,0.016409099157190354
2022-09-29,1668.5999755859375,19573.05078125,-0.0008386895742917844,0.007504185755092152
2022-09-30,1672.0,19431.7890625,0.0020355778081384557,-0.007243323491751497
2022-10-03,1702.0,19623.580078125,0.01778351548867274,0.009821571864517153
2022-10-04,1730.5,20336.84375,0.016606353942078655,0.035702295702778386
2022-10-05,1720.800048828125,20160.716796875,-0.005621056746631936,-0.008698206075026249
2022-10-06,1720.800048828125,19955.443359375,0.0,-0.010234041758595325
2022-10-07,1709.300048828125,19546.849609375,-0.006705368800392186,-0.02068782806747471
2022-10-10,1675.199951171875,19141.484375,-0.02015142655974156,-0.02095619157510953
2022-10-11,1686.0,19051.41796875,0.006426327593167969,-0.00471640371270432
2022-10-12,1677.5,19157.4453125,-0.005054269715963677,0.0055498963744717855
2022-10-13,1677.0,19382.904296875,-0.0002981070226280025,0.011700026522296625
2022-10-14,1648.9000244140625,19185.65625,-0.016898069110014013,-0.010228526229370871
2022-10-17,1664.0,19550.7578125,0.009115928667958961,0.018851118942693645
2022-10-18,1655.800048828125,19334.416015625,-0.00494003718730518,-0.011127327349329974
2022-10-19,1634.199951171875,19139.53515625,-0.013130947122158787,-0.010130621895941161
2022-10-20,1636.800048828125,19053.740234375,0.0015897879571262763,-0.004492679159129764
2022-10-21,1656.300048828125,19172.46875,0.011843082409534134,0.0062119106533931046
2022-10-24,1654.0999755859375,19345.572265625,-0.0013291889499011944,0.008988239092957429
2022-10-25,1658.0,20095.857421875,0.00235501720679121,0.038050125599863094
2022-10-26,1669.199951171875,20770.44140625,0.006732383769745276,0.03301719435894768
2022-10-27,1665.5999755859375,20285.8359375,-0.0021590362620997894,-0.0236079843216217
2022-10-28,1644.800048828125,20595.3515625,-0.012566578255680305,0.015142492579418132
2022-10-31,1640.699951171875,20495.7734375,-0.0024958756869137844,-0.004846706919259702
2022-11-01,1649.699951171875,20485.2734375,0.00547047332340167,-0.0005124320157943174
2022-11-02,1650.0,20159.50390625,0.00018186431093258904,-0.01603042401585597
2022-11-03,1630.9000244140625,20209.98828125,-0.01164326326206755,0.002501116490787325
2022-11-04,1676.5999755859375,21147.23046875,0.027635894009548245,0.04533199824767209
2022-11-07,1680.5,20602.81640625,0.0023234495230530783,-0.026081164613568575
2022-11-08,1716.0,18541.271484375,0.020904632882747798,-0.10542864681146114
2022-11-09,1713.699951171875,15880.7802734375,-0.0013412538739130397,-0.15488954817014822
2022-11-10,1753.699951171875,17586.771484375,0.023073066658334085,0.10203740901128455
2022-11-11,1769.4000244140625,17034.29296875,0.008912706014889693,-0.03191845360130152
2022-11-14,1776.9000244140625,16618.19921875,0.004229766843504734,-0.02473011232748057
2022-11-15,1776.800048828125,16884.61328125,-5.6265629571505826e-05,0.01590431717951546
2022-11-16,1775.800048828125,16669.439453125,-0.0005629679665153375,-0.012825680370736947
2022-11-17,1763.0,16687.517578125,-0.007234149696766501,0.0010839194206493374
2022-11-18,1754.4000244140625,16697.77734375,-0.004889971378287505,0.000614627845701321
2022-11-21,1739.5999755859375,15787.2841796875,-0.008471744330395659,-0.0560708001218142
2022-11-22,1739.9000244140625,16189.76953125,0.00017246663536063522,0.025174715080391152
2022-11-23,1745.5999755859375,16610.70703125,0.0032706677682012852,0.025667956985737206
2022-11-25,1754.0,16521.841796875,0.004800571839379764,-0.005364238527359788
2022-11-28,1740.300048828125,16217.322265625,-0.00784135373469752,-0.018603304167175594
2022-11-29,1748.4000244140625,16444.982421875,0.004643557755388272,0.01394046411034644
2022-11-30,1746.0,17168.56640625,-0.0013736405532718265,0.04305976658394428
2022-12-01,1815.199951171875,16967.1328125,0.03886817016650035,-0.011802068595368809
2022-12-02,1809.5999755859373,17088.66015625,-0.0030898146956053196,0.0071369860458059264
2022-12-05,1781.300048828125,16974.826171875,-0.015762350660492253,-0.0066836616215848466
2022-12-06,1782.4000244140625,17089.50390625,0.0006173222203118556,0.006733035250819697
2022-12-07,1798.0,16848.126953125,0.0087141516013034,-0.014224977832437702
2022-12-08,1801.5,17233.474609375,0.001944715156582788,0.02261420008103876
2022-12-09,1810.699951171875,17133.15234375,0.005093832672012688,-0.00583837050588798
2022-12-12,1792.300048828125,17206.4375,-0.010213745379332728,0.004268266909601692
2022-12-13,1825.5,17781.318359375,0.018354183614863295,0.03286478873072873
2022-12-14,1818.699951171875,17815.650390625,-0.0037319888105367127,0.001928930642170812
2022-12-15,1787.800048828125,17364.865234375,-0.01713609231955271,-0.025628381021023827
2022-12-16,1800.199951171875,16647.484375,0.006911901733659853,-0.04218980898150093
2022-12-19,1797.699951171875,16439.6796875,-0.001389699808334477,-0.012561210713320392
2022-12-20,1825.4000244140625,16906.3046875,0.015291111566486215,0.027988705082472976
2022-12-21,1825.4000244140625,16817.53515625,0.0,-0.005264509420177532
2022-12-22,1795.300048828125,16830.341796875,-0.01662698838287824,0.0007612154110798741
2022-12-23,1804.199951171875,16796.953125,0.004945087084414546,-0.0019858084288220113
2022-12-27,1823.0999755859373,16717.173828125,0.01042108225895877,-0.004760944402953271
2022-12-28,1815.800048828125,16552.572265625,-0.0040121665895567205,-0.009895050300251285
2022-12-29,1826.0,16642.341796875,0.005601613326561505,0.00540864482552017
2022-12-30,1826.199951171875,16602.5859375,0.00010949628976941739,-0.0023916958787602027
2023-01-03,1846.0999755859373,16679.857421875,0.010838014107171112,0.00464338644722595
2023-01-04,1859.0,16863.23828125,0.006963416169590175,0.010934153962034898
2023-01-05,1840.5999755859373,16836.736328125,-0.009947116580875104,-0.001572817718438202
2023-01-06,1869.699951171875,16951.96875,0.01568637191517297,0.006820792235552986
2023-01-09,1877.800048828125,17196.5546875,0.0043229407715408286,0.014325077364631511
2023-01-10,1876.5,17446.29296875,-0.000692565252207622,0.014418133870886862
2023-01-11,1878.9000244140625,17934.896484375,0.0012781726182078401,0.027621150497731506
2023-01-12,1898.800048828125,18869.587890625,0.010535621199133871,0.050803180490186506
2023-01-13,1921.699951171875,19909.57421875,0.01198805213714671,0.053649212803669855
2023-01-17,1909.9000244140625,21161.51953125,-0.006159288097554061,0.06098368335642057
2023-01-18,1907.0,20688.78125,-0.0015195708315909329,-0.022592831153300352
2023-01-19,1923.9000244140625,21086.79296875,0.008823061912389463,0.01905533410289806
2023-01-20,1928.199951171875,22676.552734375,0.002232511394307579,0.07268455261104734
2023-01-23,1928.5999755859373,22934.431640625,0.00020743851021176596,0.011307874962589892
2023-01-24,1935.4000244140625,22636.46875,0.0035196976439939576,-0.013077079200906283
2023-01-25,1942.5999755859373,23117.859375,0.00371323333918383,0.02104318470132327
2023-01-26,1930.0,23032.77734375,-0.0065072665015737385,-0.003687148593844114
2023-01-27,1929.4000244140625,23078.728515625,-0.0003109165087709087,0.0019930464741655385
2023-01-30,1922.9000244140625,22840.138671875,-0.0033746105371390556,-0.010391893594000834
2023-01-31,1929.5,23139.283203125,0.00342642612465216,0.013012288539513861
2023-02-01,1942.800048828125,23723.76953125,0.006869354626777735,0.02494573459000371
2023-02-02,1930.800048828125,23471.87109375,-0.006195806529049719,-0.010674749877368939
2023-02-03,1876.5999755859373,23449.322265625,-0.02847283422918423,-0.0009611362476711349
2023-02-06,1879.5,22760.109375,0.001544168158015502,-0.0298321783954254
2023-02-07,1884.800048828125,23264.291015625,0.0028159563592975445,0.021910195714932357
2023-02-08,1890.699951171875,22939.3984375,0.003125364664930963,-0.014063722484005226
2023-02-09,1878.5,21819.0390625,-0.006473519014438267,-0.050072947921117716
2023-02-10,1874.5,21651.18359375,-0.0021316288380566206,-0.007722817724904019
2023-02-13,1863.5,21808.1015625,-0.0058855172566536496,0.007221409653118016
2023-02-14,1865.4000244140625,22220.8046875,0.0010190804612930648,0.018747466050136552
2023-02-15,1845.300048828125,24307.841796875,-0.010833628037368648,0.089770007863196
2023-02-16,1851.800048828125,23623.474609375,0.0035162730386346652,-0.02855810148156479
2023-02-17,1850.199951171875,24565.6015625,-0.0008644504353823024,0.03910624942609964
2023-02-21,1842.5,24436.353515625,-0.004170369882998237,-0.00527523223903259
2023-02-22,1841.5,24188.84375,-0.0005428881783711148,-0.010180396881002807
2023-02-23,1826.800048828125,23947.4921875,-0.008014627845502886,-0.010027916762018307
2023-02-24,1817.0999755859373,23198.126953125,-0.005324018820335397,-0.03179206740644425
2023-02-27,1824.9000244140625,23522.87109375,0.004283394153788755,0.013901645259011275
2023-02-28,1836.699951171875,23147.353515625,0.006445252176714433,-0.0160927308751031
2023-03-01,1845.4000244140625,23646.55078125,0.00472561282435624,0.021336804939162235
2023-03-02,1840.5,23475.466796875,-0.0026587955550656517,-0.00726135020948071
2023-03-03,1854.5999755859373,22362.6796875,0.007631752382991408,-0.048562425729771874
2023-03-06,1854.5999755859373,22429.7578125,0.0,0.002995066975012506
2023-03-07,1820.0,22219.76953125,-0.01883252513122624,-0.009406138966042477
2023-03-08,1818.5999755859373,21718.080078125,-0.0007695402036755894,-0.022837315061131847
2023-03-09,1834.5999755859373,20363.021484375,0.008759499900822476,-0.06442451332853238
2023-03-10,1867.199951171875,20187.244140625,0.017613495613850283,-0.008669656883114385
2023-03-13,1916.5,24197.533203125,0.0260606494387714,0.181199767457926
2023-03-14,1910.9000244140625,24746.07421875,-0.0029262577970730064,0.022416164797506966
2023-03-15,1931.300048828125,24375.9609375,0.010619028537533381,-0.015069419825618269
2023-03-16,1923.0,25052.7890625,-0.004306909972290107,0.027387721969649448
2023-03-17,1973.5,27423.9296875,0.02592214951412153,0.09043081735478786
2023-03-20,1982.800048828125,27767.236328125,0.004701395669362007,0.012440797804941894
2023-03-21,1941.0999755859373,28175.81640625,-0.0212552016726546,0.014607259457310562
2023-03-22,1949.5999755859373,27307.4375,0.004369400688786662,-0.03130493478602503
2023-03-23,1995.9000244140625,28333.97265625,0.023470877859662842,0.036902430921442075
2023-03-24,1983.800048828125,27493.28515625,-0.006080866722734335,-0.03011973318555583
2023-03-27,1953.800048828125,27139.888671875,-0.015238002715118881,-0.012937246316294448
2023-03-28,1973.5,27268.130859375,0.010032396892696305,0.004714100093913487
2023-03-29,1966.9000244140625,28348.44140625,-0.0033499044345974838,0.03885339931269094
2023-03-30,1980.300048828125,28033.5625,0.006789661351463749,-0.01116959874133272
2023-03-31,1969.0,28478.484375,-0.005722573380642082,0.015746414888454296
2023-04-03,2000.4000244140625,27790.220703125,0.0158213731102137,-0.02446468241677202
2023-04-04,2038.199951171875,28168.08984375,0.018719868688759966,0.013505585874638015
2023-04-05,2035.5999755859373,28177.984375,-0.0012764377169682817,0.000351205704706814
2023-04-06,2026.4000244140625,28044.140625,-0.004529771985668063,-0.004761257346579839
2023-04-10,2003.800048828125,29652.98046875,-0.011215429542536626,0.05578292232966042
2023-04-11,2019.0,30235.05859375,0.0075569371199115665,0.01943948956433239
2023-04-12,2024.9000244140625,30139.052734375,0.0029179893493083142,-0.0031803678161335114
2023-04-13,2055.300048828125,30399.06640625,0.014901517771993333,0.00859013376828166
2023-04-14,2015.800048828125,30485.69921875,-0.019405683290659503,0.002845797962017116
2023-04-17,2007.0,29445.044921875,-0.004375093347142034,-0.03473205356672793
2023-04-18,2019.699951171875,30397.552734375,0.006307891542074451,0.03183646099781612
2023-04-19,2007.300048828125,28822.6796875,-0.006158401556256798,-0.05319953662867327
2023-04-20,2019.0999755859373,28245.98828125,0.005861295682615619,-0.02021112661928015
2023-04-21,1990.5,27276.91015625,-0.014265992024399488,-0.03491087727171305
2023-04-24,1999.800048828125,27525.33984375,0.004661336517880699,0.009066466769448667
2023-04-25,2004.5,28307.59765625,0.0023474531243090624,0.02802320777395373
2023-04-26,1996.0,28422.701171875,-0.004249475211151932,0.004057925868579559
2023-04-27,1999.0,29473.787109375,0.0015018776289901226,0.036313132862295205
2023-04-28,1999.0999755859373,29340.26171875,5.001154877071201e-05,-0.004540602889752776
2023-05-01,1992.199951171875,28091.568359375,-0.003457535847755544,-0.04349121994990135
2023-05-02,2023.300048828125,28680.537109375,0.015490334716647958,0.02074927029112139
2023-05-03,2037.0,29006.30859375,0.006748271308742559,0.011294600825028311
2023-05-04,2055.699951171875,28847.7109375,0.009138261552267934,-0.005482697825375027
2023-05-05,2024.800048828125,29534.384765625,-0.0151454444331236,0.023524523635352068
2023-05-08,2033.199951171875,27694.2734375,0.004139928211390753,-0.06432951314172897
2023-05-09,2042.9000244140625,27658.775390625,0.0047594963869563855,-0.0012826051136460848
2023-05-10,2037.0999755859373,27621.755859375,-0.002843163105500146,-0.0013393336115541388
2023-05-11,2020.5,27000.7890625,-0.008182210320268446,-0.022737627872803756
2023-05-12,2019.800048828125,26804.990234375,-0.0003464847513390268,-0.0072780171559241325
2023-05-15,2022.699951171875,27192.693359375,0.0014347076517875479,0.014360237763412442
2023-05-16,1993.0,27036.650390625,-0.014792187206182028,-0.005754943306691018
2023-05-17,1984.9000244140625,27398.802734375,-0.004072493894367035,0.013305949198469946
2023-05-18,1959.800048828125,26832.208984375,-0.012726095201858634,-0.020896322938492418
2023-05-19,1981.5999755859373,26890.12890625,0.011062134738201834,0.002156270430170082
2023-05-22,1977.199951171875,26851.27734375,-0.002222909117559624,-0.001445870957960338
2023-05-23,1974.5,27225.7265625,-0.0013664760105074336,0.013848962643425722
2023-05-24,1964.5999755859373,26334.818359375,-0.005026551912924226,-0.033270400187896954
2023-05-25,1943.699951171875,26476.20703125,-0.010695301810983437,0.005354526205138654
2023-05-26,1944.300048828125,26719.291015625,0.0003086922124557745,0.009139332662057242
2023-05-30,1958.0,27702.349609375,0.007021503875203727,0.03613141856908264
2023-05-31,1963.9000244140625,27219.658203125,0.0030087604621398256,-0.017577792723265873
2023-06-01,1995.5,26819.97265625,0.015962340936193087,-0.014792581991187603
2023-06-02,1969.5999755859373,27249.58984375,-0.013064181454041979,0.01589161106579695
2023-06-05,1974.300048828125,25760.09765625,0.0023834658273029774,-0.056211777158011955
2023-06-06,1981.5,27238.783203125,0.003640203768440209,0.0558151185623359
2023-06-07,1958.4000244140625,26345.998046875,-0.011726307846151585,-0.03332542412080919
2023-06-08,1978.5999755859373,26508.216796875,0.010261685765724948,0.006138366063705547
2023-06-09,1977.199951171875,26480.375,-0.000707833812851888,-0.0010508601377399174
2023-06-12,1969.699951171875,25902.5,-0.003800455655188273,-0.022064403456182546
2023-06-13,1958.5999755859373,25918.728515625,-0.005651302260386792,0.000626326955973866
2023-06-14,1968.9000244140625,25124.67578125,0.0052451037259997335,-0.03111535403261989
2023-06-15,1970.699951171875,25576.39453125,0.0009137612418541607,0.017819375410116578
2023-06-16,1971.199951171875,26327.462890625,0.00025368477894893715,0.028942773265370647
2023-06-20,1947.699951171875,28327.48828125,-0.011993305402218546,0.07322003984177528
2023-06-21,1944.9000244140625,30027.296875,-0.001438589764298115,0.058274213206820136
2023-06-22,1923.699951171875,29912.28125,-0.010960184872188528,-0.0038377235796946962
2023-06-23,1929.5999755859373,30695.46875,0.0030623253507364723,0.025845905768154154
2023-06-26,1933.800048828125,30271.130859375,0.0021742894188081507,-0.013920564563099092
2023-06-27,1923.800048828125,30688.1640625,-0.005184582199682097,0.013682563415242655
2023-06-28,1922.199951171875,30086.24609375,-0.0008320841126208123,-0.019808917913037405
2023-06-29,1917.9000244140625,30445.3515625,-0.002239487816604324,0.01186519753773041
2023-06-30,1929.4000244140625,30477.251953125,0.0059782362197893235,0.0010472432791654995
2023-07-03,1929.5,31156.439453125,5.181558751310433e-05,0.02204038015018206
2023-07-05,1927.0999755859373,30514.166015625,-0.0012446324426083066,-0.020829912571736386
2023-07-06,1915.4000244140625,29909.337890625,-0.006089778701351634,-0.020020299639947226
2023-07-07,1932.5,30342.265625,0.008888010627863707,0.014370909980298663
2023-07-10,1931.0,30414.470703125,-0.0007764980330629001,0.002376859472120074
2023-07-11,1937.0999755859373,30620.951171875,0.003153993268607991,0.006765948365584862
2023-07-12,1961.699951171875,30391.646484375,0.01261942264749738,-0.0075166695389672356
2023-07-13,1963.800048828125,31476.048828125,0.001069977254672061,0.03505911799946482
2023-07-14,1964.4000244140625,30334.068359375,0.0003054709940517597,-0.036955452769761976
2023-07-17,1956.4000244140625,30145.888671875,-0.004080805449066638,-0.006222897766457791
2023-07-18,1980.800048828125,29856.5625,0.01239476599670919,-0.009643886494909992
2023-07-19,1980.800048828125,29913.923828125,0.0,0.0019193869502824867
2023-07-20,1970.9000244140625,29792.015625,-0.005010524555271623,-0.0040836263076453605
2023-07-21,1966.5999755859373,29908.744140625,-0.002184152654010063,0.003910458253166382
2023-07-24,1962.199951171875,29176.916015625,-0.002239883086791572,-0.024773034600597654
2023-07-25,1963.699951171875,29227.390625,0.0007641560459026309,0.001728455480240143
2023-07-26,1970.0999755859373,29354.97265625,0.0032538665819243917,0.0043556533334641045
2023-07-27,1945.699951171875,29210.689453125,-0.012462506090813008,-0.0049272385842940025
2023-07-28,1960.4000244140625,29319.24609375,0.007526762107078255,0.0037094442045351173
2023-07-31,1970.5,29230.111328125,0.0051387711460533225,-0.0030447758408094217
2023-08-01,1978.800048828125,29675.732421875,0.004203307394118561,0.015130233826088357
2023-08-02,1975.0,29151.958984375,-0.0019222266939546984,-0.017807507516909737
2023-08-03,1968.800048828125,29178.6796875,-0.00314415345741903,0.0009161807791748799
2023-08-04,1976.0999755859373,29074.091796875,0.00370094808228405,-0.0035908335462959684
2023-08-07,1970.0,29180.578125,-0.0030916502280531333,0.0036558939179265337
2023-08-08,1959.9000244140625,29765.4921875,-0.0051400787604301,0.01984638697905261
2023-08-09,1950.5999755859373,29561.494140625,-0.0047564589498705345,-0.006877101417060771
2023-08-10,1948.9000244140625,29429.591796875,-0.0008718816666570817,-0.004471948989328567
2023-08-11,1946.5999755859373,29397.71484375,-0.0011808749045831846,-0.0010837469218056839
2023-08-14,1944.0,29408.443359375,-0.0013365424301090556,0.00036487728740830505
2023-08-15,1935.199951171875,29170.34765625,-0.00453705095613266,-0.00812912011875433
2023-08-16,1928.300048828125,28701.779296875,-0.003571844016842185,-0.016193584838703146
2023-08-17,1915.199951171875,26664.55078125,-0.006816780738754247,-0.07362412009606345
2023-08-18,1916.5,26049.556640625,0.0006785755119542713,-0.02333424865381062
2023-08-21,1923.0,26124.140625,0.003385860768170268,0.002859066506291086
2023-08-22,1926.0,26031.65625,0.0015588467692913,-0.0035464695192519713
2023-08-23,1948.0999755859373,26431.640625,0.011409212696843696,0.015248455549160767
2023-08-24,1947.0999755859373,26162.373046875,-0.0005134524720187272,-0.010239565761125391
2023-08-25,1939.9000244140625,26047.66796875,-0.003704635660619182,-0.004393992436940053
2023-08-28,1946.800048828125,26106.150390625,0.0035505861182452136,0.002242690879668885
2023-08-29,1965.0999755859373,27727.392578125,0.00935609812937166,0.06024989257085167
2023-08-30,1973.0,27297.265625,0.004012104852721521,-0.015634289371323717
2023-08-31,1965.9000244140625,25931.47265625,-0.003605058890283175,-0.05132914544958922
2023-09-01,1967.0999755859373,25800.724609375,0.0006101963941560484,-0.005054814300672561
2023-09-05,1952.5999755859373,25779.982421875,-0.007398559238278146,-0.0008042615082999305
2023-09-06,1944.199951171875,25753.236328125,-0.004311249016006435,-0.0010380138015939622
2023-09-07,1942.5,26240.1953125,-0.0008747530304011875,0.018732105501950258
2023-09-08,1942.699951171875,25905.654296875,0.00010292966877578635,-0.012831149860508262
2023-09-11,1947.199951171875,25162.654296875,0.0023136852466132396,-0.029100334535417716
2023-09-12,1935.0999755859373,25833.34375,-0.006233426058524394,0.026305127952918284
2023-09-13,1932.5,26228.32421875,-0.0013444906370896348,0.015173852958685785
2023-09-14,1932.800048828125,26539.673828125,0.0001552525418135886,0.011800835130971521
2023-09-15,1946.199951171875,26608.693359375,0.0069089742955421585,0.00259724140931894
2023-09-18,1953.4000244140625,26754.28125,0.00369272821268396,0.00545652684898279
2023-09-19,1953.699951171875,27211.1171875,0.000153529093330107,0.016931102662432806
2023-09-20,1967.0999755859373,27132.0078125,0.006835378921540958,-0.0029114788993922502
2023-09-21,1939.5999755859373,26567.6328125,-0.014078610882454434,-0.02102046771669741
2023-09-22,1945.5999755859373,26579.568359375,0.00308864657946728,0.0004491505408559249
2023-09-25,1936.5999755859373,26298.48046875,-0.00463655465273316,-0.010631653191115475
2023-09-26,1919.800048828125,26217.25,-0.008712806207367585,-0.0030935695955243148
2023-09-27,1890.9000244140625,26352.716796875,-0.015168120264880791,0.00515378285278878
2023-09-28,1878.5999755859373,27021.546875,-0.0065261135339858,0.025063206234960944
2023-09-29,1866.0999755859373,26911.720703125,-0.006676127108041996,-0.004072674570299029
2023-10-02,1847.199951171875,27530.78515625,-0.010179725849795318,0.02274293318855314
2023-10-03,1841.5,27429.978515625,-0.0030904957215760476,-0.003668317065944393
2023-10-04,1834.800048828125,27799.39453125,-0.003644946549870909,0.01337771930248266
2023-10-05,1831.800048828125,27415.912109375,-0.0016363937105463577,-0.013890662255843012
2023-10-06,1845.199951171875,27946.59765625,0.007288529596721993,0.019171883788155597
2023-10-09,1864.300048828125,27583.677734375,0.010298027471121074,-0.013071251190806876
2023-10-10,1875.300048828125,27391.01953125,0.0058829989508302205,-0.007009006012591357
2023-10-11,1887.300048828125,26873.3203125,0.006378589472663343,-0.019081220842270596
2023-10-12,1883.0,26756.798828125,-0.0022810124588872327,-0.00434538164717857
2023-10-13,1941.5,26862.375,0.030594620514569293,0.003938005783231446
2023-10-16,1934.300048828125,28519.466796875,-0.0037153410203654147,0.059860290978907216
2023-10-17,1935.699951171875,28415.748046875,0.0007234637750954676,-0.0036433994327751407
2023-10-18,1968.300048828125,28328.341796875,0.01670125789974719,-0.003080719749686267
2023-10-19,1980.5,28719.806640625,0.006179087235771874,0.013724231161472034
2023-10-20,1994.4000244140625,29682.94921875,0.006993927388683652,0.032985768982552344
2023-10-23,1987.800048828125,33086.234375,-0.0033147413528471503,0.10854453540047437
2023-10-24,1986.0999755859373,33901.52734375,-0.0008556195855256021,0.02434275178777412
2023-10-25,1994.9000244140625,34502.8203125,0.004421031480322135,0.017581001125126505
2023-10-26,1997.4000244140625,34156.6484375,0.0012524110393510313,-0.010083818433932024
2023-10-27,1998.5,33909.80078125,0.0005505521194235641,-0.007253169256571823
2023-10-30,2005.5999755859373,34502.36328125,0.003546356519757765,0.017323741403016513
2023-10-31,1994.300048828125,34667.78125,-0.005650119628119121,0.004782938801692893
2023-11-01,1987.5,35437.25390625,-0.003415568514530065,0.021952875620689483
2023-11-02,1993.5,34938.2421875,0.003014320292922257,-0.014181643038138958
2023-11-03,1999.199951171875,34732.32421875,0.0028551882755012414,-0.005911206955145687
2023-11-06,1988.5999755859373,35037.37109375,-0.005316214827947974,0.008744450364181588
2023-11-07,1973.5,35443.5625,-0.007622245166061248,0.011526405303600384
2023-11-08,1957.800048828125,35655.27734375,-0.00798719733526898,0.0059555252934746505
2023-11-09,1969.800048828125,36693.125,0.006110620756335727,0.02869223982446556
2023-11-10,1937.699951171875,37313.96875,-0.016430362016443212,0.016778346050335458
2023-11-13,1950.199951171875,36502.35546875,0.0064302288559972,-0.021990961965519418
2023-11-14,1966.5,35537.640625,0.008323406508342401,-0.02678435783979438
2023-11-15,1964.300048828125,37880.58203125,-0.001119340273860736,0.0638461992762771
2023-11-16,1987.300048828125,36154.76953125,0.011640985506317314,-0.046629756190665006
2023-11-17,1984.699951171875,36596.68359375,-0.0013092135083780931,0.012148746966680335
2023-11-20,1980.300048828125,37476.95703125,-0.002219371576175355,0.023768640830834187
2023-11-21,2001.5999755859373,35813.8125,0.010698475495605209,-0.04539262192194826
2023-11-22,1992.800048828125,37432.33984375,-0.0044061390651322085,0.044201389467836805
2023-11-23,1993.300048828125,37289.62109375,0.0002508717746039224,-0.0038199994154339834
2023-11-24,2003.0,37720.28125,0.004854475440973616,0.01148288092363181
2023-11-27,2012.4000244140625,37254.16796875,0.004681995083159585,-0.012434083649411676
2023-11-28,2040.0,37831.0859375,0.013621756089284176,0.015367313611232447
2023-11-29,2047.0999755859373,37858.4921875,0.003474337682143336,0.0007241750284947557
2023-11-30,2038.0999755859373,37712.74609375,-0.004406156206906431,-0.003857188998471983
2023-12-01,2089.699951171875,38688.75,0.025002502306460173,0.02555073011462916
2023-12-04,2042.199951171875,41980.09765625,-0.022992857408092426,0.08164678054577301
2023-12-05,2036.300048828125,44080.6484375,-0.0028931746765508137,0.048825234559730646
2023-12-06,2047.9000244140625,43746.4453125,0.005680430228461653,-0.007610515703399656
2023-12-07,2046.4000244140625,43292.6640625,-0.0007327260089500243,-0.010427160036986294
2023-12-08,2014.5,44166.6015625,-0.015711138123425172,0.019985683234800433
2023-12-11,1993.699951171875,41243.83203125,-0.010378841273831263,-0.0684673076151423
2023-12-12,1993.199951171875,41450.22265625,-0.00025082144767551995,0.004991678164291358
2023-12-13,1997.300048828125,42890.7421875,0.002054930008296374,0.034162749571038376
2023-12-14,2044.9000244140625,43023.97265625,0.023552607546577953,0.003101461159202401
2023-12-15,2035.699951171875,41929.7578125,-0.0045091843776834395,-0.0257616788095838
2023-12-18,2040.5,42623.5390625,0.0023551597587738726,0.016410875652475454
2023-12-19,2052.10009765625,42270.52734375,0.0056688307893031364,-0.008316570718614358
2023-12-20,2047.699951171875,43652.25,-0.002146518425999666,0.03216473724475044
2023-12-21,2051.300048828125,43869.15234375,0.001756574082429907,0.004956565640048538
2023-12-22,2069.10009765625,43997.90234375,0.008640015011213364,0.0029305657871940838
2023-12-26,2069.800048828125,42520.40234375,0.0003382305220105408,-0.03415794288831542
2023-12-27,2093.10009765625,43442.85546875,0.011194259444756938,0.02146239120433968
2023-12-28,2083.5,42627.85546875,-0.004597095407066654,-0.01893848326303349
2023-12-29,2071.800048828125,42099.40234375,-0.005631353670533912,-0.012474379352008569
2024-01-02,2073.39990234375,44957.96875,0.0007719065974658434,0.06569448103966913
2024-01-03,2042.800048828125,42848.17578125,-0.01486828511340299,-0.04806495357875562
2024-01-04,2050.0,44179.921875,0.003518353456416712,0.03060735771828682
2024-01-05,2049.800048828125,44162.69140625,-9.754191406941004e-05,-0.0003900828451524063
2024-01-08,2033.5,46970.50390625,-0.007983804871105171,0.06163948142758713
2024-01-09,2033.0,46139.73046875,-0.00024591171893195707,-0.017845417106437722
2024-01-10,2027.800048828125,46627.77734375,-0.0025610490305085776,0.010522032751948629
2024-01-11,2019.199951171875,46368.5859375,-0.004250116432860551,-0.005574241147522585
2024-01-12,2051.60009765625,42853.16796875,0.015918654950178635,-0.07884262883299442
2024-01-16,2030.199951171875,43154.9453125,-0.010485737815719709,0.007017444532682049
2024-01-17,2006.5,42742.65234375,-0.011742375592465493,-0.009599712825862028
2024-01-18,2021.5999755859373,41262.05859375,0.007497354290409319,-0.03525390600437994
2024-01-19,2029.300048828125,41618.40625,0.0038016650471028868,0.008599127738074586
2024-01-22,2022.199951171875,39507.3671875,-0.003504926533226538,-0.05205536175226655
2024-01-23,2025.800048828125,39845.55078125,0.0017787048445718767,0.008523584257922323
2024-01-24,2016.0,40077.07421875,-0.004849358164569217,0.005793705727986875
2024-01-25,2017.800048828125,39933.80859375,0.0008924829817136271,-0.0035811572894939303
2024-01-26,2017.300048828125,41816.87109375,-0.00024782532797651413,0.04607657449481728
2024-01-29,2025.4000244140625,43288.24609375,0.004007216107133615,0.03458127257500365
2024-01-30,2031.5,42952.609375,0.0030072124756514995,-0.007783744989936281
2024-01-31,2048.39990234375,42582.60546875,0.008284516486208204,-0.008651552809046947
2024-02-01,2071.10009765625,43075.7734375,0.011020961319990086,0.011514890294240132
2024-02-02,2053.699951171875,43185.859375,-0.008436893663618328,0.0025523745302447054
2024-02-05,2042.9000244140625,42658.66796875,-0.005272641626064889,-0.012282624189248637
2024-02-06,2051.39990234375,43084.671875,0.004152060324328133,0.009936804708699398
2024-02-07,2051.699951171875,44318.22265625,0.00014625470467244384,0.028228646210280317
2024-02-08,2047.9000244140625,45301.56640625,-0.0018538042095199714,0.021945671282114887
2024-02-09,2038.699951171875,47147.19921875,-0.004502563911302104,0.039932995408412
2024-02-12,2033.0,49958.22265625,-0.002799791224128434,0.05791250348529964
2024-02-13,2007.199951171875,49742.44140625,-0.012771842902622232,-0.0043285887601172135
2024-02-14,2004.300048828125,51826.6953125,-0.0014457947644990199,0.04104684951040838
2024-02-15,2014.9000244140625,51938.5546875,0.005274681513256496,0.002156009229107525
2024-02-16,2024.0999755859373,52160.203125,0.004555566765318986,0.004258432609761442
2024-02-20,2039.800048828125,52284.875,0.007726642514318982,0.002387320426199935
2024-02-21,2034.300048828125,51839.1796875,-0.0026999843937929313,-0.008560904315229934
2024-02-22,2030.699951171875,51304.97265625,-0.0017712662226276876,-0.010358547640015203
2024-02-23,2049.39990234375,50731.94921875,0.009166482576775437,-0.011231806115512555
2024-02-26,2038.9000244140625,54522.40234375,-0.005136561017412333,0.07205579515539995
2024-02-27,2044.0999755859373,57085.37109375,0.0025471241651953136,0.04593621644047374
2024-02-28,2042.699951171875,62504.7890625,-0.0006851446089459756,0.09069529297704193
2024-02-29,2054.699951171875,61198.3828125,0.005857389854543094,-0.021122414270019263
2024-03-01,2095.699951171875,62440.6328125,0.01975777501884579,0.02009546578842425
2024-03-04,2126.300048828125,68330.4140625,0.014495799849846946,0.09013873819592888
2024-03-05,2141.89990234375,63801.19921875,0.007309837007266395,-0.06858298181492017
2024-03-06,2158.199951171875,66106.8046875,0.007581278321351803,0.0354997002008659
2024-03-07,2165.199951171875,66925.484375,0.0032381950663333825,0.012308140052516237
2024-03-08,2185.5,68300.09375,0.009331921931869935,0.02033131223698703
2024-03-11,2188.60009765625,72123.90625,0.0014174793013914666,0.05447442087197274
2024-03-12,2166.10009765625,71481.2890625,-0.010333753973922555,-0.008949836049348292
2024-03-13,2180.800048828125,73083.5,0.0067634437014358895,0.022166899064075096
2024-03-14,2167.5,71396.59375,-0.006117374677577558,-0.023352461458381768
2024-03-15,2161.5,69403.7734375,-0.0027720045470100985,-0.028308923292000188
2024-03-18,2164.300048828125,67548.59375,0.001294580973497439,-0.027093992056055782
2024-03-19,2159.699951171875,61912.7734375,-0.002127705546571157,-0.08712073185700753
2024-03-20,2161.0,67913.671875,0.0006017769722728161,0.0925108529687737
2024-03-21,2184.699951171875,65491.390625,0.010907419475124414,-0.03631867422621404
2024-03-22,2160.0,63778.76171875,-0.011370275303799637,-0.026498446652158947
2024-03-25,2176.39990234375,69958.8125,0.007563869063015538,0.09248642951095931
2024-03-26,2177.199951171875,69987.8359375,0.00036753439179104674,0.00041477860656335963
2024-03-27,2190.60009765625,69455.34375,0.006135898336309786,-0.007637444542950789
2024-03-28,2217.39990234375,70744.953125,0.01215977082804276,0.018397189971880223
2024-04-01,2257.10009765625,69702.1484375,0.017745552406589482,-0.014850058697842172
2024-04-02,2281.800048828125,65446.97265625,0.0108837798572603,-0.06299090436988486
2024-04-03,2315.0,65980.8125,0.014445060959115352,0.008123743073319645
2024-04-04,2308.5,68508.84375,-0.002811724573290597,0.03759886271186197
2024-04-05,2345.39990234375,67837.640625,0.01585795844256488,-0.009845630418288565
2024-04-08,2351.0,71631.359375,0.0023848481504602503,0.054415745823211736
2024-04-09,2362.39990234375,69139.015625,0.00483724055191459,-0.03541376120378814
2024-04-10,2348.39990234375,70587.8828125,-0.0059438064861172535,0.020739301242535646
2024-04-11,2372.699951171875,70060.609375,0.010294323008475104,-0.007497782584511725
2024-04-12,2374.10009765625,67195.8671875,0.0005899328012883842,-0.04174897018143575
2024-04-15,2383.0,63426.2109375,0.003741738683111784,-0.05773454771678388
2024-04-16,2407.800048828125,63811.86328125,0.010353289681328981,0.006061920177229396
2024-04-17,2388.39990234375,61276.69140625,-0.008089842994962737,-0.040539585349945284
2024-04-18,2398.0,63512.75390625,0.004011411802351539,0.035841202086146495
2024-04-19,2413.800048828125,63843.5703125,0.006567232825074321,0.005195142876912584
2024-04-22,2346.39990234375,66837.6796875,-0.02832009236890176,0.04583111116921401
2024-04-23,2342.10009765625,66407.2734375,-0.0018341925532574521,-0.00646039848991542
2024-04-24,2338.39990234375,64276.8984375,-0.0015811114553345718,-0.03260630131627096
2024-04-25,2342.5,64481.70703125,0.0017518420775370913,0.0031812827691908296
2024-04-26,2347.199951171875,63755.3203125,0.0020043724734284396,-0.01132893521901579
2024-04-29,2357.699951171875,63841.12109375,0.004463439244165812,0.0013448775410456193
2024-04-30,2302.89990234375,60636.85546875,-0.02351739098197303,-0.05149462971654195
2024-05-01,2311.0,58254.01171875,0.003511175426182511,-0.04008992348065732
2024-05-02,2309.60009765625,59123.43359375,-0.0006059396429014541,0.014814392549697075
2024-05-03,2308.60009765625,62889.8359375,-0.00043306914959817533,0.061757206498247896
2024-05-06,2331.199951171875,63161.94921875,0.009741813013569356,0.004317490682289815
2024-05-07,2324.199951171875,62334.81640625,-0.003007262715250647,-0.013181929995647934
2024-05-08,2322.300048828125,61187.94140625,-0.0008177778756612852,-0.018569986258492932
2024-05-09,2340.300048828125,63049.9609375,0.007721052221883795,0.029977308604179242
2024-05-10,2375.0,60792.77734375,0.014718290342319307,-0.03645645463548952
2024-05-13,2343.0,62901.44921875,-0.013565277960946531,0.034098215257428066
2024-05-14,2359.89990234375,61552.7890625,0.007187044351227634,-0.02167403811158053
2024-05-15,2394.89990234375,66267.4921875,0.014722231684084264,0.07380429766149987
2024-05-16,2385.5,65231.58203125,-0.0039326895869455925,-0.01575572439715245
2024-05-17,2417.39990234375,67051.875,0.013283796071969611,0.02752283490504759
2024-05-20,2438.5,71448.1953125,0.00869055412197639,0.06350607246678841
2024-05-21,2425.89990234375,70136.53125,-0.005180546866779601,-0.0185288571822948
2024-05-22,2392.89990234375,69122.3359375,-0.013696570608894731,-0.014565869510185792
2024-05-23,2337.199951171875,67929.5625,-0.023552367885869785,-0.017406596587758116
2024-05-24,2334.5,68526.1015625,-0.001155875377572002,0.00874339466804841
2024-05-28,2356.5,68296.21875,0.009379731952794401,-0.003360314724806912
2024-05-29,2341.199951171875,67578.09375,-0.0065138698027444875,-0.01057052909384737
2024-05-30,2342.89990234375,68364.9921875,0.0007258390297684159,0.011577009906272195
2024-05-31,2322.89990234375,67491.4140625,-0.008573073570683043,-0.012860492770807141
2024-06-03,2369.300048828125,68804.78125,0.019778210440975386,0.019272846723508152
2024-06-04,2347.39990234375,70567.765625,-0.009286282396957724,0.025300225248924946
2024-06-05,2375.5,71082.8203125,0.01189965056283171,0.007272217816602478
2024-06-06,2390.89990234375,70757.1640625,0.006461881606936615,-0.0045918902720174515
2024-06-07,2325.0,69342.5859375,-0.027949784212456308,-0.020194557079891595
2024-06-10,2327.0,69512.28125,0.0008598452808357138,0.0024442124416612643
2024-06-11,2326.60009765625,67332.03125,-0.00017186794582357834,-0.03186737491787994
2024-06-12,2354.800048828125,68241.1875,0.012047802533209584,0.013412234174300153
2024-06-13,2318.0,66756.3984375,-0.0157510739899811,-0.021998155421160348
2024-06-14,2349.10009765625,66011.09375,0.013327572731793857,-0.01122733440538859
2024-06-17,2329.0,66490.296875,-0.008593326747149632,0.007233210338952745
2024-06-18,2346.89990234375,65140.74609375,0.007656275864060369,-0.020505771883152946
2024-06-20,2369.0,64828.65625,0.009372658410383927,-0.00480252179303875
2024-06-21,2331.199951171875,64096.19921875,-0.01608478966333493,-0.011362664075990736
2024-06-24,2344.39990234375,60277.4140625,0.005646328451708094,-0.06142759353533478
2024-06-25,2330.800048828125,61804.640625,-0.005817886729155397,0.025020978589857634
2024-06-26,2313.199951171875,60811.27734375,-0.0075797510424155945,-0.016203198264060248
2024-06-27,2336.60009765625,61604.80078125,0.01006509690162627,0.01296454786345791
2024-06-28,2339.60009765625,60320.13671875,0.0012830932322307476,-0.02107381200861269
2024-07-01,2338.89990234375,62851.98046875,-0.00029932470566507163,0.041116455323322754
2024-07-02,2333.39990234375,62029.015625,-0.002354302065506353,-0.013180176056291515
2024-07-03,2369.39990234375,60173.921875,0.015310327766781207,-0.03036320250661717
2024-07-05,2397.699951171875,56662.375,0.011873206838102668,-0.06012865679510071
2024-07-08,2363.5,56705.09765625,-0.014366352909866542,0.0007537022264223481
2024-07-09,2367.89990234375,58009.2265625,0.0018598739074624504,0.022737964112149456
2024-07-10,2379.699951171875,57742.49609375,0.004970963640971604,-0.004608673369846272
2024-07-11,2421.89990234375,57344.9140625,0.01757790696518935,-0.006909245978269141
2024-07-12,2420.699951171875,57899.46484375,-0.0004955813954206079,0.00962398455810387
2024-07-15,2428.89990234375,64870.15234375,0.003381705391811707,0.11367947390056798
2024-07-16,2467.800048828125,65097.1484375,0.01588864550722313,0.0034931297826741314
2024-07-17,2459.89990234375,64118.79296875,-0.0032064262561508627,-0.015143242454824346
2024-07-18,2456.39990234375,63974.06640625,-0.00142383529497625,-0.002259714160352644
2024-07-19,2399.10009765625,66710.15625,-0.023603115988079182,0.041879420109635745
2024-07-22,2394.699951171875,67585.25,-0.0018357660625296646,0.013032555028363646
2024-07-23,2407.300048828125,65927.671875,0.005247866128097911,-0.024831503546284495
2024-07-24,2415.699951171875,65372.1328125,0.003483272169553686,-0.008462196557577073
2024-07-25,2353.5,65777.2265625,-0.026085498105246963,0.006177613679945182
2024-07-26,2381.0,67912.0625,0.0116169856456656,0.03193999219319821
2024-07-29,2377.800048828125,66819.9140625,-0.0013448565274174484,-0.016212518920553975
2024-07-30,2405.0,66201.015625,0.011374192580416498,-0.009305346230673806
2024-07-31,2426.5,64619.25,0.008899986305409335,-0.024183450577487164
2024-08-01,2480.800048828125,65357.5,0.022131218623378857,0.011359846111043126
2024-08-02,2469.800048828125,61415.06640625,-0.004443913014855916,-0.06221701386487055
2024-08-05,2444.39990234375,53991.45703125,-0.010337541384044968,-0.12882935533749595
2024-08-06,2431.60009765625,56034.31640625,-0.005250137033868896,0.03713846509911711
2024-08-07,2432.39990234375,55027.4609375,0.00032886706196944004,-0.018131945621423284
2024-08-08,2463.300048828125,61710.13671875,0.012623550107243808,0.11461585743295721
2024-08-09,2473.39990234375,60880.11328125,0.004091748620267843,-0.013541633552666354
2024-08-12,2504.0,59354.515625,0.012295770394628036,-0.0253783714532112
2024-08-13,2507.800048828125,60609.56640625,0.0015164410069505863,0.02092453927711624
2024-08-14,2479.699951171875,58737.26953125,-0.011268328818177409,-0.03137830139166553
2024-08-15,2492.39990234375,57560.09765625,0.005108497079691965,-0.02024486209713494
2024-08-16,2537.800048828125,58894.10546875,0.018051520714696068,0.02291143010134178
2024-08-19,2541.300048828125,59493.453125,0.001378197116301827,0.010125266266797439
2024-08-20,2550.60009765625,59012.79296875,0.003652883560905984,-0.008112024604757906
2024-08-21,2547.5,61175.19140625,-0.0012161777834780452,0.03598748777475258
2024-08-22,2516.699951171875,60381.9140625,-0.01216398597816859,-0.013052114105544632
2024-08-23,2546.300048828125,64094.35546875,0.011692844126281798,0.059666677789925515
2024-08-26,2555.199951171875,62880.66015625,0.0034891351064381126,-0.01911765510550545
2024-08-27,2552.89990234375,59504.1328125,-0.0009005497345491165,-0.055192877560907405
2024-08-28,2537.800048828125,59027.625,-0.00593234641373197,-0.008040214509268395
2024-08-29,2560.300048828125,59388.1796875,0.008826874975790489,0.006089656742739535
2024-08-30,2527.60009765625,59119.4765625,-0.012854183643682404,-0.004534788620027541
2024-09-03,2523.0,57431.0234375,-0.0018216048942010232,-0.028975787461359204
2024-09-04,2526.0,57971.5390625,0.0011883542693791327,0.009367548966837447
2024-09-05,2543.10009765625,56160.48828125,0.006746823772507682,-0.031738730145491445
2024-09-06,2524.60009765625,53948.75390625,-0.007301174682313061,-0.04017885990553971
2024-09-09,2532.699951171875,57019.53515625,0.0032032350713926405,0.0553593369173182
2024-09-10,2543.10009765625,57648.7109375,0.00409793961092042,0.010973955159395032
2024-09-11,2542.39990234375,57343.171875,-0.0002753693115415956,-0.005314110423380924
2024-09-12,2580.60009765625,58127.01171875,0.014913489488801446,0.013576697629400059
2024-09-13,2610.699951171875,60571.30078125,0.011596398028188126,0.04119072290725079
2024-09-16,2608.89990234375,58192.5078125,-0.0006897267798304796,-0.040064581724141846
2024-09-17,2592.39990234375,60308.5390625,-0.0063445892252103064,0.035717088660708995
2024-09-18,2598.60009765625,61649.6796875,0.0023888261456157522,0.021994330568393394
2024-09-19,2614.60009765625,62940.45703125,0.006138283449151238,0.020721119053916937
2024-09-20,2646.199951171875,63192.9765625,0.012013470678025051,0.004004011647404937
2024-09-23,2652.5,63329.80078125,0.002377961331994527,0.0021628401614286474
2024-09-24,2677.0,64301.96875,0.009194173032214259,0.015234244172185996
2024-09-25,2684.699951171875,63143.14453125,0.0028722071490161483,-0.018185964558888656
2024-09-26,2694.89990234375,65181.01953125,0.003792089996471404,0.03176403065562461
2024-09-27,2668.10009765625,65790.6640625,-0.009994416471940326,0.009309629648678097
2024-09-30,2659.39990234375,63329.5,-0.0032661484924538797,-0.0381266893714205
2024-10-01,2690.300048828125,60837.0078125,0.011552232989346045,-0.040152970417249634
2024-10-02,2669.699951171875,60632.78515625,-0.007686641449607734,-0.0033625289659386937
2024-10-03,2679.199951171875,60759.40234375,0.0035521360139210145,0.002086085373775859
2024-10-04,2667.800048828125,62067.4765625,-0.00426404324539309,0.021300283559387623
2024-10-07,2666.0,62236.66015625,-0.0006749592710582064,0.0027220928069464634
2024-10-08,2635.39990234375,62131.96875,-0.01154428568307253,-0.0016835665376202513
2024-10-09,2626.0,60582.1015625,-0.0035731601928397083,-0.025261155468463414
2024-10-10,2639.300048828125,60274.5,0.005051973103998186,-0.005090366975952776
2024-10-11,2676.300048828125,62445.08984375,0.013921512865746166,0.035378479360446136
2024-10-14,2665.60009765625,66046.125,-0.0040060522242146845,0.056065753491189696
2024-10-15,2678.89990234375,67041.109375,0.004977016424836833,0.01495264242203831
2024-10-16,2691.300048828125,67612.71875,0.0046181403431910795,0.008490108547450248
2024-10-17,2707.5,67399.8359375,0.006001333498846684,-0.0031535287872266338
2024-10-18,2730.0,68418.7890625,0.008275909303860018,0.015004897049664123
2024-10-21,2738.89990234375,67367.8515625,0.0032547350872320635,-0.01547955646089072
2024-10-22,2759.800048828125,67361.40625,0.007601886743848318,-9.567799317800052e-05
2024-10-23,2729.39990234375,66432.1953125,-0.011076461985457087,-0.013890438213698175
2024-10-24,2748.89990234375,68161.0546875,0.007119027089073526,0.025691547967452877
2024-10-25,2754.60009765625,66642.4140625,0.0020714808215904768,-0.02253213347279548
2024-10-28,2755.89990234375,69907.7578125,0.0004717556343729612,0.047835404893373124
2024-10-29,2781.10009765625,72720.4921875,0.00910253542045325,0.039446590577762564
2024-10-30,2800.800048828125,72339.5390625,0.007058540083971998,-0.00525236341818669
2024-10-31,2749.300048828125,70215.1875,-0.018558756510009822,-0.02980622089692453
2024-11-01,2749.199951171875,69482.46875,-3.640907748003741e-05,-0.010490161236779372
2024-11-04,2746.199951171875,67811.5078125,-0.001091822379200913,-0.024342560258043378
2024-11-05,2749.699951171875,69359.5625,0.001273676935660717,0.022572112490930607
2024-11-06,2676.300048828125,75639.078125,-0.027056535210575383,0.08666903126846393
2024-11-07,2705.800048828125,75904.859375,0.010962373382500168,0.0035076496874797414
2024-11-08,2694.800048828125,76545.4765625,-0.004073627009093528,0.008404323339316733
2024-11-11,2617.699951171875,88701.484375,-0.02902795724625662,0.14739159487814035
2024-11-12,2606.300048828125,87955.8125,-0.004364441209617098,-0.008442066269106263
2024-11-13,2586.5,90584.1640625,-0.007625999306449138,0.029444850487761798
2024-11-14,2572.89990234375,87250.4296875,-0.005271981010777971,-0.03749692231881241
2024-11-15,2570.10009765625,91066.0078125,-0.0010887827976215902,0.04280211829142644
2024-11-18,2614.60009765625,90542.640625,0.01716631284294845,-0.005763697278361235
2024-11-19,2631.0,92343.7890625,0.006252842562174621,0.01969754318365169
2024-11-20,2651.699951171875,94339.4921875,0.007836923280823527,0.02138144499843264
2024-11-21,2674.89990234375,98504.7265625,0.008711034624276692,0.04320463738221214
2024-11-22,2712.199951171875,98997.6640625,0.013848135705308628,0.0049917220950614904
2024-11-25,2618.5,93102.296875,-0.03515846093115993,-0.061397399496604166
2024-11-26,2621.300048828125,91985.3203125,0.0010687618109708197,-0.012069852534281722
2024-11-27,2639.89990234375,95962.53125,0.007070604112144885,0.04232881330495708
2024-11-29,2657.0,97461.5234375,0.006456666117156118,0.015499852904074629
2024-12-02,2658.5,95865.3046875,0.0005643871845792958,-0.016513538643168957
2024-12-03,2667.89990234375,96002.1640625,0.003529555525146222,0.0014266034685608275
2024-12-04,2676.199951171875,98768.53125,0.0031062501560290556,0.028408310872006126
2024-12-05,2648.39990234375,96593.5703125,-0.010442212448556809,-0.022266865312221995
2024-12-06,2659.60009765625,99920.7109375,0.004220125069685388,0.03386480176780893
2024-12-09,2685.800048828125,97432.71875,0.009802881080482884,-0.025214905161648815
2024-12-10,2718.39990234375,96675.4296875,0.012064782666322493,-0.007802793553988607
2024-12-11,2756.699951171875,101173.03125,0.013990858468918788,0.04547294957076353
2024-12-12,2709.39990234375,100043.0,-0.017307122359282445,-0.011232138149603443
2024-12-13,2675.800048828125,101459.2578125,-0.012478752815572314,0.014057223472295988
2024-12-16,2670.0,106029.71875,-0.002169946893270769,0.04406210334614258
2024-12-17,2662.0,106140.6015625,-0.0030007524392390295,0.0010452246330352466
2024-12-18,2653.300048828125,100041.5390625,-0.0032735532749299523,-0.05917915465376922
2024-12-19,2608.10009765625,97490.953125,-0.017182142366951147,-0.025825905125143933
2024-12-20,2645.10009765625,97755.9296875,0.014086884367596753,0.002714273553184654
2024-12-23,2628.199951171875,94686.2421875,-0.006409726049777298,-0.03190514700325586
2024-12-24,2635.5,98676.09375,0.0027737346642666694,0.0412739940682787
2024-12-26,2653.89990234375,95795.515625,0.006957302114627417,-0.029626831734066883
2024-12-27,2631.89990234375,94164.859375,-0.00832423771228985,-0.01716880486495498
2024-12-30,2618.10009765625,92643.2109375,-0.0052570805597964565,-0.016291395653418306
2024-12-31,2641.0,93429.203125,0.00870873215932999,0.008448290052871954
2025-01-02,2669.0,96886.875,0.010546237107391221,0.03634009715049302
2025-01-03,2654.699951171875,98107.4296875,-0.005372234856195313,0.01251903875349214
2025-01-06,2647.39990234375,102078.0859375,-0.00275364615626561,0.039674969248649106
2025-01-07,2665.39990234375,96922.703125,0.0067761141150661786,-0.051824282978696345
2025-01-08,2672.39990234375,95043.5234375,0.0026228050016650073,-0.01957885769656542
2025-01-09,2690.800048828125,92484.0390625,0.006861656788979431,-0.02729884917903469
2025-01-10,2715.0,94701.453125,0.008953388070262136,0.0236932656291593
2025-01-13,2678.60009765625,94516.5234375,-0.01349764695707023,-0.0019546741777975996
2025-01-14,2682.300048828125,96534.046875,0.0013803472022431151,0.021121093071560182
2025-01-15,2717.800048828125,100504.4921875,0.013148093839236097,0.04030666140622685
2025-01-16,2750.89990234375,99756.90625,0.012105347893661467,-0.007466135920999761
2025-01-17,2748.699951171875,104462.0390625,-0.000800040493059484,0.04608745388695823
2025-01-21,2759.199951171875,106146.265625,0.00381271007310513,0.015994264511626
2025-01-22,2770.89990234375,103653.0703125,0.004231376987269719,-0.02376854699304154
2025-01-23,2765.0,103960.171875,-0.002131506956986051,0.002958402684214434
2025-01-24,2778.89990234375,104819.484375,0.005014495829603227,0.00823181116278171
2025-01-27,2738.39990234375,102087.6875,-0.014681358231855235,-0.02640754887237584
2025-01-28,2767.5,101332.4765625,0.010570613028608733,-0.007425167615396688
2025-01-29,2769.800048828125,103703.2109375,0.0008307474545796723,0.023126120746530532
2025-01-30,2823.0,104735.3046875,0.019025016216117407,0.009903181107727477
2025-01-31,2812.5,102405.0234375,-0.0037263817408135225,-0.022500491172309012
2025-02-03,2857.10009765625,101405.421875,0.015733391035837485,-0.009809208513731349
2025-02-04,2875.800048828125,97871.8203125,0.006523754824097949,-0.03546789334061806
2025-02-05,2893.0,96615.4453125,0.005963112603524223,-0.012920048753754187
2025-02-06,2876.699951171875,96593.296875,-0.0056502391220494275,-0.00022926951799639994
2025-02-07,2887.60009765625,96529.0859375,0.0037819542300940867,-0.0006649766736614993
2025-02-10,2934.39990234375,97437.5546875,0.016077228698163637,0.009367336465826881
2025-02-11,2932.60009765625,95747.4296875,-0.0006135349391369616,-0.017497924369383355
2025-02-12,2928.699951171875,97885.859375,-0.0013308129689661996,0.02208831591934768
2025-02-13,2945.39990234375,96623.8671875,0.0056859762623071575,-0.012976316589519143
2025-02-14,2900.699951171875,97508.96875,-0.015292527812157175,0.009118577917229587
2025-02-18,2949.0,95539.546875,0.016514059490885913,-0.02040409578005331
2025-02-19,2936.10009765625,96635.609375,-0.004383926454861076,0.01140703518992403
2025-02-20,2956.10009765625,98333.9375,0.006788661670298346,0.01742191135803317
2025-02-21,2953.199951171875,96125.546875,-0.000981553379674871,-0.022714094704245014
2025-02-24,2963.199951171875,91418.171875,0.003380437322647367,-0.05021084130463649
2025-02-25,2918.800048828125,88736.171875,-0.015097159353385514,-0.02977666935499812
2025-02-26,2930.60009765625,84347.0234375,0.004034623906577828,-0.05072808622096936
2025-02-27,2895.89990234375,84704.2265625,-0.011911303726445333,0.004225980660949702
2025-02-28,2848.5,84373.0078125,-0.0165033698799828,-0.003917962993897461
2025-03-03,2901.10009765625,86065.671875,0.01829746914075958,0.019863093489824735
2025-03-04,2920.60009765625,87222.1953125,0.006699098982211105,0.013348200634373697
2025-03-05,2926.0,90623.5625,0.001847194536648722,0.03825541905303531
2025-03-06,2926.60009765625,89961.7265625,0.00020507044675532882,-0.007329931515325683
2025-03-07,2914.10009765625,86742.671875,-0.00428031525894923,-0.036438378269309624
2025-03-10,2899.39990234375,78532.0,-0.005057272432616777,-0.0994397561589313
2025-03-11,2920.89990234375,82862.2109375,0.0073879691817611,0.05367293406512452
2025-03-12,2946.800048828125,83722.359375,0.008828097861519169,0.010326959815815329
2025-03-13,2991.300048828125,81066.703125,0.014988239447696117,-0.03223376776091058
2025-03-14,3001.10009765625,83969.1015625,0.0032708288250340445,0.035176581475923285
2025-03-17,3006.10009765625,84075.6875,0.0016646693940849389,0.0012685421831619692
2025-03-18,3040.800048828125,82718.5,0.011477064687342775,-0.016274157682193646
2025-03-19,3041.199951171875,86854.2265625,0.0001315035660383046,0.04878787945306051
2025-03-20,3043.800048828125,84167.1953125,0.0008545925437939417,-0.03142591561831054
2025-03-21,3021.39990234375,84043.2421875,-0.007386483054428794,-0.001473786636289276
2025-03-24,3015.60009765625,87498.9140625,-0.0019214200668660197,0.040294928240385275
2025-03-25,3025.89990234375,87471.703125,0.0034096878809126707,-0.0003110343685897021
2025-03-26,3022.5,86900.8828125,-0.0011242321131987865,-0.006547157036870033
2025-03-27,3061.0,87177.1015625,0.012657356456463376,0.0031735085032362775
2025-03-28,3086.5,84353.1484375,0.008296102888538215,-0.03292956550032855
2025-03-31,3122.800048828125,82548.9140625,0.011692288048193333,-0.02162111879622408
2025-04-01,3146.0,85169.171875,0.007401753736079542,0.03124852053156779
2025-04-02,3166.199951171875,82485.7109375,0.006400310599772752,-0.032014458322985107
2025-04-03,3121.699951171875,83102.828125,-0.014154405649851043,0.007453656492041105
2025-04-04,3035.39990234375,83843.8046875,-0.028034530214648967,0.008876865806506373
2025-04-07,2973.60009765625,79235.3359375,-0.020569806529368684,-0.05653323973337088
2025-04-08,2990.199951171875,76271.953125,0.0055668856263162425,-0.03811707626174865
2025-04-09,3079.39990234375,82573.953125,0.029394482632621788,0.07938900944238014
2025-04-10,3177.5,79626.140625,0.03135998298054332,-0.0363518545774042
2025-04-11,3244.60009765625,83404.8359375,0.02089738201077651,0.04636385379527397
2025-04-14,3226.300048828125,84542.390625,-0.005656121158205352,0.013546780227141397
2025-04-15,3240.39990234375,83668.9921875,0.0043607639030582845,-0.010384627625775522
2025-04-16,3346.39990234375,84033.8671875,0.03218836312627005,0.004351453244224146
2025-04-17,3328.39990234375,84895.75,-0.005393433259532898,0.010204134780154916
2025-04-21,3425.300048828125,87518.90625,0.028697394670475163,0.030430808280572208
2025-04-22,3419.39990234375,93441.890625,-0.0017240048469115976,0.06548491099549558
2025-04-23,3294.10009765625,93699.109375,-0.03733204935987011,0.002748931682265976
2025-04-24,3348.60009765625,93943.796875,0.016409358036080235,0.0026080137382393787
2025-04-25,3298.39990234375,94720.5,-0.015104904400216057,0.008233751969907388
2025-04-28,3347.699951171875,94978.75,0.014836055488657962,0.002722732530990868
2025-04-29,3333.60009765625,94284.7890625,-0.004220697871415879,-0.007333309425444412
2025-04-30,3319.10009765625,94207.3125,-0.004359139157081415,-0.0008220669855223406
2025-05-01,3222.199951171875,96492.3359375,-0.02962935034246783,0.023965778896187118
2025-05-02,3243.300048828125,96910.0703125,0.006527004118684232,0.004319853436324905
2025-05-05,3322.300048828125,94748.0546875,0.024065983814928416,-0.022562125541382372
2025-05-06,3422.800048828125,96802.4765625,0.029801614972612356,0.021451265529472963
2025-05-07,3391.89990234375,97032.3203125,-0.009068736255326115,0.00237154382422311
2025-05-08,3306.0,103241.4609375,-0.025651208173155027,0.06202640353374633
2025-05-09,3344.0,102970.8515625,0.011428695823623158,-0.0026245719962858516
2025-05-12,3228.0,102812.953125,-0.03530494481475266,-0.0015346053954772287
2025-05-13,3247.800048828125,104169.8125,0.0061151086753632455,0.013111031807524043
2025-05-14,3188.300048828125,103539.4140625,-0.018489984381890423,-0.006070027639406561
2025-05-15,3226.60009765625,103744.640625,0.011941106814722602,0.001980148737121823
2025-05-16,3187.199951171875,103489.2890625,-0.012286208427825684,-0.0024643811186511044
2025-05-19,3233.5,105606.1796875,0.014422368816438436,0.02024876929653807
2025-05-20,3284.60009765625,106791.0859375,0.015679766748363022,0.011157568710077115
2025-05-21,3313.5,109678.078125,0.008760123893271299,0.02667505449687546
2025-05-22,3295.0,111673.28125,-0.005598864591675579,0.018027963942364167
2025-05-23,3365.800048828125,107287.796875,0.02125952284950472,-0.04006256233899386
2025-05-27,3300.39990234375,108994.640625,-0.019622047145139376,0.015783798304086716
2025-05-28,3294.89990234375,107802.328125,-0.0016678548171711327,-0.010999457493792164
2025-05-29,3317.10009765625,105641.7578125,0.006715147832913715,-0.020245528009255054
2025-05-30,3288.89990234375,103998.5703125,-0.008537804000789961,-0.015676574887612205
2025-06-02,3397.199951171875,105881.53125,0.03239841587688019,0.017943687329571745
2025-06-03,3377.10009765625,105432.46875,-0.005934166586744283,-0.004250198055929744
2025-06-04,3399.199951171875,104731.984375,0.006522713489948373,-0.0066660841880299415
2025-06-05,3375.10009765625,101575.953125,-0.007115113004370954,-0.03059773184703829
2025-06-06,3346.60009765625,104390.34375,-0.008480048190429912,0.02733035306446041
2025-06-09,3354.89990234375,110294.1015625,0.00247700035250098,0.055013270160229055
2025-06-10,3343.39990234375,110257.234375,-0.0034337105338444474,-0.0003343184269262167
2025-06-11,3343.699951171875,108686.625,8.973959860014702e-05,-0.014347388609724732
2025-06-12,3402.39990234375,105929.0546875,0.01740307257879259,-0.025699166845333465
2025-06-13,3452.800048828125,106090.96875,0.01470447396816077,0.0015273471943917372
2025-06-16,3417.300048828125,106796.7578125,-0.010334730342933085,0.006630646677074026
2025-06-17,3406.89990234375,104601.1171875,-0.0030480216320185605,-0.02077333636181322
2025-06-18,3408.10009765625,104883.328125,0.0003522216654161525,0.0026943395038614426
2025-06-20,3385.699951171875,103309.6015625,-0.006594314668028289,-0.015118251510211067
2025-06-23,3395.0,105577.7734375,0.0027430957649414722,0.021717550170563982
2025-06-24,3333.89990234375,106045.6328125,-0.01816100042498192,0.004421629398587257
2025-06-25,3343.10009765625,107361.2578125,0.002755788867748521,0.012329889288553275
2025-06-26,3348.0,106960.0,0.0014646031738028142,-0.003744456200287516
2025-06-27,3287.60009765625,107088.4296875,-0.018205307630601908,0.0012000060276005087
2025-06-30,3307.699951171875,107135.3359375,0.006095224052133474,0.0004379182730982478
2025-07-01,3349.800048828125,105698.28125,0.012647588089903294,-0.013504224993729608
2025-07-02,3359.699951171875,108859.3203125,0.0029510126024803185,0.02946777720135607
2025-07-03,3342.89990234375,109647.9765625,-0.005013005215197097,0.007218611789243212
2025-07-04,3346.5,108034.3359375,0.001076359032612828,-0.014825919147368083
2025-07-07,3342.800048828125,108299.8515625,-0.0011062298064619114,0.002454681448082141
2025-07-08,3316.89990234375,108950.2734375,-0.007778211407504898,0.0059877877476886
2025-07-09,3321.0,111326.5546875,0.0012353600500176753,0.021576245274882666
2025-07-10,3325.699951171875,115987.203125,0.0014142211893819479,0.04101205071842706
2025-07-11,3364.0,117516.9921875,0.011450578526709165,0.013103070357297852
2025-07-14,3359.10009765625,119849.703125,-0.0014576320864296832,0.01965554633240707
2025-07-15,3336.699951171875,117777.1875,-0.0066908300388188735,-0.01744388585779255
2025-07-16,3359.10009765625,118738.5078125,0.0066908300388188735,0.008129063950951476
2025-07-17,3345.300048828125,119289.84375,-0.004116719770944854,0.004632531543984797
2025-07-18,3358.300048828125,118003.2265625,0.003878517843276086,-0.01084422561798526
2025-07-21,3406.39990234375,117439.5390625,0.014221078392012032,-0.0047883278598614964
2025-07-22,3443.699951171875,119995.4140625,0.010890474089837454,0.021529885923987635
2025-07-23,3397.60009765625,118754.9609375,-0.013477131818813604,-0.010391307548022866
2025-07-24,3373.5,118368.0,-0.007118547674295428,-0.0032638027078917276
2025-07-25,3335.60009765625,117635.8828125,-0.011298178577684226,-0.006204300770342286
2025-07-28,3310.0,117924.4765625,-0.00770441311868808,0.002450275548527614
2025-07-29,3324.0,117922.1484375,0.004220687604231443,-1.974270354665464e-05
2025-07-30,3295.800048828125,117831.1875,-0.008519931583451879,-0.0007716619716280348
2025-07-31,3293.199951171875,115758.203125,-0.0007892237945714697,-0.01774942596737006
2025-08-01,3399.800048828125,113320.0859375,0.03185689910941214,-0.021287126462377515
2025-08-04,3426.39990234375,115071.8828125,0.007793498093308315,0.015340567701134233
2025-08-05,3434.699951171875,114141.4453125,0.0024194525817140544,-0.00811857336682209
2025-08-06,3433.39990234375,115028.0,-0.00037857598793777925,0.007737149330479198
2025-08-07,3453.699951171875,117496.8984375,0.00589511058336889,0.021236359971132046
2025-08-08,3491.300048828125,116688.7265625,0.010828067683391396,-0.006902004196733813
2025-08-11,3404.699951171875,118731.4453125,-0.025117358026758296,0.017354247943952572
2025-08-12,3399.0,120172.90625,-0.0016755449376990583,0.012067410412960555
2025-08-13,3408.300048828125,123344.0625,0.002732376874092779,0.026046115310302653
2025-08-14,3383.199951171875,118359.578125,-0.007391654844456141,-0.04125044324166893
2025-08-15,3382.60009765625,117398.3515625,-0.0001773193156378028,-0.008154397097905886
2025-08-18,3378.0,116252.3125,-0.00136085504236938,-0.009809929347404989
2025-08-19,3358.699951171875,112831.1796875,-0.005729838577163804,-0.02987022020522012
2025-08-20,3388.5,114274.7421875,0.008833365785585912,0.01271285160686908
2025-08-21,3381.60009765625,112419.03125,-0.002038346444876993,-0.016372327846505996
2025-08-22,3418.5,116874.0859375,0.010852859222557854,0.03886392642477787
2025-08-25,3417.5,110124.3515625,-0.00029256875574290575,-0.05948697067887743
2025-08-26,3433.0,111802.65625,0.004525224859586174,0.015125123339528201
2025-08-27,3448.60009765625,111222.0625,0.0045338654259907685,-0.005206553469269792
2025-08-28,3474.300048828125,112544.8046875,0.007424654028849176,0.01182264033331748
2025-08-29,3516.10009765625,108410.8359375,0.01195941467280548,-0.03742335971466204
2025-09-02,3592.199951171875,111200.5859375,0.021412365981205994,0.02540760449203283
2025-09-03,3635.5,111723.2109375,0.011981838523569266,0.004688830576405678
2025-09-04,3606.699951171875,110723.6015625,-0.007953439794452066,-0.008987461697769206
2025-09-05,3653.300048828125,110650.984375,0.012837668774505318,-0.0006560571512483904
2025-09-08,3677.39990234375,112071.4296875,0.006575072093788492,0.01275547032423674
2025-09-09,3682.199951171875,111530.546875,0.0013044321985677954,-0.004837916692700617
2025-09-10,3682.0,113955.359375,-5.4303569498870274e-05,0.021508270891821724
2025-09-11,3673.60009765625,115507.5390625,-0.002283948524574697,0.013529013824571834
2025-09-12,3686.39990234375,116101.578125,0.003478211302116563,0.005129680319349461
2025-09-15,3719.0,115444.875,0.008804469354505073,-0.005672338115694231
2025-09-16,3725.10009765625,116843.1875,0.0016389083815759875,0.01203961474068116
2025-09-17,3717.800048828125,116468.5078125,-0.001961614699995451,-0.0032118407874524024
2025-09-18,3678.300048828125,117137.203125,-0.010681406425554485,0.005725006775122665
2025-09-19,3705.800048828125,115688.859375,0.0074484708433537605,-0.012441583362178932
2025-09-22,3775.10009765625,112748.5078125,0.018527725242565296,-0.025744596853591872
2025-09-23,3815.699951171875,112014.5,0.010697223061898242,-0.0065314166152443676
2025-09-24,3768.10009765625,113328.6328125,-0.012553199790112046,0.011663525697123589
2025-09-25,3771.10009765625,109049.2890625,0.0007958404288572751,-0.038491879643615334
2025-09-26,3809.0,109712.828125,0.009999925510946639,0.00606632543055774
2025-09-29,3855.199951171875,114400.3828125,0.012056186181995443,0.04183812651811358
2025-09-30,3873.199951171875,114056.0859375,0.004658152470113919,-0.003014115884239388
2025-10-01,3897.5,118648.9296875,0.006254295801216614,0.03947865276779439
2025-10-02,3868.10009765625,120681.2578125,-0.007571866292281015,0.016983874858595982
2025-10-03,3908.89990234375,122266.53125,0.010492523852748903,0.013050507216425089
2025-10-06,3976.300048828125,124752.53125,0.017095771433739415,0.020128680845152402
2025-10-07,4004.39990234375,121451.3828125,0.007041981231953542,-0.026817983765198505
2025-10-08,4070.5,123354.8671875,0.016372109855939954,0.015551259305388143
2025-10-09,3972.60009765625,121705.5859375,-0.02434502527272464,-0.01346040236705015
2025-10-10,4000.39990234375,113214.3671875,0.006973514949432769,-0.07232182184699099
2025-10-13,4133.0,115271.078125,0.03260920382099286,0.018003479276780254
2025-10-14,4163.39990234375,113118.6640625,0.007328489165935537,-0.01884916344559251
2025-10-15,4201.60009765625,110783.1640625,0.00913340367344162,-0.02086257829089888
2025-10-16,4304.60009765625,108186.0390625,0.024218812665456113,-0.023722484783180064
2025-10-17,4213.2998046875,106467.7890625,-0.021438098763709945,-0.016009839805349202
2025-10-20,4359.39990234375,110588.9296875,0.034088268540250155,0.03797750155231405
2025-10-21,4109.10009765625,108476.890625,-0.05913036061837218,-0.019282830173496635
2025-10-22,4065.39990234375,107688.5859375,-0.010691935071186265,-0.0072935622708190095
2025-10-23,4145.60009765625,110069.7265625,0.019535439260899068,0.021870444424777702
2025-10-24,4137.7998046875,111033.921875,-0.0018833559568207647,0.00872171428526336
2025-10-27,4019.699951171875,114119.328125,-0.02895693759215945,0.02740888178203882
2025-10-28,3983.10009765625,112956.1640625,-0.009146825727851748,-0.010244824086811377
2025-10-29,4000.699951171875,110055.3046875,0.0044088984988039925,-0.026016805465767234
2025-10-30,4015.89990234375,108305.546875,0.0037921237593181445,-0.016026638954619088
2025-10-31,3996.5,109556.1640625,-0.004842479279663081,0.011480961196285833
2025-11-03,4014.0,106547.5234375,0.004369272290210446,-0.02784621649519714
2025-11-04,3960.5,101590.5234375,-0.013417970451950367,-0.04764085753760838
2025-11-05,3992.89990234375,103891.8359375,0.008147479561113613,0.022400061321748765
2025-11-06,3991.0,101301.2890625,-0.0004759334167143692,-0.02525118249184999
2025-11-07,4009.800048828125,103372.40625,0.0046995508735427904,0.020238925968733668
2025-11-10,4122.0,105996.59375,0.02759710552812855,0.025068896821942133
2025-11-11,4116.2998046875,102997.46875,-0.0013838283037248544,-0.02870254647684156
2025-11-12,4213.60009765625,101663.1875,0.023362758198940625,-0.01303914664267758
2025-11-13,4194.5,99697.4921875,-0.004543269059270827,-0.019524742976585685
2025-11-14,4094.199951171875,94397.7890625,-0.024202817205997817,-0.05462287113659059
2025-11-17,4074.5,92093.875,-0.004823286320077003,-0.02470921467952003
2025-11-18,4066.5,92948.875,-0.0019653611534451443,0.009241173563307115
2025-11-19,4082.800048828125,91465.9921875,0.004000360881983411,-0.016082377699810024
2025-11-20,4060.0,86631.8984375,-0.005600065893034412,-0.05429914313161177
2025-11-21,4079.5,85090.6875,0.004791458273077254,-0.01795049047228936
2025-11-24,4094.199951171875,88270.5625,0.0035968942114958935,0.03668907199615923
2025-11-25,4140.0,87341.890625,0.011124461739008495,-0.010576476956753567
2025-11-26,4165.2001953125,90518.3671875,0.0060685527278856455,0.0357225879133356
2025-11-28,4254.89990234375,90919.265625,0.021306896469946324,0.004419139334075339
2025-12-01,4274.7998046875,86321.5703125,0.0046660349442770865,-0.051892409254154614
2025-12-02,4220.7998046875,91350.203125,-0.01271263471228501,0.05662099387030395
2025-12-03,4232.5,93527.8046875,0.0027681977581064388,0.0235582620118322
2025-12-04,4243.0,92141.625,0.0024777311950341385,-0.014931972865932508
2025-12-05,4243.0,89387.7578125,0.0,-0.030343059975676212
2025-12-08,4217.7001953125,90640.203125,-0.005980564140532607,0.013914122143271257
2025-12-09,4236.2001953125,92691.7109375,0.004376685003695258,0.02238119269819805
2025-12-10,4224.7001953125,92020.9453125,-0.002718388481319778,-0.007262832846635092
2025-12-11,4313.0,92511.3359375,0.020685419063674715,0.005314970108146966
2025-12-12,4328.2998046875,90270.4140625,0.0035410924330268045,-0.024521421452146086
2025-12-15,4335.2001953125,86419.78125,0.0015929802237426571,-0.043593166975371744
2025-12-16,4332.2998046875,87843.984375,-0.0006692565868497979,0.01634573693507768
2025-12-17,4373.89990234375,86143.7578125,0.009556503562018648,-0.01954483304085386
2025-12-18,4364.5,85462.5078125,-0.0021514021043760323,-0.007939728497769138
2025-12-19,4387.2998046875,88103.3828125,0.005210323996449162,0.03043315496840826
2025-12-22,4469.39990234375,88490.015625,0.018540190388462108,0.0043787982301886075
2025-12-23,4505.7001953125,87414.0,0.008089155667198256,-0.012234274952954038
2025-12-24,4502.7998046875,87611.9609375,-0.0006439231226540443,0.002262076104063482
2025-12-26,4552.7001953125,87301.4296875,0.011021124337837307,-0.0035506895743040445
2025-12-29,4343.60009765625,87138.140625,-0.04701698661716058,-0.0018721567577948406
2025-12-30,4386.2998046875,88430.1328125,0.009782482738115661,0.014718097808790631
2025-12-31,4341.10009765625,87508.828125,-0.01035820786686692,-0.01047309934929963
2026-01-02,4329.60009765625,89944.6953125,-0.002652613164826789,0.027455303790745234
2026-01-05,4451.5,93882.5546875,0.027765936481767284,0.04284959795611876
2026-01-06,4496.10009765625,93729.03125,0.00996925802554749,-0.0016366097114985934
2026-01-07,4462.5,91308.0546875,-0.00750122895137828,-0.026168967250152164
2026-01-08,4460.7001953125,91027.125,-0.0004033989314411457,-0.003081466892755458
2026-01-09,4500.89990234375,90513.1015625,0.008971606907573815,-0.005662930149506806
2026-01-12,4614.7001953125,91192.9921875,0.024969547666847447,0.007483445204275796
2026-01-13,4599.10009765625,95321.78125,-0.0033862493362111223,0.04428028503147807
2026-01-14,4635.7001953125,96929.328125,0.007926601145666012,0.016723797821878605
2026-01-15,4623.7001953125,95551.1875,-0.0025919619439740416,-0.014320038274755476
2026-01-16,4595.39990234375,95525.1171875,-0.006139510703624396,-0.00027287855188973253
2026-01-20,4765.7998046875,88310.90625,0.03640959099230656,-0.07852560653253526
2026-01-21,4837.5,89376.9609375,0.014932685452999195,0.011999327760149114
2026-01-22,4913.39990234375,89462.453125,0.015568088290665472,0.0009560777691035582
2026-01-23,4979.7001953125,89503.875,0.013403540833319738,0.000462901330921639
2026-01-26,5082.5,88267.140625,0.020433579040478378,-0.013914015434039584
2026-01-27,5082.60009765625,89102.5703125,1.969437689552933e-05,0.009420276564581442
2026-01-28,5303.60009765625,89184.5703125,0.042562892774366645,0.0009198645005419337
2026-01-29,5318.39990234375,84561.5859375,0.0027866342053499693,-0.05322794950408394
2026-01-30,4745.10009765625,84128.65625,-0.11405996064111967,-0.005132847429548448
2026-02-02,4652.60009765625,78688.765625,-0.019686303122442794,-0.06684685326137618
2026-02-03,4935.0,75633.546875,0.05892644877203068,-0.039600469374978076
2026-02-04,4950.7998046875,73019.703125,0.0031964673475908256,-0.035170615941758854
2026-02-05,4889.5,62702.09765625,-0.012459091462842409,-0.1523344080304465
2026-02-06,4979.7998046875,70555.390625,0.01829964159638564,0.1180031814334761
2026-02-09,5079.39990234375,70120.78125,0.019803434786085816,-0.006178882349972881
2026-02-10,5031.0,68793.9609375,-0.009574353643483136,-0.019103237589897404
2026-02-11,5098.5,66991.96875,0.013327607312962897,-0.026543221212374846
2026-02-12,4948.39990234375,66221.84375,-0.029882106550518373,-0.011562368274834256
2026-02-13,5046.2998046875,68857.84375,0.019590990507982298,0.039033769357155634
2026-02-17,4905.89990234375,67494.21875,-0.028216720261168504,-0.020002197823066226
2026-02-18,5009.5,66425.3203125,0.02089756719874103,-0.01596363226021502
2026-02-19,4997.39990234375,66957.5234375,-0.0024183520713787487,0.007980125994704323
2026-02-20,5080.89990234375,68005.421875,0.016570634386726013,0.01552899565663246
2026-02-23,5225.60009765625,64616.73828125,0.02808125044952625,-0.05111395170628974
2026-02-24,5176.2998046875,64080.04296875,-0.009479164880598745,-0.008340510438744175
2026-02-25,5226.2001953125,67960.125,0.009593996324003484,0.05878816281087218
2026-02-26,5194.2001953125,67453.7734375,-0.006141817855777276,-0.007478610812400532
2026-02-27,5247.89990234375,65881.796875,0.010285321903877431,-0.02358034539975762
2026-03-02,5311.60009765625,68775.8515625,0.012065148545943316,0.04299050868799803
2026-03-03,5123.7001953125,68293.6484375,-0.0360162540889597,-0.007035921401254086
2026-03-04,5134.7001953125,72710.578125,0.0021445846910062016,0.06267011054362293
2026-03-05,5078.7001953125,70841.125,-0.010966095335188442,-0.026047184090687736
2026-03-06,5158.7001953125,68136.4921875,0.01562928584170642,-0.03892676222985436
2026-03-09,5103.7001953125,68402.3828125,-0.01071884247370214,0.003894729044837675
2026-03-10,5242.10009765625,69926.921875,0.026756394882401224,0.0220430630536832
2026-03-11,5179.10009765625,70204.8828125,-0.012090885178727362,0.003967140831024452
2026-03-12,5125.7998046875,70493.4609375,-0.010344742558356046,0.00410208851035776
2026-03-13,5061.7001953125,70968.265625,-0.012584138459256877,0.006712861238543866
2026-03-16,5002.2001953125,74861.0859375,-0.011824579132619917,0.05340139452066062
2026-03-17,5008.2001953125,73922.4765625,0.0011987533933446315,-0.012617278563277878
2026-03-18,4896.2001953125,71245.578125,-0.02261717416161879,-0.03688417423341761
2026-03-19,4605.7001953125,69912.7890625,-0.06116472469151013,-0.018884161047628467
2026-03-20,4574.89990234375,70522.5859375,-0.006709890029016563,0.008684431647449031
2026-03-23,4407.2998046875,70914.859375,-0.03732260647233332,0.00554696731759563
2026-03-24,4402.0,70517.859375,-0.0012032296424013822,-0.005613991531696172
2026-03-25,4552.2998046875,71309.8828125,0.03357357374063774,0.011168924480813303
2026-03-26,4376.2998046875,68791.625,-0.03942898294597974,-0.03595291880741591
2026-03-27,4492.5,66338.375,0.02620576577664835,-0.03631346968520788
2026-03-30,4526.0,66691.4453125,0.007429207535770033,0.005308150318370508
2026-03-31,4647.60009765625,68233.3125,0.026512431127411418,0.022856210162577995
2026-04-01,4813.10009765625,68078.5546875,0.0349904091181763,-0.0022706442540201266
2026-04-02,4679.7001953125,66888.5703125,-0.02810734041002405,-0.01763414922887563
2026-04-06,4684.7001953125,68859.828125,0.001067874133223512,0.029044856709546707
2026-04-07,4684.7001953125,71940.703125,0.0,0.04376925008865129
2026-04-08,4777.2001953125,71123.359375,0.0195527205163053,-0.01142638659290185
2026-04-09,4818.0,71767.828125,0.008504262496240145,0.009020473987913391
2026-04-10,4787.39990234375,72979.046875,-0.006371458031123822,0.0167360714535274
2026-04-13,4767.39990234375,74484.640625,-0.004186383727237342,0.020420567184915583
2026-04-14,4850.10009765625,74181.609375,0.017198280994108472,-0.004076670658996306
2026-04-15,4823.60009765625,74805.078125,-0.005478785935615349,0.008369504683727769
2026-04-16,4808.2998046875,75152.1328125,-0.0031770068196657064,0.004628724487071523
2026-04-17,4879.60009765625,77126.875,0.014719718632466794,0.02593729657840349
2026-04-20,4828.7998046875,75872.5234375,-0.010465320161639369,-0.016397184299169254
2026-04-21,4719.60009765625,76352.7734375,-0.02287387820870812,0.006309747501946461
2026-04-22,4753.0,78203.1015625,0.007051926696608035,0.023944952373343042
2026-04-23,4724.0,78268.953125,-0.00612009929675672,0.0008417038623189654
2026-04-24,4740.89990234375,77455.3125,0.003571072167241951,-0.01044985540070087
2026-04-27,4693.7001953125,77366.625,-0.010005744880542622,-0.0011456710997510555
2026-04-28,4608.39990234375,76350.671875,-0.01834052163097688,-0.013218654490737336
2026-04-29,4561.5,75776.1328125,-0.010229187187446698,-0.007553459041741206
2026-04-30,4629.60009765625,76304.3203125,0.014818975567985504,0.006946186875135041
2026-05-01,4644.5,78179.0,0.0032132314740618284,0.024271509894035148
2026-05-04,4533.2998046875,79827.90625,-0.024233615823709087,0.020872076417225216
2026-05-05,4568.5,80927.0546875,0.007734815434808695,0.013675043806523846
2026-05-06,4694.2998046875,81427.53125,0.027164041699961672,0.006165248057273587
2026-05-07,4710.89990234375,80009.9921875,0.0035299866905305066,-0.017561908350902655
2026-05-08,4730.7001953125,80186.765625,0.0041942725366546085,0.002206954893020807
2026-05-11,4728.7001953125,81728.296875,-0.0004228597896709374,0.019041808768490043
2026-05-12,4686.7001953125,80477.4921875,-0.008921612855585792,-0.015422747705667206
2026-05-13,4706.7001953125,79277.1171875,0.004258315283149017,-0.015028018231236118
2026-05-14,4685.2998046875,81051.25,-0.0045571609159758,0.02213214369882266
2026-05-15,4561.89990234375,79065.6796875,-0.026690724101015917,-0.02480277513696727
2026-05-18,4558.0,76954.171875,-0.0008552511810933083,-0.027068821289550016
2026-05-19,4511.2001953125,76750.90625,-0.010320694017636356,-0.002644879999712302
2026-05-20,4535.2998046875,77457.7734375,0.005327953658273543,0.00916773478361499
2026-05-21,4542.5,77539.171875,0.0015863308240593454,0.0010503232153258324
2026-05-22,4523.2001953125,75488.2421875,-0.004257770150841722,-0.026806340702622222
2026-05-26,4502.2998046875,75825.734375,-0.004631417203363242,0.0044608271464756655
2026-05-27,4448.39990234375,74344.703125,-0.012043874924552611,-0.01972531072410888
2026-05-28,4499.2998046875,73536.5546875,0.011377326701735413,-0.010929802661886256
2026-05-29,4593.0,73372.5234375,0.02061161963248992,-0.0022330998228099475
2026-06-01,4506.2998046875,71319.7734375,-0.019057030995774937,-0.02837590916286814
2026-06-02,4519.89990234375,66703.65625,0.003013473751872553,-0.0669138485252585
2026-06-03,4466.89990234375,64014.3671875,-0.01179521423162555,-0.04115222229019189
2026-06-04,4505.0,63801.57421875,0.008493257192172976,-0.0033296811494363254
2026-06-05,4365.2998046875,60922.66796875,-0.03150102035015401,-0.04617254262521264
2026-06-08,4363.39990234375,63090.58984375,-0.0004353231151306147,0.03496630588595373
2026-06-09,4286.39990234375,61643.78125,-0.01780435056962304,-0.023199274916972712
2026-06-10,4133.2998046875,61449.2890625,-0.03637112488456751,-0.0031600860854066326
2026-06-11,4114.0,63561.0546875,-0.004680280910061896,0.03378866852406581
2026-06-12,4238.7998046875,63543.19921875,0.02988437301046787,-0.00028095784867510076
2026-06-15,4351.60009765625,66289.5,0.026263451765016654,0.042311536353905055
2026-06-16,4354.39990234375,65600.640625,0.0006431897045757751,-0.010446052081716672
2026-06-17,4381.39990234375,64418.4453125,0.006181480019613161,-0.01818545153086326
2026-06-18,4245.89990234375,62896.47265625,-0.031414497304801614,-0.023909926459543485
2026-06-22,4202.7001953125,63952.10546875,-0.010226566064496012,0.016644367616763134
2026-06-23,4149.39990234375,62668.01953125,-0.012763500419268325,-0.02028318896027237
2026-06-24,4008.800048828125,60995.1328125,-0.03447176509826022,-0.027057191162535688
2026-06-25,4047.60009765625,59721.67578125,0.009632180156806669,-0.021099038116469515
2026-06-26,4096.2998046875,60016.4296875,0.01195994256198496,0.004923319948584748
2026-06-29,4038.89990234375,60138.37890625,-0.014111726070165531,0.002029869000670814
2026-06-30,4038.5,58558.859375,-9.901759202435301e-05,-0.026615830286262465
2026-07-01,4082.39990234375,60003.7578125,0.010811690946125552,0.024374798891813043
2026-07-02,4125.7001953125,61485.30078125,0.010550722853549743,0.024390944088390043
2026-07-06,4167.5,63995.015625,0.010080585942922937,0.04000706490979056
2026-07-07,4157.39990234375,63297.39453125,-0.0024264802533000562,-0.010961031808177424
2026-07-08,4082.39990234375,62257.57421875,-0.018204828543172624,-0.01656396551934769
2026-07-09,4140.7998046875,63193.1484375,0.014203931870230946,0.01491568233698537
2026-07-10,4113.7001953125,64127.140625,-0.006566044396853599,0.014671800523156975
2026-07-13,4005.699951171875,62239.12109375,-0.026604579738469525,-0.029883926473987188
2026-07-14,4069.699951171875,64956.11328125,0.015850940084858323,0.04272810304425967
2026-07-15,4051.800048828125,64712.375,-0.004408035788420861,-0.003759410964789822
2026-07-16,3992.10009765625,63789.28125,-0.01484380617963943,-0.014367279855175497
2026-07-17,4018.800048828125,63899.4609375,0.006665930057902614,0.0017257545646920391
2026-07-20,4015.89990234375,65230.02734375,-0.0007219053923481766,0.020608979682664952
2026-07-21,4076.39990234375,66505.125,0.014952764652308659,0.019359107363715822
2026-07-22,4151.89990234375,66100.796875,0.018351815258357718,-0.006098209978869562
2026-07-23,4050.199951171875,65044.8125,-0.02479978671478733,-0.01610434695290941
2026-07-24,4070.800048828125,64098.49609375,0.0050733017708850525,-0.01465555365422766
2026-07-27,4077.0,63724.8984375,0.0015218715067515376,-0.005845545276764952
2026-07-28,4038.699951171875,63871.36328125,-0.009438577915329205,0.002295755472855987
2026-07-29,4036.300048828125,63908.16796875,-0.0005944030747766504,0.0005760654802511311
2026-07-30,4100.10009765625,64725.30859375,0.01568294462773423,0.012705115941955114
2026-07-31,4107.0,62813.74609375,0.0016814474996778017,-0.029978357028635827
2026-08-03,4090.5,63460.8984375,-0.00402562300280529,0.010250007229938518
2026-08-04,4152.60009765625,64055.953125,0.015067455639012906,0.009333025393484462
2026-08-05,4305.2001953125,64597.5,0.03608897216402518,0.008418741360801008
2026-08-06,4299.60009765625,64262.11328125,-0.0013016219450143751,-0.005205470783877786
2026-08-07,4399.7001953125,64880.19140625,0.023014383344138523,0.009572120395366923
2026-08-10,4419.7001953125,63910.5859375,0.004535463500511483,-0.015057348174455143
2026-08-11,4441.10009765625,63551.875,0.004830250822388749,-0.005628510258814501
2026-08-12,4467.5,63402.43359375,0.0059268525547668816,-0.0023542560615528174
2026-08-13,4420.39990234375,63402.171875,-0.010598800411131037,-4.127906064965714e-06
2026-08-14,4437.2998046875,62975.59375,0.0038158717069123327,-0.0067508670210933985
2026-08-17,4473.7001953125,64506.25390625,0.008169811040119157,0.024014928349442854
2026-08-18,4420.60009765625,64680.7109375,-0.011940394812965494,0.002700847372800297
2026-08-19,4545.2998046875,69266.1875,0.027818233507169055,0.0684938460027027
2026-08-20,4571.39990234375,73032.7578125,0.005725793280893399,0.05295120538976228
2026-08-21,4680.60009765625,78335.1875,0.02360684534178681,0.07008881775516329
2026-08-24,4697.7998046875,78964.484375,0.003667944744055518,0.008001291100338648
2026-08-25,4694.5,78564.9765625,-0.0007026617318199868,-0.005072177186830729
2026-08-26,4653.2998046875,79027.421875,-0.008815007372689365,0.005868895257053808
2026-08-27,4664.0,80257.5390625,0.002296845704414352,0.015445797722405175
2026-08-28,4529.89990234375,77830.2890625,-0.029173606410239472,-0.030710027313093136
2026-08-31,4481.5,78548.6328125,-0.010742030822671111,0.009187284246515048
2026-09-01,4396.39990234375,77403.625,-0.019171809815448526,-0.014684345110770991
2026-09-02,4414.60009765625,77300.4765625,0.004131249846343721,-0.001333493446432854
2026-09-03,4539.89990234375,81271.7421875,0.02798771202211725,0.050098260888363555
2026-09-04,4476.60009765625,79671.96875,-0.014041112330080097,-0.019880567170122987
2026-09-08,4439.0,78438.578125,-0.008434725686313982,-0.015601940144543747
2026-09-09,4460.7001953125,78259.5234375,0.004876622322418811,-0.002285346965219759
2026-09-10,4407.2998046875,76568.125,-0.01204353542764558,-0.02184965985828491
2026-09-11,4408.89990234375,77173.796875,0.0003629903420971914,0.007879113269485316
2026-09-14,4351.89990234375,78163.3828125,-0.013012694180211781,0.012741306710692513
2026-09-15,4332.7998046875,75612.5078125,-0.004398569690456711,-0.03317957065234545
2026-09-16,4387.5,76150.3203125,0.012545649573883821,0.007087568912613307
2026-09-17,4399.7001953125,76403.7734375,0.0027768123817946133,0.0033227998274920623
2026-09-18,4424.89990234375,80901.4609375,0.0057112560909917676,0.057199796965347716
2026-09-21,4383.89990234375,86602.9140625,-0.009308940374303631,0.06810158222335616
2026-09-22,4376.39990234375,86172.28125,-0.0017122705842567143,-0.004984901952649778
2026-09-23,4318.39990234375,84383.0078125,-0.013341505638596374,-0.020982510635370488
2026-09-24,4298.0,84379.0625,-0.004735142447295004,-4.675591492109277e-05
2026-09-25,4321.2001953125,84034.921875,0.005383388439044623,-0.00408684712582108
2026-09-28,4168.39990234375,83502.609375,-0.036000940950982496,-0.0063545676873975054
2026-09-29,4175.7998046875,83951.6875,0.0017736642322816465,0.0053636032037278625
