date,gold_vol_60,btc_vol_60,corr_60,gold_cumret_60,btc_cumret_60,gold_vol_120,btc_vol_120,corr_120,gold_cumret_120,btc_cumret_120,gold_vol_252,btc_vol_252,corr_252,gold_cumret_252,btc_cumret_252
2021-01-04,,,,,,,,,,,,,,,
2021-01-05,,,,,,,,,,,,,,,
2021-01-06,,,,,,,,,,,,,,,
2021-01-07,,,,,,,,,,,,,,,
2021-01-08,,,,,,,,,,,,,,,
2021-01-11,,,,,,,,,,,,,,,
2021-01-12,,,,,,,,,,,,,,,
2021-01-13,,,,,,,,,,,,,,,
2021-01-14,,,,,,,,,,,,,,,
2021-01-15,,,,,,,,,,,,,,,
2021-01-19,,,,,,,,,,,,,,,
2021-01-20,,,,,,,,,,,,,,,
2021-01-21,,,,,,,,,,,,,,,
2021-01-22,,,,,,,,,,,,,,,
2021-01-25,,,,,,,,,,,,,,,
2021-01-26,,,,,,,,,,,,,,,
2021-01-27,,,,,,,,,,,,,,,
2021-01-28,,,,,,,,,,,,,,,
2021-01-29,,,,,,,,,,,,,,,
2021-02-01,,,,,,,,,,,,,,,
2021-02-02,,,,,,,,,,,,,,,
2021-02-03,,,,,,,,,,,,,,,
2021-02-04,,,,,,,,,,,,,,,
2021-02-05,,,,,,,,,,,,,,,
2021-02-08,,,,,,,,,,,,,,,
2021-02-09,,,,,,,,,,,,,,,
2021-02-10,,,,,,,,,,,,,,,
2021-02-11,,,,,,,,,,,,,,,
2021-02-12,,,,,,,,,,,,,,,
2021-02-16,,,,,,,,,,,,,,,
2021-02-17,,,,,,,,,,,,,,,
2021-02-18,,,,,,,,,,,,,,,
2021-02-19,,,,,,,,,,,,,,,
2021-02-22,,,,,,,,,,,,,,,
2021-02-23,,,,,,,,,,,,,,,
2021-02-24,,,,,,,,,,,,,,,
2021-02-25,,,,,,,,,,,,,,,
2021-02-26,,,,,,,,,,,,,,,
2021-03-01,,,,,,,,,,,,,,,
2021-03-02,,,,,,,,,,,,,,,
2021-03-03,,,,,,,,,,,,,,,
2021-03-04,,,,,,,,,,,,,,,
2021-03-05,,,,,,,,,,,,,,,
2021-03-08,,,,,,,,,,,,,,,
2021-03-09,,,,,,,,,,,,,,,
2021-03-10,,,,,,,,,,,,,,,
2021-03-11,,,,,,,,,,,,,,,
2021-03-12,,,,,,,,,,,,,,,
2021-03-15,,,,,,,,,,,,,,,
2021-03-16,,,,,,,,,,,,,,,
2021-03-17,,,,,,,,,,,,,,,
2021-03-18,,,,,,,,,,,,,,,
2021-03-19,,,,,,,,,,,,,,,
2021-03-22,,,,,,,,,,,,,,,
2021-03-23,,,,,,,,,,,,,,,
2021-03-24,,,,,,,,,,,,,,,
2021-03-25,,,,,,,,,,,,,,,
2021-03-26,,,,,,,,,,,,,,,
2021-03-29,,,,,,,,,,,,,,,
2021-03-30,,,,,,,,,,,,,,,
2021-03-31,0.17731717707626435,0.9133016907806143,-0.06118642609362326,-0.1195931006254829,0.8428309270465639,,,,,,,,,,
2021-04-01,0.1782142452705592,0.9071657088379401,-0.07145280287237829,-0.11563651104013595,0.7384991051546157,,,,,,,,,,
2021-04-05,0.1724438784093364,0.8952590597645568,-0.032116923570015755,-0.09420513939942454,0.6037718956656262,,,,,,,,,,
2021-04-06,0.1734059937156854,0.8878827931943437,-0.045147593299091064,-0.08915132617186616,0.47804972860864026,,,,,,,,,,
2021-04-07,0.15186047669301733,0.890296311883906,-0.01398303919662892,-0.05110605185813388,0.3738289659282257,,,,,,,,,,
2021-04-08,0.15217138212282683,0.8418654962378955,0.04090071725927929,-0.050032469858038664,0.6398492091873251,,,,,,,,,,
2021-04-09,0.1527109398316221,0.8341437942367561,0.038363458498498655,-0.053898657941393924,0.7169787747467316,,,,,,,,,,
2021-04-12,0.15255305885366405,0.81557648928718,0.014987675906182635,-0.06587960085923672,0.6050186601302099,,,,,,,,,,
2021-04-13,0.15383101457827095,0.8178751120133403,0.03248676684437631,-0.05606570566022062,0.6205099982495934,,,,,,,,,,
2021-04-14,0.1526489335025684,0.8053013233981278,0.009670104110828382,-0.05115032205975656,0.7137560364617894,,,,,,,,,,
2021-04-15,0.15665439572463916,0.8030196190407427,0.012266170853339196,-0.039886916797822636,0.7553189507757863,,,,,,,,,,
2021-04-16,0.15454036067588292,0.8051755078513425,0.014045211279138577,-0.04623629725589318,0.7321149457419971,,,,,,,,,,
2021-04-19,0.15482585370070417,0.7749935635328039,0.0351306721343134,-0.05107457397566162,0.8077210586388008,,,,,,,,,,
2021-04-20,0.1549279770154213,0.7654094431952922,0.045660691331515096,-0.04191354854238316,0.7110052399705302,,,,,,,,,,
2021-04-21,0.15600916145541313,0.7716670894612144,0.027688017151631213,-0.03347346766946069,0.6654957673652735,,,,,,,,,,
2021-04-22,0.15639893181805317,0.7781920019208941,0.036862168966978165,-0.03722514641809127,0.5892696484112909,,,,,,,,,,
2021-04-23,0.1563461372492083,0.7634095076698133,0.03176735904854288,-0.036370521273773604,0.6789147669307558,,,,,,,,,,
2021-04-26,0.15625157278636218,0.7485204842940135,0.045870393503965975,-0.03144896243556583,0.6142232793658602,,,,,,,,,,
2021-04-27,0.15580988572153687,0.7480017086776589,0.042399695325009486,-0.037081144475394456,0.603697896242398,,,,,,,,,,
2021-04-28,0.15457904099458342,0.745653576413462,0.05487409407160148,-0.04828585161282517,0.6347441860519305,,,,,,,,,,
2021-04-29,0.15118206584651672,0.7413246813400561,0.0891893830244698,-0.035507785927264446,0.5081575168464596,,,,,,,,,,
2021-04-30,0.15114962397873244,0.7484680370491333,0.0863460836210374,-0.03672825748501307,0.5411517217762587,,,,,,,,,,
2021-05-03,0.145687976455069,0.7479027091226916,0.059970163791456005,0.0003350254983309764,0.5490491822077332,,,,,,,,,,
2021-05-04,0.1445847251515379,0.7625089328512479,0.07263278380534287,-0.020408163265305146,0.39820437251912355,,,,,,,,,,
2021-05-05,0.14281613333919987,0.6728258819095804,-0.0009969099974568771,-0.027205268603277544,0.24303900756745866,,,,,,,,,,
2021-05-06,0.14739905234780493,0.6742652947150743,-0.01761951300243571,-0.011863972151359703,0.21332130671711869,,,,,,,,,,
2021-05-07,0.14836568389622617,0.6702698259026018,-0.007822430441184774,-0.006186521216597685,0.2769083198575881,,,,,,,,,,
2021-05-10,0.1474525412373755,0.6611138284271567,0.010751475467654039,0.005911936976759735,0.16594814635620625,,,,,,,,,,
2021-05-11,0.14740221879215262,0.6611913827278997,0.009233138681553595,0.007075485278381866,0.1936585917787017,,,,,,,,,,
2021-05-12,0.14553962239382398,0.7221192501788283,0.07069550482444498,0.013229599126250546,-0.0010027655846088779,,,,,,,,,,
2021-05-13,0.14219330258447896,0.7123050669362765,0.11063546057141982,0.028880838087589566,-0.04665125010617832,,,,,,,,,,
2021-05-14,0.14295621896896912,0.7121440877843275,0.11152080518362346,0.03554928202024632,-0.034815572574751874,,,,,,,,,,
2021-05-17,0.14636891815609593,0.7454072282177207,0.02240358772387974,0.05074825584162568,-0.22098825765364816,,,,,,,,,,
2021-05-18,0.14229082360571776,0.7437082888407023,0.04106564672400901,0.03295729638427258,-0.20842052150186774,,,,,,,,,,
2021-05-19,0.14288144547452894,0.7736225720116748,-0.005045348968094492,0.04186276901483854,-0.24213258396456083,,,,,,,,,,
2021-05-20,0.14248650548803246,0.8001419385815461,-0.002600961865818547,0.0467211740693847,-0.17950979070797324,,,,,,,,,,
2021-05-21,0.13995337695079368,0.8128013175167228,-0.016427642409634447,0.057057522453985765,-0.20786492995287265,,,,,,,,,,
2021-05-24,0.127783102166477,0.8166392651068056,-0.027452470582816045,0.09006244029054655,-0.1647350130182318,,,,,,,,,,
2021-05-25,0.12791079069959144,0.8029171082251743,-0.014203096017872082,0.10156703424260072,-0.2262490124431762,,,,,,,,,,
2021-05-26,0.1275636482850085,0.8035811776441956,-0.009989437423560786,0.09667742151951297,-0.18778377525560952,,,,,,,,,,
2021-05-27,0.12550665572517686,0.798388131785181,0.01746607106360011,0.10484899010617199,-0.23944785005785374,,,,,,,,,,
2021-05-28,0.12363512309017284,0.8078130034366249,-0.0037411871502873863,0.1186570556958475,-0.26489400972147037,,,,,,,,,,
2021-06-01,0.12346554647105033,0.8101471633867002,-0.0028338223459953254,0.12157786282013539,-0.25021568190691124,,,,,,,,,,
2021-06-02,0.11994336630579237,0.7991000610844503,0.04245724828773975,0.13820025292852334,-0.28080995221721594,,,,,,,,,,
2021-06-03,0.11997499772814106,0.7975750907283172,-0.05349204021417595,0.0910944272759493,-0.28482632030526067,,,,,,,,,,
2021-06-04,0.12119911506024003,0.8034797188904774,-0.07433921928347698,0.09885000949309686,-0.3412718998194274,,,,,,,,,,
2021-06-07,0.1212463206937874,0.8191394296130733,-0.0783831090336829,0.10228728418636646,-0.41941637010291455,,,,,,,,,,
2021-06-08,0.12133397533656551,0.8192441368858604,-0.07928582808257777,0.1015234158790208,-0.4161623463626637,,,,,,,,,,
2021-06-09,0.12108604192302508,0.8536211710356211,-0.0782737214623583,0.09617167101781599,-0.3320158831847666,,,,,,,,,,
2021-06-10,0.12110033012862323,0.8525730533012256,-0.07739480994345514,0.09561499662929673,-0.35388327165589784,,,,,,,,,,
2021-06-11,0.12274678655247828,0.8494051545733049,-0.08056701938283185,0.08829830476273526,-0.36582586803259687,,,,,,,,,,
2021-06-14,0.12398268764419941,0.8655661424572895,-0.10545349240667425,0.07699857109036845,-0.30488721083692083,,,,,,,,,,
2021-06-15,0.12435966589644151,0.8653334842369296,-0.1102149411439543,0.06585524284192257,-0.3074792141767453,,,,,,,,,,
2021-06-16,0.12423010657416408,0.8612304996831845,-0.12159844159996913,0.07093956076177999,-0.29676024024136793,,,,,,,,,,
2021-06-17,0.15863023529783274,0.8609994799035596,-0.09009744806611675,0.028809966926877095,-0.30481846719907046,,,,,,,,,,
2021-06-18,0.1585662755510326,0.8662484700582938,-0.07924975515994208,0.020655463787613737,-0.32188073732669753,,,,,,,,,,
2021-06-21,0.1589453673083807,0.8976797142157368,-0.10365783162285717,0.03350533281904,-0.38734729925700406,,,,,,,,,,
2021-06-22,0.15893583730037786,0.8878280380921675,-0.11662972049494304,0.02603473665918754,-0.4104598377686617,,,,,,,,,,
2021-06-23,0.15702286827907214,0.8855125778143983,-0.09368637931416057,0.041583971073855475,-0.4160534889929699,,,,,,,,,,
2021-06-24,0.15311296538817526,0.8866867578961738,-0.08528118117363753,0.05511011664133947,-0.4116803175298376,,,,,,,,,,
2021-06-25,0.14910148530315775,0.902401919264149,-0.09085007588171747,0.037343913045025934,-0.4630277246484692,0.16457714748724778,0.9187664756422514,-0.09617769584340205,-0.0867152619310001,-0.010450884015635653,,,,,
2021-06-28,0.14821494299029433,0.9228716992573149,-0.08933531358279462,0.030259156456297065,-0.4173133973981735,0.16446797106506805,0.922697981860783,-0.09707407758567065,-0.08887641786346268,0.01300013720885862,,,,,
2021-06-29,0.14966668680221593,0.9283634229766251,-0.10319580387181831,0.02012952670923518,-0.3926673627969701,0.16155124238390908,0.9172374261544174,-0.07831185282670654,-0.07597191755987731,-0.025976985133292718,,,,,
2021-06-30,0.14903427765196647,0.9287832851230697,-0.10398323313300971,0.01640847710036608,-0.39784472886394295,0.16165688156244126,0.912567671544386,-0.08351385401972151,-0.07420568656545845,-0.10998456491708863,,,,,
2021-07-01,0.1491157372865988,0.9295534463855485,-0.10760947434345002,0.020211342291931444,-0.40102134518607035,0.1501695886618656,0.912988801320887,-0.06851911264879226,-0.03192763147349631,-0.17710577404389938,,,,,
2021-07-02,0.1480617762296604,0.9248995248271489,-0.1209283061557942,0.014276019993926248,-0.41881431112270817,0.1497515296344052,0.8913494489346623,-0.051031351337062436,-0.03647071440415128,-0.04694310770358234,,,,,
2021-07-06,0.14761336250997448,0.92558883087751,-0.11591633638994189,0.028312643833847018,-0.4122209113831581,0.14996050405110317,0.888825470961644,-0.05255969029762078,-0.02711202761296394,0.009204219395095858,,,,,
2021-07-07,0.1470067952388688,0.9224181514576902,-0.1082487773794319,0.0400531115425522,-0.4347407544804166,0.1498558236734922,0.877986305051097,-0.06332296059506914,-0.028465172318278276,-0.09274836312994483,,,,,
2021-07-08,0.1461156677734071,0.9122559065644341,-0.12672847695894782,0.030098407141657235,-0.4822743102384005,0.1498412763697813,0.8759191789207493,-0.061772959694087574,-0.027654786954209087,-0.16102034339066096,,,,,
2021-07-09,0.14577174225982437,0.9156381499376601,-0.11921459179401113,0.04279210082840179,-0.4644561100890674,0.14914972703124663,0.8723987946562038,-0.07099424268626037,-0.010547050970341143,-0.08220842587491117,,,,,
2021-07-12,0.14168263728384034,0.9153642290747185,-0.1294939818898052,0.022130390822590273,-0.47632685473267633,0.14895961955674372,0.8723264649064286,-0.06847358545896969,-0.01863923903267628,-0.08078660409990568,,,,,
2021-07-13,0.14094560510510146,0.9146946348787887,-0.12633348681388457,0.016683560306041123,-0.4688883533044035,0.1475208458749794,0.8723003754671378,-0.06637562105871449,-0.030324123003448777,-0.08005357890091425,,,,,
2021-07-14,0.14138570362941205,0.8959571018307383,-0.14262388551789043,0.030724062557416332,-0.4109864474997287,0.14804197169375338,0.8473319360211906,-0.06779227251241994,-0.0219197298241669,0.06477220267839146,,,,,
2021-07-15,0.1411985244857259,0.8960112774313969,-0.14710603289386948,0.028452527491731994,-0.4372405772224247,0.14789817373675995,0.8428106732183154,-0.06364690981283243,-0.014653567442829418,-0.03711567878477762,,,,,
2021-07-16,0.14122787995700475,0.8927116911899847,-0.13709419618846316,0.01221349880778666,-0.4171059493727489,0.14830260332119988,0.8424979860095546,-0.0622080860731748,-0.02166879701914748,-0.029192425857913817,,,,,
2021-07-19,0.14077830743093953,0.8905634768385731,-0.14359346328054176,0.015263721196338675,-0.4046275407810146,0.14833495877776529,0.8428987164567212,-0.06095320708047523,-0.022529619478171337,-0.053792621063277424,,,,,
2021-07-20,0.14068560126928273,0.8919628007588625,-0.14461826395514474,0.018899749501124274,-0.41661348741109916,0.14828115080212842,0.8385239589172122,-0.06561211664373216,-0.018158165513948887,-0.02054376918625922,,,,,
2021-07-21,0.1410031779816969,0.8985590727156629,-0.15863702988243275,0.013089179904322235,-0.40559698570504976,0.14831646822412628,0.8340939163737318,-0.06545887651071944,-0.018771423658366926,-0.040500816999853084,,,,,
2021-07-22,0.141000775914647,0.8973229940490847,-0.15752507287430922,0.01495388737113057,-0.41284253700080353,0.14812937486947264,0.8333243737554215,-0.06776370940268114,-0.022681764362341594,-0.058376811825164965,,,,,
2021-07-23,0.14093999466132642,0.902517875710881,-0.15976016286494066,0.01572807037041235,-0.38747409712945957,0.147547620741469,0.8345751559654448,-0.0655128357204476,-0.03331722451447461,0.001323158523825585,,,,,
2021-07-26,0.14080575962647793,0.9316899181174817,-0.16306222813737303,0.01747435474213055,-0.3028202987168297,0.14564432349910897,0.8446030701100831,-0.05185024630786334,-0.01865390683253454,0.051456807082982614,,,,,
2021-07-27,0.14079969104250625,0.924687421888403,-0.16253026381327806,0.01815924565420035,-0.3176307972547425,0.14563751251210555,0.844625707719957,-0.05239481184645777,-0.01923596928093374,0.05163447169794644,,,,,
2021-07-28,0.1380689241167242,0.9256788261535547,-0.16421946477134827,0.004408919593966276,-0.30077445107054324,0.14133301550564278,0.8445913504908978,-0.06051311568490894,0.004745422192781179,0.08313476474792836,,,,,
2021-07-29,0.14123949850769343,0.9160710278234401,-0.17852740040735826,0.03108105358776636,-0.249844983508121,0.14248272302169462,0.8433125291435529,-0.06695486348709685,0.01003858310638428,0.04887002412610042,,,,,
2021-07-30,0.14265336046353122,0.9097040541870927,-0.20971282936509275,0.015860520082594087,-0.2644967064488628,0.1422502206951528,0.7997551836545133,-0.12254834056510726,-0.011776238229718183,-0.08574071592159727,,,,,
2021-08-02,0.13851375067312002,0.9204350579080629,-0.21807401516739328,0.003579886641404295,-0.30488710378550166,0.14243810149245859,0.8067980645746262,-0.12883260348115694,-0.008326557185374117,-0.1566047124491039,,,,,
2021-08-03,0.13766915534856966,0.9201685055198707,-0.22316174484292509,-0.009392274768515563,-0.3348086890092855,0.14251543035041586,0.8062538380304209,-0.12501480962582226,-0.015520690477985655,-0.15061168069898034,,,,,
2021-08-04,0.13746845724266044,0.924376619090808,-0.2193711921797183,-0.012570731330453166,-0.2884416677132786,0.14196910871774057,0.802900216577874,-0.11527327694626066,-0.0067331117250707395,-0.1703598814459838,,,,,
2021-08-05,0.13759023292770392,0.9259750052184035,-0.22159798207950335,-0.014813981555222844,-0.27925471180090455,0.1420103209002934,0.8039612966159326,-0.11698206453078698,-0.007843312385249157,-0.13967619425713318,,,,,
2021-08-06,0.1464627457706739,0.8863733255146234,-0.2907761610705278,-0.03275184970538525,-0.12887011578030894,0.1455180126017806,0.8052303368718555,-0.12732860807251806,-0.019955544421380145,-0.12974365484792882,,,,,
2021-08-09,0.1522928944944981,0.9017705357801029,-0.3266613140332952,-0.053453947368420685,-0.06739834584510862,0.14712713398682678,0.80916267796686,-0.13989169291737508,-0.026116904079920955,-0.11090537886252405,,,,,
2021-08-10,0.15146024522525237,0.9022990233364213,-0.33145469331254496,-0.05788587445040572,-0.08611583441906712,0.1471865615517343,0.8094117325843984,-0.14049856942300715,-0.024394393705985506,-0.11793323491076668,,,,,
2021-08-11,0.1499432230891551,0.8576481046267417,-0.275652585735561,-0.061201503668875,0.0472265161427341,0.1483000401525864,0.8010716442883334,-0.14269179201781845,-0.0135591173933296,-0.18419824702834886,,,,,
2021-08-12,0.14992064620143222,0.8588288949238209,-0.2748527464871944,-0.06220554131256728,0.03539752678403896,0.1461053649210339,0.8007457751409662,-0.13547096341142367,-0.03129837139007696,-0.1804005657100345,,,,,
2021-08-13,0.1525679272941806,0.8136873350339332,-0.20379545845327562,-0.054903028874900506,0.2916261331996144,0.14775026686343518,0.7937311046203239,-0.11713743108904622,-0.015338652676066933,-0.021118639948162432,,,,,
2021-08-16,0.15331378226671472,0.794679237082329,-0.22198635072272788,-0.04893988755572365,0.1280381434355684,0.14792494878331958,0.7951829567969189,-0.11982469015729429,-0.004505242491766093,-0.0744557476031612,,,,,
2021-08-17,0.15326232290647832,0.774495941043947,-0.23392661568944303,-0.047370333381336116,0.19811631433337107,0.14679267070070254,0.7924456631900687,-0.13284336362294372,0.006984355212091176,-0.05093004942092905,,,,,
2021-08-18,0.1529278393103056,0.7712738375356535,-0.2415957941017162,-0.05311752485324417,0.15747455451157144,0.14156543892981835,0.7921226451063834,-0.14588681313751906,0.03216102152682532,-0.033202031294164325,,,,,
2021-08-19,0.15200665481597067,0.775164011235121,-0.23833552724439533,-0.06053742066072909,0.21653318202915628,0.14147409653816018,0.788135552611835,-0.14276046319797475,0.03488100730466459,-0.058706249009295,,,,,
2021-08-20,0.15193551600308225,0.7812844297374821,-0.23563375361139513,-0.06164525256779774,0.255635100401965,0.14121633638052553,0.7912932759107221,-0.13937446040485243,0.029072464884541294,0.019847200905027895,,,,,
2021-08-23,0.1543688789763076,0.7794245445880382,-0.2342084688817851,-0.047159310358416584,0.2890233035741141,0.14146077931791856,0.7887613790243704,-0.12979018350190383,0.052745073682571864,-0.01963055514117973,,,,,
2021-08-24,0.15415791914921376,0.767381280403249,-0.2288527114061959,-0.049408672798949116,0.33639544056427884,0.14081474157086504,0.7885470821909838,-0.13801544518429681,0.06338569525673554,-0.017607706260283962,,,,,
2021-08-25,0.15515425604735975,0.767220837461548,-0.2359083983116103,-0.05984251968504006,0.33462963382971544,0.14157152126028533,0.7893793273504773,-0.14191013855081736,0.05445981748601625,0.0006843699078418197,,,,,
2021-08-26,0.15513250898844058,0.7721062744563838,-0.24255500330455484,-0.06005553786899187,0.24928793795272375,0.14039605902707147,0.7858420596408748,-0.12917517388043978,0.06984502453627828,-0.10152454820932477,,,,,
2021-08-27,0.15313958387289384,0.7724442197861223,-0.1988283524767445,-0.02871939754754227,0.251216843650635,0.13785001194860197,0.785327600843038,-0.14176430488678643,0.059758852657103345,-0.10516264583033796,,,,,
2021-08-30,0.1517485201257402,0.7665835870174493,-0.17142269641988267,-0.04217761565968492,0.2753961686265127,0.13795974750554837,0.7868524585186264,-0.1388944241662815,0.05250313612505586,-0.15986070486307602,,,,,
2021-08-31,0.1517092185458981,0.7384672916272835,-0.16201724511257481,-0.042500564128378215,0.4054139996538457,0.13802043396455602,0.7853936179165198,-0.13889164866315368,0.05543945277690798,-0.18403963857278904,,,,,
2021-09-01,0.1516756601125437,0.7406848386552396,-0.1625809784266162,-0.04138514748927591,0.4593123766920595,0.1380071153893356,0.787129224821532,-0.14001461412271998,0.055936706849976536,-0.14799848606818333,,,,,
2021-09-02,0.15169465511955804,0.708866683506894,-0.17557159015976556,-0.044315484041150044,0.3208612319777784,0.13787751070869197,0.786517797459913,-0.13852202372514244,0.047594292824465256,-0.1176856765218427,,,,,
2021-09-03,0.1539798337437876,0.7076254510108926,-0.1676792909541468,-0.0330626832076526,0.3629927633059853,0.13893077116512872,0.786436381515716,-0.1342299400593743,0.05939102507818883,-0.11934757501604965,,,,,
2021-09-07,0.15785508966179723,0.7221571010841883,-0.10662431207158074,-0.04314746575832207,0.25383375292934174,0.14183403799364017,0.7902383548561785,-0.10473892808760207,0.04134099092314525,-0.2048510681046034,,,,,
2021-09-08,0.15732053457982545,0.7079594743934583,-0.08953171730440201,-0.038801663254599106,0.14602527406460641,0.14184674091622815,0.7901666149436274,-0.10312454511250756,0.03520923520923547,-0.2033831752935692,,,,,
2021-09-09,0.15728347678649637,0.7079957571532054,-0.08845972541153832,-0.03038139607429924,0.148124348354433,0.14174206816446278,0.7901188846558703,-0.103653985895873,0.03347307255127374,-0.20490002405477592,,,,,
2021-09-10,0.15733758067288733,0.7027287712680531,-0.07694262617324266,-0.037230067647570975,0.1704654080413588,0.14186377346854664,0.7855964267431895,-0.10431289730285809,0.031068408468158948,-0.17688218764320562,,,,,
2021-09-13,0.12313329844265161,0.702403513423852,-0.12275343307389204,0.01104348379913489,0.18157514034772282,0.14141641021079435,0.7855716020518908,-0.1037687531114885,0.0401716131290224,-0.17859078281359664,,,,,
2021-09-14,0.12371238319219474,0.6950033309541848,-0.12057891294593436,0.02153757805875478,0.3159015383339152,0.14161240152381402,0.7869444878262557,-0.09446334817471429,0.04263791051003407,-0.10766181907434091,,,,,
2021-09-15,0.12357793284435178,0.6438229952195773,-0.08464489949998028,0.006674532644068254,0.5208767881699292,0.14180783427149965,0.7871659633036613,-0.09938469850853579,0.04040349790075948,-0.06823072823035947,,,,,
2021-09-16,0.13111257771280357,0.6433450717741588,-0.0607365217401403,-0.011646265870290495,0.4700011981086465,0.14516161206148245,0.7815027841108119,-0.09963373991181688,0.014085263323901032,-0.13337525518676696,,,,,
2021-09-17,0.131024524614145,0.6411497091952512,-0.0642617455804048,-0.01794325421214049,0.4016392730532916,0.14421230567116067,0.7785307129501092,-0.08946378868592417,0.022894565097586472,-0.18151763681010025,,,,,
2021-09-20,0.1316778944102969,0.6738011014164457,-0.09290486104010941,-0.007260597004711822,0.23602965836577172,0.14242712951383388,0.7903326392805251,-0.09439445402068558,0.04744938728881243,-0.2728194238665458,,,,,
2021-09-21,0.13275386538493505,0.6545303728501298,-0.11397731381984268,0.00022494225040325944,0.2862367930251519,0.14065345637970075,0.7934819971398677,-0.10333207087014949,0.03757725551926816,-0.3093265026084282,,,,,
2021-09-22,0.13271266542484786,0.6467724578706808,-0.12084596184384316,-0.0010669413128809868,0.26543772737740134,0.14014521775372904,0.8001754990389045,-0.10365412428811561,0.029159930399299983,-0.26264638983028565,,,,,
2021-09-23,0.1355163631026228,0.6444958817451395,-0.12228528890402014,-0.007824862184649839,0.25168329294519176,0.14221372683894218,0.8015479900817809,-0.11192910573057575,0.01214715375224329,-0.23981188475262405,,,,,
2021-09-24,0.13519442639846083,0.6504950240197577,-0.11837872884081957,-0.011232797859731636,0.2225664386663142,0.14173097358905992,0.8039522851678879,-0.11095161162594167,0.004991366134180053,-0.2638251746430419,,,,,
2021-09-27,0.1350406843989381,0.6444355040406154,-0.11280512087932304,-0.013957703819560408,0.25805978314872835,0.1417257054138799,0.8025125095621699,-0.111736783068578,0.005971534542864365,-0.2464490434140707,,,,,
2021-09-28,0.13579362810647058,0.6477722226396151,-0.10025453396135303,-0.025682749719107667,0.21056395030724895,0.14156277549648222,0.8010419353822111,-0.11555158500900421,-0.01177337717367044,-0.29643755661066595,,,,,
2021-09-29,0.1360756482728488,0.6479285419615565,-0.10586010976546141,-0.03973911977382616,0.214082843747468,0.14165634485898415,0.8013646359338608,-0.11765675085001655,-0.012551595484406097,-0.28638749259676954,,,,,
2021-09-30,0.14193694441657176,0.654885690681431,-0.052193091465952836,-0.025026344929211297,0.29347127783154425,0.14414152391931317,0.8041025710794671,-0.09168728135280434,0.01402438362838887,-0.2688534013916899,,,,,
2021-10-01,0.1419524201494396,0.6763887991631933,-0.04676750044553117,-0.023219602206189016,0.46352764243358213,0.14361620882968698,0.8114761738627505,-0.09933065051389,0.006179931894598978,-0.24229414183590614,,,,,
2021-10-04,0.14185637662871797,0.675588518812801,-0.04915403075727816,-0.023749033789799423,0.4531299282467478,0.14348939507750127,0.8121265025227797,-0.09770966496336508,0.018026795990091937,-0.22178514568074215,,,,,
2021-10-05,0.1419569379312122,0.6787529890531895,-0.0575596332259739,-0.024918322936842374,0.5537172517527005,0.141361388219306,0.8153000747374484,-0.10395199609004169,-0.003339384339487883,-0.18635999991856123,,,,,
2021-10-06,0.1418649358323104,0.690027725761001,-0.05149400698431446,-0.02657604007796499,0.6929058233384215,0.1409290433704777,0.8213407519254385,-0.0990393013667617,-0.010335862739260349,-0.10087800046616635,,,,,
2021-10-07,0.1406975423849123,0.6941809945030887,-0.048210770772925904,-0.03605482127568482,0.6393094405833664,0.14072976562721318,0.8095707190875626,-0.10973390233728199,-0.006438509302639006,-0.034424522754758935,,,,,
2021-10-08,0.14057833339883508,0.6891402963947147,-0.04342582093686376,-0.039147061556007445,0.6981311272664605,0.14058597322327798,0.8093404152795388,-0.11107507379218266,-0.011808366909418222,-0.044360707018893275,,,,,
2021-10-11,0.13981795727594648,0.6966881426874486,-0.05048824839823703,-0.03267220321108788,0.8294708272614553,0.14006266460063635,0.8116974416973771,-0.10487749908880566,-0.020857746318267534,0.0663876610068177,,,,,
2021-10-12,0.13980733035424808,0.6978872831465812,-0.057840860620084526,-0.027581198148623143,0.8184620688737321,0.13982031518622853,0.8103683539163055,-0.11096756160794743,-0.012738468671086078,0.08266223394179795,,,,,
2021-10-13,0.14589209515128365,0.6925615744386908,-0.041455519988906925,-0.00921942862819014,0.9257365102800097,0.1427574857929519,0.8108197906532715,-0.10076883518204836,0.009506075981317919,0.12344870689737464,,,,,
2021-10-14,0.14567024970758216,0.6801839692779854,-0.03126743003586481,-0.0030497947906964473,0.7851225694808739,0.14276804087280925,0.8068665591548005,-0.10254659660209846,0.009999465800939245,0.061082236185378225,,,,,
2021-10-15,0.1495379930898454,0.6919793024245015,-0.07148878270107249,-0.02054944892225663,0.9061600030463661,0.14479743718115612,0.8130724793130266,-0.12137108749718245,-0.0059028556958483636,0.11921607145924495,,,,,
2021-10-18,0.14951713653025753,0.6895907474101098,-0.06966283395664653,-0.020035573691835618,0.8470284034539517,0.14475845084403308,0.8130897549839101,-0.12178883267528798,-0.0046226242343599955,0.1313527404531647,,,,,
2021-10-19,0.1496285363089886,0.662339767034087,-0.06438154565541943,-0.0159515073092249,0.7211096532906236,0.1447404475163871,0.8138125234382783,-0.12141884202220578,0.001244105135512763,0.19992271395673789,,,,,
2021-10-20,0.1506053518478908,0.6567684074386827,-0.05918559025310775,-0.00827871097334576,0.6746500383567804,0.14521321832418022,0.8074742957532123,-0.11778337293026583,0.009730199534589534,0.14272961155083097,,,,,
2021-10-21,0.15063841347089757,0.6710591879823191,-0.0536085611052591,-0.009890496883228184,0.5554134837237252,0.14389463868362484,0.8120277581731419,-0.11378323005164476,-0.005525183694764402,0.08758484696900037,,,,,
2021-10-22,0.14718478454452302,0.674132779655087,-0.06080577866280831,-0.01905848802661647,0.5169872437014233,0.14378801066898889,0.8063102854102918,-0.1299244494791631,0.011430207673492676,0.1379755908168112,,,,,
2021-10-25,0.14624945030986639,0.6700864623222097,-0.03271232945933045,-0.0031997830938611527,0.49257743495833406,0.14387633262837757,0.8011013383531199,-0.1329095965786345,0.0126099867647127,0.0977956192919629,,,,,
2021-10-26,0.14659152087900765,0.6568696007169339,0.0026294605161433287,-0.01580503102268782,0.5398162639011252,0.14203301097626475,0.803199617503152,-0.12213137175148493,-0.012281724600708643,0.07034614283849971,,,,,
2021-10-27,0.14647822372569436,0.6579480063625458,-0.00935445463208155,-0.008433893921898972,0.5328392697040065,0.1415435105161657,0.8041918182989759,-0.12693599053264307,-0.01774695524133152,0.01963136335245741,,,,,
2021-10-28,0.1465493336975637,0.6569274933595433,-0.007021864755174067,-0.006558293973029317,0.5251809739231841,0.1414855202428653,0.8049019671744336,-0.12358761088536578,-0.01904658275196136,0.0852552302402183,,,,,
2021-10-29,0.14795155036364502,0.6567075066724307,-0.012908136086175616,-0.013820553741270447,0.5225995320859833,0.142263378860328,0.805483212570059,-0.1274644199502001,-0.028429797868287032,0.09740643856511988,,,,,
2021-11-01,0.13877725624842452,0.6537270166583988,0.02645283462441362,0.01854691945720166,0.4247873191409861,0.1422367958765601,0.77825646221171,-0.15427065046918043,-0.01481237616674369,0.24117481236097116,,,,,
2021-11-02,0.13178361191095778,0.6386046676539338,0.10292645019337635,0.03643210218016857,0.36365477592524065,0.14231949766320384,0.7796923996504289,-0.15625892237024433,-0.0189692848607117,0.27174669972409715,,,,,
2021-11-03,0.13518578703644457,0.6372391833791617,0.11022637568715642,0.018594487584523867,0.3813755337723943,0.14332493502925361,0.7797394711362098,-0.15374072005719006,-0.04036774503966922,0.2624172270355003,,,,,
2021-11-04,0.13707420208198928,0.6400814517460256,0.08768410235847851,0.022928164063387158,0.34782471615119626,0.14350164971988164,0.7542837509345519,-0.12360208053872045,-0.03967657772253386,0.41147778186608663,,,,,
2021-11-05,0.13942711323048457,0.6372269543031793,0.07832700070757641,0.03710469128225102,0.3758278131138655,0.144778244883644,0.7539518878823293,-0.12450587883160671,-0.027408967436764242,0.4245287149787891,,,,,
2021-11-08,0.13669606814504576,0.6518238082138276,0.05691523779105903,0.028005876839275246,0.41372952712239797,0.14467155920888386,0.7342054225980873,-0.0931586906125771,-0.028434759500398976,0.8260100025072219,,,,,
2021-11-09,0.13613605773527176,0.6461327285148598,0.06989566870807382,0.022907586814987946,0.4557673895241863,0.1446929042901135,0.7219707067257589,-0.09604461921706613,-0.027153395463634156,0.6421611433529069,,,,,
2021-11-10,0.13737507418123,0.6463894007534794,0.05080510820605972,0.03384047340174079,0.4541829706174052,0.14532978047127254,0.7107867350786644,-0.10891377355674779,-0.01513289448641797,0.7422803411224783,,,,,
2021-11-11,0.13820905129666738,0.6464982573113693,0.0474564607850579,0.04455279024449954,0.44973748603203956,0.14572534788797517,0.7092606111410534,-0.11257950205244148,-0.010931268551838125,0.6780342508036603,,,,,
2021-11-12,0.13822039474365858,0.6432486534462025,0.048782292744016444,0.04789413133495146,0.37327198842780196,0.14539134597454445,0.7094504895641731,-0.11187376323170105,-0.01554267650158181,0.6706309418735807,,,,,
2021-11-15,0.1382685194588649,0.6356168220240898,0.05121093136694031,0.046300434745479846,0.288182667978484,0.14537263694173347,0.7091941660434345,-0.1123916511979856,-0.018199019816201756,0.6174873736432351,,,,,
2021-11-16,0.13692754542039903,0.647070462383258,0.07121506285505534,0.0264628940185343,0.21424667690648924,0.145630700258278,0.7133390846432487,-0.10513220635967732,-0.021944388171884155,0.5651922628198929,,,,,
2021-11-17,0.13795127374779292,0.6413821429748914,0.0726948264829856,0.034116644275296704,0.26541448513792854,0.14609231248581372,0.7042530752669786,-0.10025452656772857,-0.01697768663764876,0.6910941483623221,,,,,
2021-11-18,0.1367334172300092,0.652221406841913,0.0990664386812357,0.039307662989426895,0.16301509450882312,0.1462263075240195,0.7092841514137567,-0.09435617136477222,-0.022887126291830984,0.5521944097227427,,,,,
2021-11-19,0.13721994128583195,0.6465190388512135,0.09850252282101297,0.03141712675362185,0.23810888519196793,0.14635459713366666,0.7090894427613907,-0.09719265502365054,-0.030525183560857094,0.5467544961424196,,,,,
2021-11-22,0.14402091899648517,0.6449461013579864,0.10909126495321474,-0.007254713477260588,0.14738722825405381,0.1480527689582541,0.7086539905576446,-0.06357848515144293,-0.03576576002435583,0.43563022618108804,,,,,
2021-11-23,0.1460482235558798,0.6396385336147008,0.08958540293926495,-0.01567150596455169,0.2234426380839678,0.14834291758291349,0.703019389784958,-0.05520854548842342,-0.05718813486885532,0.5603740531466059,,,,,
2021-11-24,0.14586975367846214,0.6418535912520181,0.08884302456062486,-0.01859079655227447,0.19322404782506752,0.14822774168331612,0.6892789132720063,-0.048413813988324804,-0.06030124133958503,0.6769737815369796,,,,,
2021-11-26,0.14587274121036342,0.6471202326446088,0.08712600516901958,-0.016795154185022088,0.0966842515925237,0.14821414681632664,0.6935883989742946,-0.049667128689776206,-0.05748523174124576,0.6004049016722381,,,,,
2021-11-29,0.14583529059673947,0.664768455635443,0.08063451871033389,-0.016119211245860354,0.17188800320433462,0.14821765449100688,0.6844626686432405,-0.05466780291024384,-0.05972036463828845,0.547901431652456,,,,,
2021-11-30,0.1437923985994002,0.6651939982778096,0.07845958813768113,-0.032775250687839486,0.139530204046447,0.1483459710503711,0.6842595797602047,-0.052592880866253224,-0.06475429616494865,0.5531714216838999,,,,,
2021-12-01,0.13892699148159818,0.6496552494847116,0.02117626165590166,-0.007895441296567274,0.22256885194150744,0.1481444367947405,0.6839796150257409,-0.05028074376890807,-0.05070223877189883,0.5328980918443369,,,,,
2021-12-02,0.14101172920189134,0.6493908940222981,0.027872230429542285,-0.017173152399289293,0.22534416168420845,0.14878921075985285,0.6765048514671564,-0.03628434722283082,-0.0553084687774712,0.40427537871761055,,,,,
2021-12-03,0.14301922919512167,0.6593036726896822,-0.004013118048190524,-0.00894443088107677,0.15534820722176912,0.1497158975968307,0.6812032285222389,-0.04970309913349366,-0.03905408265811883,0.3264834075389562,,,,,
2021-12-06,0.14282897241553352,0.6669409535348172,-0.00441484403875915,-0.007030844125656688,0.1269656503613792,0.14968206419489155,0.6822026353358899,-0.043549692220227226,-0.04399915297081003,0.3190743097988271,,,,,
2021-12-07,0.142936720791074,0.6669411107169602,-0.004353253413531709,-0.005405747386430959,0.12759384936267493,0.13285916130422698,0.6820463488962432,-0.06021045372467627,0.00557803812901958,0.33233686081593183,,,,,
2021-12-08,0.14216580411265953,0.6606112485238007,-0.019194677881298843,-0.011952839288227102,0.07245963271414424,0.1327716717590544,0.6757172011221494,-0.06591453629497472,0.00932730356133371,0.41125128048956827,,,,,
2021-12-09,0.14184192780644744,0.6699006259715846,0.00012324455495717906,-0.01008474323814934,-0.010466267930847373,0.13248242371553462,0.6567117159759471,-0.03684748337668907,-0.00347752154203107,0.5049588842151362,,,,,
2021-12-10,0.13502036641278753,0.6699460508890157,-0.009883770585415138,0.015995957441397035,-0.011302149839689135,0.1325711248948793,0.6561338043736898,-0.036516829985745486,0.004163398397894147,0.4533870243031002,,,,,
2021-12-13,0.1348883931164508,0.6699399868204153,-0.012397252511652414,0.021068872844401065,-0.011213600116028455,0.13251170553863284,0.6545851439963029,-0.04002559983830074,0.0027475744908500577,0.3859218507383513,,,,,
2021-12-14,0.13548643386197046,0.6380538700663317,0.021953100950351294,0.004819140358708562,0.0879667994558373,0.13304292747862598,0.6536279335627745,-0.03648957217317272,-0.0024764464820570264,0.3447592314447008,,,,,
2021-12-15,0.13473929123162603,0.6353501973087453,0.034046850345016325,-0.007704392952460615,0.20158038608003137,0.13319129756432735,0.6423594061057151,-0.04038936267194418,-0.007481183745546183,0.5455169023535034,,,,,
2021-12-16,0.14028120235300168,0.6231313882562629,0.006689959464777012,0.01090617371892355,0.09388328575857052,0.13598364594535362,0.6326840457322431,-0.05676209379317403,0.009827596158736407,0.38424117914644995,,,,,
2021-12-17,0.1361021904839013,0.6238208203508934,0.025812811248210332,0.03148929823315405,0.029113354090634536,0.1353362467337523,0.6321074281461367,-0.05076718355500452,0.023418036629538674,0.28812399186203663,,,,,
2021-12-20,0.13669464067817544,0.6165709734781412,0.02326391108998968,0.024490509567784313,0.0943172484374899,0.13545627239723332,0.6312632391059808,-0.04980613285320206,0.012982614764595946,0.3378755411933423,,,,,
2021-12-21,0.13690397037692917,0.621453471009426,0.015341274642971402,0.020947460714540345,0.1586543606119939,0.13548182393354286,0.6304781328073775,-0.04999614216082948,0.006697378442554358,0.4576564536558536,,,,,
2021-12-22,0.13647201921974592,0.6183126752672982,-0.0017344863057095717,0.03723738196942472,0.1850628324478525,0.13581471173026968,0.6305539614271276,-0.05217729362452124,0.010598273889001364,0.4345943438103699,,,,,
2021-12-23,0.13547654781001245,0.6235710854528683,0.012018813215053317,0.05154096320128132,0.2218288710177183,0.13574180082336534,0.6331896731039782,-0.04786356688320057,0.009753650917541101,0.48340147029794966,,,,,
2021-12-27,0.12978414371944044,0.6153038164403778,-0.0365314069663287,0.029482099503770565,0.1564143302122336,0.13561642653071043,0.6329025715656953,-0.04612804441702146,0.00371792538314053,0.4957887214023271,,,,,
2021-12-28,0.12979002338210002,0.5989027491641548,-0.041451537189482045,0.029856687483551525,-0.010975052072436986,0.1356168606031357,0.6382585165248377,-0.04840373427773481,0.005943824870799919,0.4474653503484227,,,,,
2021-12-29,0.12958465305421024,0.5993395180789497,-0.04279492955325593,0.021611265993327855,-0.05432770776963758,0.13542156493690818,0.6384695763831206,-0.050053476620430144,-0.0026510144827874838,0.37418471015364396,,,,,
2021-12-30,0.12957576637341192,0.5917688382039992,-0.02792175966702712,0.030211795351400728,-0.08418331135340862,0.13553223987670276,0.6379432336816001,-0.050013673729898046,0.00454064514149044,0.42292018859324054,,,,,
2021-12-31,0.13047586101010764,0.5725426441952784,-0.03541357309151078,0.03791572534138887,-0.16356154027816283,0.13598285295144338,0.6382523023818436,-0.05310443436383436,0.010332035427165875,0.41601153932731805,,,,,
2022-01-03,0.13464603537123604,0.5701909774784716,-0.042691439026891334,0.023249218706956176,-0.1365622666856,0.13735439707089567,0.638251535327249,-0.0528715612097892,-0.013643848994007168,0.41544162757819914,0.14880454424332643,0.7794695928548834,-0.07939243774329896,-0.07525942763659155,0.45309151953435567
2022-01-04,0.13551594157925081,0.5704171334576009,-0.04594189847822372,0.032548054157985895,-0.14953854541140588,0.13782094158778224,0.6365696407221487,-0.05385396669052352,-0.007873168077672354,0.44419506857720314,0.14897584750072496,0.7772694034240849,-0.08273399981698466,-0.07153092871559719,0.35022929048310525
2022-01-05,0.13589996387702943,0.5624320170834312,-0.05465932412269162,0.03952840823840065,-0.2420776936507526,0.1376249833495118,0.6412384739872862,-0.06378596819243754,0.00556472484073689,0.3865967487966677,0.1472298819975012,0.7750399639009782,-0.07041868660563864,-0.043749345629308545,0.18315701953858787
2022-01-06,0.14220878351214278,0.560855379120562,-0.045242221421334675,0.016995339915818475,-0.22983379025046557,0.14054560600550303,0.6406717522386824,-0.05849011810234479,-0.011054610070626025,0.40051803915777917,0.14851254626160762,0.7722469554430599,-0.07000476426311998,-0.06500837479158705,0.09626076509474668
2022-01-07,0.13651943743260533,0.5618277091305254,-0.08691906814391866,0.0015044705609001952,-0.2760085775254313,0.1406958975891015,0.6412435837968266,-0.06171473978206439,-0.0077288284262494455,0.3942167153888363,0.1426373476822388,0.772375510842942,-0.06112912716434968,-0.020703933472013047,0.018635723523934944
2022-01-10,0.13647979284219214,0.5622834253939137,-0.08676657811846841,0.0005005975870964186,-0.2704091027107912,0.14055631705753943,0.6326628033221562,-0.05502870716946817,-0.0025507239235134094,0.3024091772387687,0.14238832965816536,0.7599985906027149,-0.05139499095141909,-0.028095957763198287,0.17585587536781655
2022-01-11,0.13379326208974393,0.5418979906838908,0.002238011181815434,0.028388819649211694,-0.3061679595024147,0.1414351660508959,0.6332632757885007,-0.04975954394389013,0.007255996127610409,0.32255488442854374,0.14276969738574696,0.7587568888316987,-0.05077493450652112,-0.013935555716474424,0.2597914299841617
2022-01-12,0.13402611361019814,0.5457594833057092,0.01225007597572852,0.03488706992111901,-0.29144155343934175,0.14157068244038173,0.6321741195652162,-0.045128456457151765,0.01415251376898663,0.308727576304745,0.14273356650721863,0.7533118756413189,-0.055072407134032685,-0.014879494971517304,0.17774354997619524
2022-01-13,0.13417420425203272,0.5413944922282377,0.012495273496018606,0.028748954766484758,-0.3372198890406509,0.14163623047954899,0.6155457128889781,-0.03970401055506276,0.012338858295169786,0.1407172469811664,0.1427572152037348,0.7524249292457391,-0.053356627529213316,-0.01620395355104065,0.08687099504822404
2022-01-14,0.13337434576975926,0.5383440790698393,-0.006211650460252924,0.017704059137043204,-0.3469033629715731,0.14169369276713556,0.610898252897067,-0.04105102712580867,0.009278781375047007,0.09370830825033938,0.14230520734519558,0.7498889564984096,-0.060847176167538,-0.007322817768884882,0.17038070521615123
2022-01-18,0.1334161051182261,0.5278115545579397,-0.011004963719240273,0.017116560739723674,-0.31883112463270236,0.14173405116469004,0.6110819360916764,-0.03998503366722425,0.007056772565847691,0.05949925343922047,0.14220956419632988,0.7497902058900312,-0.059391584684864766,-0.015107014180774203,0.17482290740502116
2022-01-19,0.13678169614467292,0.5267486780087945,-0.010871318243196884,0.02610916944212427,-0.31219690523787347,0.14160658705662116,0.6114941855316166,-0.04628619632865035,0.006553080122310151,0.043388520932507335,0.1425018204818138,0.7497991061956627,-0.05971791468086365,-0.012483283593959449,0.1743170278006354
2022-01-20,0.1363249110634018,0.5200694584037787,-0.024922903398953512,0.019813994792081235,-0.3546870018611119,0.14081168298292288,0.6075599120723651,-0.03276690242513643,0.016550811212662442,-0.03682038049258618,0.14250182831911415,0.7363891326684765,-0.06110768583212241,-0.012487297563245514,0.31969165338529604
2022-01-21,0.135981052018493,0.5561509710944265,-0.003246364587710707,0.02141185674769175,-0.3960399999197566,0.14087685893567556,0.618656462001578,-0.006990105094852703,0.005268410664853507,-0.07001256913071618,0.14252761841145445,0.7415585647991605,-0.05124890150490748,-0.01314508295743988,0.10457430787119826
2022-01-24,0.13626711991402274,0.5547143670898653,0.004081990675772861,0.023849177884833317,-0.37324158295255894,0.14093346995851838,0.6174983052397693,-0.009188479149825185,0.015214142526529084,-0.03928008573216124,0.1426305803595158,0.7413041440475544,-0.05106910370681004,-0.007276843658535759,0.13248110788141965
2022-01-25,0.13668283558275562,0.5482447335961838,0.004888423166307076,0.02768225068783825,-0.39042063004650873,0.14117712567279175,0.6146781906857925,-0.008089087635698544,0.02094240837696315,-0.07028114285085318,0.14273265275898084,0.741321185698995,-0.05048001716751369,0.0008644311226067014,0.13460775378014112
2022-01-26,0.1374049294489246,0.543680848317742,0.02222176604382148,0.025674043461519247,-0.40778842460486886,0.14227015233250015,0.6132773218724261,-0.0051932039387828696,0.01149866022283308,-0.09829893240747023,0.14323314031940734,0.7381443344611497,-0.05222444095409546,-0.008238968530023705,0.2109443631227459
2022-01-27,0.14311097640899242,0.5442093503523738,0.0071643161550264825,-0.0015035489301544747,-0.39122045999750965,0.1403920955684232,0.6094924557253282,0.020624903943408317,0.01701548432613964,-0.13261863125196904,0.1445993808846577,0.7320895125546867,-0.05017802203264992,-0.024375672361398815,0.10972706637232355
2022-01-28,0.14323320445738802,0.5391048146056203,0.009411689631564945,-0.0025148093990182696,-0.4023962991627492,0.13714245836787683,0.5985826654118113,0.06349750491613762,0.03382567298816164,-0.1850748592426842,0.14457408593930368,0.7318660788869255,-0.052138948063361945,-0.03377904117614616,0.10105799718724895
2022-01-31,0.1405365931692062,0.5418515927342112,0.021330210253363797,0.01763137091415845,-0.3888661846418542,0.13730662522629064,0.5988615848674527,0.0672134236261184,0.03655370480624365,-0.15579469960328152,0.14440337832532973,0.7317082693059566,-0.04920627931327565,-0.036965515055305875,0.14747661672558565
2022-02-01,0.13654223029658108,0.5416348292711469,0.04051141338997984,0.00446055199330897,-0.36953836920204364,0.1362539325823647,0.5989738158113519,0.06793121679229915,0.027490988324611942,-0.15024823142552424,0.14351508602214952,0.7295248565150405,-0.04051971811945148,-0.01739938038031652,0.09104359497918346
2022-02-02,0.13429102454285627,0.5476536260885003,0.027609723708221318,-0.00357771897033643,-0.3954588820049477,0.136410428962562,0.6016300896046092,0.06138494743228383,0.033394222154025544,-0.16825551569145591,0.14359682349576594,0.7290953716146777,-0.04327464436449086,-0.013514210172606123,-0.013853122975381993
2022-02-03,0.1338342768632863,0.4997529140815229,-0.01660865081090497,-0.013074411605066949,-0.45010587897121257,0.13481206562403442,0.5917885411179473,0.03312996106527327,0.014565304873050744,-0.22259844431058573,0.14157606499154565,0.7289678232718306,-0.04753352284306492,0.007201889663754235,0.006188992722260478
2022-02-04,0.13386742925565595,0.5575365904606876,0.0005980904218946507,-0.012562813735296774,-0.3803233962414696,0.13451977799621925,0.6115390944181931,0.043789454907228804,0.01005698933340926,-0.09789500819723052,0.14107176988066364,0.7366106106267127,-0.04880138097197696,-0.002868147364520124,0.08799651979535295
2022-02-07,0.13335911739846856,0.5701964385860978,0.0406982139183237,-0.014337498944937077,-0.32548458032888106,0.13496092853817984,0.6154382363514341,0.05319086389677586,0.019017786705110007,-0.01913116329540654,0.14080182128113197,0.7133044515990236,-0.06854511467622414,-0.006760387457118933,-0.05100346304569614
2022-02-08,0.13235721234488151,0.5706863333497401,0.04074829827523288,-0.019314340645130823,-0.320731765259193,0.13500543207685203,0.6154994023128597,0.05382283737937154,0.024377941831895455,-0.015239377025441203,0.14083039852835175,0.713306103311204,-0.06842685392235096,-0.005224476509354203,-0.05083055001431669
2022-02-09,0.13264519503858463,0.5710280286176405,0.044788785139793355,-0.01707253112874596,-0.3088902461233215,0.13515879755733032,0.612480848571897,0.055663297638153995,0.03000392615810532,-0.05091833407192481,0.14088252098104811,0.7125069603500781,-0.0672657819504134,-0.0033103466367697676,-0.012898712111560906
2022-02-10,0.13264444447201632,0.5714750800736538,0.044167238495935214,-0.015643389882028735,-0.31455990372946885,0.13515855501718751,0.6076604937225986,0.055653669313408746,0.029932749111020174,-0.11702794804679817,0.14061502863956493,0.7097670926016267,-0.062087286340591435,0.005802482648682217,-0.09067583633114351
2022-02-11,0.1320768183181989,0.5641323221363037,0.023357392549459736,-0.006472142903841682,-0.29509542681487655,0.1340276629171484,0.6087653094370993,0.05275313343698559,0.019819479482955593,-0.14407196447377657,0.14062340261811287,0.7102179002836404,-0.06287892038061613,0.01036640243540643,-0.10729249528954377
2022-02-14,0.13435912728897256,0.564189310466531,0.026770032828466444,-0.000427722585123691,-0.2945449625348062,0.13566880394152175,0.6064647540127064,0.05524442213313706,0.03367432923088787,-0.10730697697802372,0.14073918996944915,0.709338807583491,-0.057396275102768485,0.03913286515511949,-0.134409968522054
2022-02-15,0.13480093456058742,0.563047119185867,-0.007468721183687026,-0.002793635529163785,-0.21718422079650912,0.13531050109043594,0.6089775018380633,0.053253065932174264,0.036404216176367354,-0.08957343256665395,0.14014027708904994,0.7084027798836213,-0.052283603179591194,0.04704416744509854,-0.14523391729199198
2022-02-16,0.13539760783599344,0.5610458411118932,-0.004343901775938777,0.010747474981880778,-0.24359637847939064,0.13576450911128057,0.6062885846748579,0.05278731745362193,0.04250225651928963,-0.06348995540395097,0.1403661684852421,0.7084766063703779,-0.05317508869077949,0.05436619718309754,-0.14934148287517002
2022-02-17,0.12902175296001972,0.5799629055648823,-0.11118591542550385,0.05298120388911087,-0.2798272567674609,0.13637616637285402,0.6138593696569652,0.004955224232649283,0.04534212695795459,-0.17368299227829853,0.14126597653424872,0.7085760930148634,-0.06651171531850089,0.07010238206056796,-0.2746579697920565
2022-02-18,0.12604927168449362,0.5771901458569103,-0.09114015455825872,0.0650297100710393,-0.3046444274856497,0.13624406263860012,0.6112753114323474,0.000913218481922037,0.04833909061723607,-0.14927234395665534,0.14023501663273527,0.7080590413695178,-0.06183688372630327,0.05054192832345117,-0.26152083645298785
2022-02-22,0.12618195299642987,0.5816140436383347,-0.09761091812925397,0.06899062501667541,-0.31972747518720546,0.13628125024993676,0.6144471454146461,-0.0032869034835094216,0.04911723779070187,-0.18828246431869855,0.1402772764643402,0.7017769253357798,-0.06572876043534664,0.056204661735320016,-0.21584275224690952
2022-02-23,0.12618202983075671,0.5762196341679474,-0.1001877087015937,0.06995240796083024,-0.3037757422053309,0.13627264709476067,0.613095086225483,-0.0025368092966882375,0.05198239229849255,-0.2364618208998931,0.14020570877976657,0.7019722478756241,-0.0651865012782519,0.06257300098578278,-0.24964649086236046
2022-02-24,0.1268751028189281,0.5548048786389773,-0.07390164779717877,0.08079447683047558,-0.33688140019235735,0.13667980291897236,0.6143569702885928,0.004199158493118041,0.06337292234508607,-0.22289926818376737,0.13984114815361798,0.700538552355999,-0.07015441278153121,0.08499494330234847,-0.1860379199580361
2022-02-25,0.1338197915440427,0.5578845921258445,-0.10820100098935626,0.06427604959925382,-0.3120967309238448,0.13889285524045042,0.6149697235288999,-0.013298189448195323,0.02939413527257484,-0.21611344742543093,0.13876070334915266,0.7007635148180249,-0.07996254362789623,0.09185557743676287,-0.15376736315557904
2022-02-28,0.13397559320550226,0.5961452681780027,-0.07158023081438453,0.06523561013193802,-0.24526709602100483,0.13622715484643663,0.6241471939348053,-0.029312219521394397,0.056825104905128265,-0.07728706005991981,0.13886540135608766,0.7040976768285793,-0.07033480796377169,0.10313404014618333,-0.12971683819998114
2022-03-01,0.13808240817278422,0.5992739458249399,-0.04166425771375532,0.10274017284441905,-0.2146538315202713,0.13980608452895152,0.625004246502102,-0.015423086234134685,0.08380264779934343,-0.037680657552301655,0.1404877711438785,0.7041672835657335,-0.062036003334832265,0.12125062079049753,-0.08318387187232068
2022-03-02,0.1388094883840238,0.5909096794307532,-0.011405600785287403,0.07758283677333289,-0.1804933857225235,0.1407765260439445,0.6250727524247812,-0.013168653298348485,0.06794447157117922,-0.05318450238813566,0.14055178016181324,0.7028403357399425,-0.05620015396927338,0.12035201895525982,-0.13087366544054224
2022-03-03,0.13909201608456406,0.5834817019585968,-0.03180106759211329,0.08788987042093943,-0.16074365332957652,0.14090221935347427,0.6251915454520738,-0.022283971250247288,0.08024108631612892,-0.05418692545465109,0.14039536687116297,0.7025376288298435,-0.06226471708211634,0.1382960428029183,-0.1258079070540784
2022-03-04,0.14213432877820165,0.6050334339107521,-0.08529274164654213,0.10192190810260326,-0.22805642741914633,0.14258726488490384,0.6360540951488232,-0.049922290538923414,0.09596519662782654,-0.1295611755027798,0.14120547158323143,0.7071135319097338,-0.07365821351685377,0.15784514311800657,-0.2000866240492314
2022-03-07,0.14464670685080308,0.6069537174318214,-0.09833311633959704,0.11783815425038413,-0.24636784191600603,0.14374587601959263,0.6334153983463715,-0.06526507473985507,0.10447681444238088,-0.19175993253967183,0.14133715241591963,0.7044590338754828,-0.06909581451400851,0.1894517427974136,-0.2714914494161178
2022-03-08,0.1505433234887422,0.5984244521458625,-0.09175051245870283,0.15005352900494207,-0.1874229918347694,0.14699734333099548,0.6330356356931619,-0.04958005233410424,0.13845553445479974,-0.195927640516673,0.14142558274701097,0.7029678360622463,-0.07595612849061872,0.1901100936412723,-0.2934264787380445
2022-03-09,0.16226215242441064,0.622486033161467,-0.18457675765992423,0.1139622908892779,-0.11134654827907986,0.14913774758651693,0.6440847700584377,-0.10264607308547516,0.131781184285664,-0.12139024274598664,0.1441580196632592,0.7073573759436483,-0.09705141089060086,0.15472174165929586,-0.2504193521232012
2022-03-10,0.16250332445851165,0.634540865147296,-0.19143146371526423,0.11860424413952608,-0.15619197821609132,0.1491998013086871,0.6500745417091132,-0.10926272361550758,0.14217197472250898,-0.16565410394707303,0.14426463015665542,0.7092459831224708,-0.10000843870027676,0.16126788155423633,-0.31775143462567645
2022-03-11,0.16216422574298037,0.6351519198943762,-0.18615516101565038,0.12001351086827139,-0.1677154815025501,0.14948965370559722,0.6349222132554837,-0.0956493947875821,0.12541101318079528,-0.09450207617368678,0.1444877548171388,0.7093713218707587,-0.09876878374059624,0.15420394443678465,-0.32332882401496543
2022-03-14,0.1642533533989066,0.628519078736748,-0.18740609205413664,0.11124967346450698,-0.1887645684331002,0.15034458315729987,0.6314431267429248,-0.09408720227305643,0.10268816931184288,-0.025235416936043586,0.14497220114475198,0.7093702185752666,-0.10025968497264738,0.13393482777933974,-0.29048933839370983
2022-03-15,0.16425502043461612,0.6269319687186271,-0.16824724905648297,0.07312868622552338,-0.17468931596695014,0.15230292540527035,0.6235270296514361,-0.09052814773039203,0.08483241410025921,-0.09720643717827404,0.14590563847723678,0.7091910546625312,-0.09863018202848686,0.11485350046436604,-0.3074755252954281
2022-03-16,0.16594508148220438,0.6317877829824402,-0.18482870642493668,0.057787093660033095,-0.10948008788485464,0.15115699403497249,0.6254687179751559,-0.09080607361791072,0.09109606691947514,-0.08355406635868556,0.1463051247337838,0.7097309410125522,-0.10231467911750798,0.1054368468299911,-0.301115941670296
2022-03-17,0.16882789802952045,0.6308712932776169,-0.179077426576502,0.08280395498022775,-0.1264689283731465,0.15313377294283975,0.6218566605107056,-0.09140790878598654,0.1093223755997057,-0.044079881272649724,0.1472948938893964,0.7095588257029115,-0.1017841603212701,0.12161613343253874,-0.29222015241275234
2022-03-18,0.16946856335252175,0.6256694864334444,-0.17934362504255175,0.07860462989565886,-0.14581019308060572,0.15357403589132892,0.6222587705489742,-0.09497993068398079,0.10119865800691952,-0.010289255422526566,0.14741151115410256,0.7098305080848633,-0.10371743860077437,0.10771091629762375,-0.2835723289876513
2022-03-21,0.16897969280133318,0.6263657361238059,-0.178094005397189,0.07063591847583117,-0.15526931337461924,0.1529995707238582,0.6213613499173792,-0.10106137414005055,0.1105035971223014,0.0010589401478930949,0.14739089694536242,0.7068885915631734,-0.10570310831134028,0.11012026183910306,-0.24667814896291473
2022-03-22,0.16910044745356143,0.6229014539675125,-0.19394706817524185,0.060606089191038715,-0.1659113309737934,0.15257281653685725,0.6226808573189687,-0.10192283237534489,0.11527074860508879,0.019113616804961486,0.14724803548074503,0.7075880952043332,-0.1067269394418517,0.11384848831578687,-0.2261668844379966
2022-03-23,0.16965137277356562,0.6237168291835736,-0.18862087205409228,0.07104157260679589,-0.15298967204972447,0.15049482321765367,0.6183011410725409,-0.12422613535322094,0.10261812682306437,-0.020505118920537857,0.1473913919569626,0.7068153194425953,-0.10427524668108691,0.11775911805112238,-0.18723725430807447
2022-03-24,0.17131670411319003,0.6136956649871332,-0.1775555453239007,0.08354957464135304,-0.07623469485166035,0.15148899921592002,0.6038593712634374,-0.11930800500407124,0.11590077566435508,-0.08637306717837401,0.14781489026966707,0.7069937786787411,-0.10193805599108131,0.13744129554311946,-0.1497602231445202
2022-03-25,0.17146739808145367,0.6121422059666102,-0.1839446194385389,0.0821795870700377,-0.04512850713120953,0.15152912896238027,0.6032254143359735,-0.1226453519026369,0.10556685797875787,-0.0970044865533427,0.14784037696713442,0.704048401403873,-0.10507086556469225,0.12809553546676944,-0.19566753514237645
2022-03-28,0.17224805158147016,0.624180813267355,-0.20266045565562463,0.06929059860749232,-0.0010623799430350411,0.1518515383379775,0.6057399138811438,-0.12836448553403948,0.1015957873437987,-0.08515625663492343,0.14754918757404187,0.7051705684847983,-0.10426795532274993,0.13292845704175682,-0.18393348345456817
2022-03-29,0.1745081100600358,0.623129633826337,-0.19933115149282415,0.04571802291485216,0.025035071217982097,0.1534275785145159,0.5964633959763851,-0.13147112969450764,0.08536718025623191,-0.14262124386956743,0.14729467143627856,0.7049063983045383,-0.1021701905645215,0.1355780767550323,-0.19437219388886628
2022-03-30,0.17234182624717284,0.6233675663468322,-0.2033532130492407,0.07410700862358444,0.013012728702716192,0.15413039865948971,0.595234491709323,-0.1342852213229014,0.09907915738174844,-0.12532658571029132,0.14667768150443314,0.7049475408200631,-0.10352914275946115,0.1281946230087343,-0.20122883567110872
2022-03-31,0.17235276858554344,0.6265728188664796,-0.20799778012148548,0.07417611451387418,-0.007819551329433794,0.15446882034758233,0.5969816803491949,-0.13869611503533416,0.1091384568642868,-0.15618877240926632,0.14665652832422063,0.7056631454168951,-0.10610569407650913,0.12774816225350571,-0.22940938004076672
2022-04-01,0.17456049664487425,0.6179628456620708,-0.20723996047526724,0.05402442436298882,0.06226079051145961,0.1557813756007309,0.5900688687973512,-0.14221479096936768,0.09568833210245442,-0.19488885171117987,0.14728987778733887,0.7058730894879781,-0.10787723746642315,0.11273709905079055,-0.21633412190914203
2022-04-04,0.16933228193907823,0.6177103135455316,-0.22168224684925222,0.08093005409109444,0.0802055497602625,0.1559119301310766,0.5892004362876413,-0.14065936795629974,0.09930082778559668,-0.16806218599072642,0.14716704896507052,0.7057854363681214,-0.1065490901933315,0.10958118187033739,-0.1988179155822386
2022-04-05,0.16945796465720378,0.6144581356417271,-0.21267866606542338,0.0723823154661114,0.09620528511471527,0.15349373801641775,0.5888367535099737,-0.15251025690047393,0.07399568308976012,-0.20635677630565696,0.14721062597507248,0.7051818597761845,-0.10622458386357703,0.10674094339689977,-0.18721042325735415
2022-04-06,0.1696040595096892,0.6244089585290581,-0.20157634684929937,0.06910158071142503,0.03312852136832656,0.15354029368544422,0.5934588879830301,-0.14791687205157664,0.06963677038309002,-0.24623883507980915,0.14695177563382228,0.7059171910002286,-0.10855715702822594,0.09378911898169018,-0.25919393377452926
2022-04-07,0.1689286494428667,0.6230098163994213,-0.2095743903589468,0.06560354623487741,0.017970675421756566,0.15180891625883292,0.5836315859609351,-0.11980350988542512,0.09585477312649981,-0.2936993291054174,0.14690964733979991,0.7059629878844244,-0.1080335407438529,0.1106143939700277,-0.2530887674714052
2022-04-08,0.16885957957129002,0.6230126436498292,-0.2173685928708042,0.06474028544664967,-0.037803673816569794,0.15184620787602104,0.5846101154044985,-0.12098419069462256,0.10188595423285918,-0.31822766583309614,0.14676637156348699,0.7058792033056114,-0.10699952555762819,0.12287183610184194,-0.2939518118241743
2022-04-11,0.16862444972991275,0.6349717045889816,-0.21948344757666166,0.06961673715723249,-0.07207219518387042,0.15182269225566283,0.5892548309058371,-0.12262302889681731,0.10036710035124075,-0.38498790656170045,0.1465435587427563,0.7064039113437238,-0.11238821119345699,0.11478597985141081,-0.377641719185441
2022-04-12,0.17054142638458133,0.6353028956344019,-0.2064774123971225,0.08786125823613355,-0.06896836123874506,0.1527024148476573,0.5882321605566888,-0.12129715821053084,0.10712081828484443,-0.3919463677579591,0.1470242334683338,0.7065965496488525,-0.11002122149750447,0.13810972758980067,-0.3641676862001576
2022-04-13,0.1704724421527162,0.6367744050305472,-0.20544266806007053,0.09506727236638368,-0.028528242848881002,0.15274059728668582,0.584279988672146,-0.12301834798809166,0.11381105784792633,-0.3382636757302798,0.146093840586843,0.707109316730891,-0.1104376727191635,0.12333025601186498,-0.34980063099431213
2022-04-14,0.16793062354735572,0.639044063228519,-0.19147815715099387,0.07145186454592367,-0.04333073692271838,0.1526134273484869,0.5847737148425833,-0.11568775927088915,0.09942658282643313,-0.3419999201916427,0.1460193828819844,0.7072057472577761,-0.10716688607963928,0.10936977788029778,-0.3514096692215276
2022-04-18,0.16817046506662003,0.6385511428281201,-0.18879770902783294,0.0780419248526234,0.0035839571538320847,0.1526118828569493,0.5828392234969146,-0.1179927440812092,0.09940224193729841,-0.3523742277249712,0.14600129081323387,0.7007061641082594,-0.11257029982330242,0.12187961809765002,-0.26735302141992123
2022-04-19,0.17040797837018015,0.5969888270811011,-0.24182689889687364,0.06943986667827073,0.1383928958875602,0.15363078071499922,0.5806401994065471,-0.13233793960230225,0.09233855990385642,-0.31245622650840044,0.14664957748160584,0.70077747824775,-0.11509672183585944,0.10155194169289294,-0.26508726233816293
2022-04-20,0.170270931322552,0.5970461353881388,-0.24198915211455954,0.061845049374946504,0.12877199017680807,0.1536361113633656,0.5791403271236232,-0.13110824859950285,0.08716918084361924,-0.2925326542292941,0.14645266001014054,0.6993032640590985,-0.11195363000689626,0.09062517551309224,-0.23247300952126093
2022-04-21,0.17024479110542426,0.5987038519222999,-0.23823564271741712,0.05165989267037707,0.09669748869609385,0.15375908160673768,0.5769115513203361,-0.1309790835677191,0.08077220545762365,-0.331475835811059,0.1463639435876846,0.6984565312205828,-0.11390621506329802,0.09326596586524838,-0.21704823629540804
2022-04-22,0.1688425788137792,0.6002146681054469,-0.23481292029209636,0.05716789662111221,0.07837267253633762,0.1533329639607214,0.5757661547502543,-0.12069312450314042,0.08430967114508547,-0.3613752207341975,0.14653193274050114,0.6986020931965561,-0.11269961564441137,0.08803014720533842,-0.22220631155640636
2022-04-25,0.16873246102868814,0.601044880833582,-0.2435511141914703,0.057386663217390055,0.08939773994707978,0.1559742611722536,0.576127626811936,-0.12665170472494425,0.05579683063115004,-0.336796944995264,0.14793240109158395,0.6965396813888416,-0.11626901746480077,0.06510871636628712,-0.2510737680979075
2022-04-26,0.1684716006947022,0.6129212934848914,-0.2435385076541036,0.0667824245287938,0.008816588473084863,0.15595950851668622,0.5789575227890502,-0.1272209283783013,0.06409967006088135,-0.39712747326247455,0.1479834324565381,0.6987016640664157,-0.1179441901608588,0.07044070346206621,-0.3073723080662092
2022-04-27,0.16923814352129557,0.61467204239658,-0.2559683309450917,0.05220052990076551,0.01969684358403745,0.15495937188267003,0.5809616103077744,-0.13434726554846746,0.07075226771952003,-0.37682877747182864,0.14819061796448046,0.6993631464639514,-0.12020968579059622,0.06471611994916637,-0.28424380147977435
2022-04-28,0.1691439929084812,0.61512798470452,-0.25635385646214404,0.04984737653517857,0.026599577063680435,0.1531752538678399,0.5807303677664425,-0.1276896043625535,0.05453027534325283,-0.3527683564679398,0.14815523226272773,0.6991660373097263,-0.12084763535726234,0.06955833094135344,-0.257328972171481
2022-04-29,0.17016722304107412,0.610329827712237,-0.26120254457494285,0.05601276009984546,0.044836428553005625,0.15283186226452117,0.5819545940379034,-0.13359881683687264,0.05223464321511884,-0.36835341736060834,0.14852271334260392,0.6954966392628201,-0.1235885167598993,0.0814617887524034,-0.3314336502628339
2022-05-02,0.17837234599442262,0.6102766768425903,-0.24559747838117457,0.0329804339034343,0.03700016968793318,0.15713662894810862,0.5617672896828176,-0.15061354637265106,0.019474822530600067,-0.4297597031827505,0.15015038362902786,0.6954508062516669,-0.12111053524769583,0.04007139457595632,-0.3264137974599256
2022-05-03,0.17846775548776878,0.5669234837815414,-0.2739324616528881,0.03473831456002019,-0.09036970606041439,0.1572104567888062,0.5621993748599007,-0.15163871290038308,0.02173908984942785,-0.4363233887756437,0.14991967704184317,0.6923136662226206,-0.1284914522149559,0.053265752019107326,-0.29218173425991256
2022-05-04,0.17786888135213544,0.5650725996130957,-0.2962914103902903,0.02579865997381603,-0.09447735222838871,0.15662520043465006,0.5666026259062692,-0.14674779883531983,0.01109127276872357,-0.3892110112166288,0.14985731188768336,0.6901376465662501,-0.13279802949477718,0.047357505849699555,-0.3086798952909645
2022-05-05,0.17789427520407952,0.588228540582646,-0.2962029295870937,0.026150186618185245,-0.17097847927480703,0.15624362002598538,0.577690280613945,-0.15158501596084012,0.006330772360776837,-0.43687201505485884,0.14889470759264015,0.6946219436716262,-0.1327833222880397,0.03304510745912248,-0.3514645325218172
2022-05-06,0.1778047892834006,0.5884539656077415,-0.2992643353022595,0.025155218260005885,-0.1871470491947126,0.1562981382775409,0.5777673441554232,-0.15195358970557565,0.007653223884465543,-0.43822939723102594,0.14869980105631242,0.6944912171679558,-0.13497253664344766,0.028122098305491727,-0.3716321037885443
2022-05-09,0.17989748309912626,0.6836315277950559,-0.17690569816053806,0.01153801615880301,-0.30455929428193407,0.15742304119355896,0.6274039799573164,-0.09233709205797004,-0.00428586740846304,-0.5233170557221627,0.14923257365820042,0.7150138770749204,-0.1088658702482454,0.011427949651175773,-0.45762507527915186
2022-05-10,0.1809177513465948,0.6848982566777704,-0.18347896852584894,-0.0005971313177977056,-0.2684646299999862,0.1577261908233721,0.6248052528026506,-0.1055851970460348,-0.007065409502418296,-0.4843373722403188,0.14953616935627884,0.7152786323671877,-0.11080337385759634,0.0026687132940554914,-0.4529029328335582
2022-05-11,0.1788957090317419,0.6971669827171384,-0.2025554643431743,-0.008398455674091254,-0.32053417225488523,0.15753995206867424,0.6315227044570408,-0.11572831567836872,-0.008822586050042935,-0.5206674090317511,0.14951373148387942,0.7044861643140452,-0.12671115868338628,0.016951888038193808,-0.41127079538887923
2022-05-12,0.1812253348457374,0.6890486974369794,-0.19566087940274746,-0.017024014878347482,-0.3483428023498204,0.15904797516797844,0.6270339548681296,-0.12381889805315995,-0.019770091514698107,-0.4898724630479113,0.1503542692905628,0.7043804370217712,-0.12699780886157308,0.00032893398351729886,-0.41572853568438717
2022-05-13,0.18121728771701903,0.6896004841735631,-0.19789115991984813,-0.033823162611875235,-0.3338975208979086,0.15939570705193548,0.6261989889706483,-0.12346537774061617,-0.023439201223973805,-0.496157672503322,0.15042488827846628,0.7044335134800057,-0.12819480782589043,-0.016266810734564152,-0.41293525773338036
2022-05-16,0.1780220577859742,0.6739536142220297,-0.1575172785833262,-0.0462670872765516,-0.2633354053983469,0.1553675591148165,0.6260771078945866,-0.13914008071605594,0.004262830628205094,-0.46947423806344113,0.14960322503012258,0.6918125644651082,-0.1097212204513214,-0.028699923049165688,-0.3140876272015065
2022-05-17,0.17816328136830936,0.6755125356358084,-0.1542567440591445,-0.04258344159111116,-0.23994216392969114,0.15432235317466184,0.6257439048661698,-0.13109463356168963,0.019677079619430993,-0.4714895482553121,0.1496293303443115,0.6919813037956601,-0.10908659480292822,-0.026284783504250453,-0.2909279607734574
2022-05-18,0.1779002054616428,0.6793549927786044,-0.14524908795546995,-0.047971059467774024,-0.24984978915386402,0.15434459764402908,0.6298470266249228,-0.12812105535407994,0.017710012173507428,-0.4896934220788488,0.14945708570251282,0.6785068153696834,-0.09987281570554338,-0.03486578558912534,-0.22382766128712983
2022-05-19,0.18036283968495606,0.6883912470991763,-0.11054058640917774,-0.03622281844526898,-0.1872085360563268,0.1556132750273672,0.6324496004333668,-0.1087392264381357,0.031195716142186747,-0.43411486627397355,0.15010893853984142,0.6735770872716665,-0.09285205696587043,-0.02162711765459513,-0.25668713622615913
2022-05-20,0.17942421781964177,0.6888008339535773,-0.12213360768603879,-0.04371077771264764,-0.23822717236100033,0.15558475678294367,0.6230410877883206,-0.10689952753466593,0.03355210970068123,-0.4948542691645179,0.15008587955686176,0.6687648599875297,-0.09610815151037204,-0.018436604937477563,-0.2172367835354152
2022-05-23,0.17488414284941184,0.686458396178025,-0.10625574029950949,-0.0210849371013887,-0.25795002211410856,0.15545321229077064,0.6229316450630578,-0.10782287779843681,0.04183585603493922,-0.4895413943944066,0.150059727412031,0.6676887221965362,-0.09796243041984078,-0.01947463580359665,-0.24820635457759377
2022-05-24,0.17541752749096307,0.6550843692120253,-0.1296011207621519,-0.018572066956727862,-0.31342057693497305,0.1558016950955056,0.6237981244723049,-0.10373118065418398,0.04545198305587683,-0.48181591821790903,0.15019099237612574,0.6679555019867809,-0.09543211648720792,-0.01717596184717618,-0.22776381453344108
2022-05-25,0.17003757728600616,0.6515512833669084,-0.1650001706178754,-0.05015948016812766,-0.3335000911950179,0.155503431545736,0.623703979076337,-0.10661500668041037,0.047427299014031865,-0.4765668503279187,0.15052775412012787,0.6675242931926391,-0.09549589817040045,-0.028876448429273727,-0.2476660190082527
2022-05-26,0.1687104094832966,0.6515570271640048,-0.1676863093587397,-0.03885973643278351,-0.3336866741238933,0.15458285715241002,0.6199639498713474,-0.0958429097448905,0.0357082517518299,-0.453951822263307,0.15050403496196157,0.667254065786664,-0.09620617068629442,-0.025373200836031562,-0.2385657464371459
2022-05-27,0.16804078447416299,0.6498695804895271,-0.16210661153183423,-0.04370059120772207,-0.3256450469825246,0.15454945013530175,0.6156543134961467,-0.10046250784256497,0.04034843991465209,-0.43404332577144855,0.1504735099964126,0.6635750109800947,-0.09450253260324007,-0.026911932284824025,-0.19805337520997546
2022-05-31,0.1646622316941795,0.6701070685829679,-0.127197850387469,-0.06300214886209732,-0.18767870016319665,0.1546705427607335,0.6357479959688062,-0.1092334810008192,0.032498460013916874,-0.3729337937204552,0.15053528956488096,0.6713681048594035,-0.09852350084971064,-0.032703437705053906,-0.1333685466218295
2022-06-01,0.1615804721024452,0.6800323746739197,-0.12327842380183307,-0.07375122573356407,-0.2170918633866863,0.15473082440866265,0.6418357602542019,-0.11199771172144904,0.03539622020267341,-0.40997525142258995,0.15054911674920443,0.6739690012289644,-0.10093605108478496,-0.03204360042927645,-0.20694776908709833
2022-06-02,0.15575465995463073,0.680722929385083,-0.13506074293711426,-0.08412862541292077,-0.21348384514630336,0.15549631161082567,0.6382122338913222,-0.11151724226946631,0.053301106458477854,-0.360895056015362,0.14980956806754422,0.6729566611117875,-0.09040225654648695,-0.001014265928864222,-0.22294191628864868
2022-06-03,0.14766015649906658,0.6588360621098508,-0.04070991035868241,-0.0694095178498828,-0.2924649706460837,0.15631665740080705,0.6389379664615502,-0.10496439188045037,0.036642705375702134,-0.37124655395117967,0.14990726334360366,0.6707209672672211,-0.08190624553539741,-0.022093049063492076,-0.1948809143662522
2022-06-06,0.14693968469635593,0.6594477472427325,-0.027902699619901893,-0.07833436879110578,-0.20454635949520517,0.15639509865816756,0.6444371278248009,-0.10840337349776007,0.030979086747804363,-0.32878983718484056,0.1499007457567827,0.6663495937984878,-0.08084881833031557,-0.029018378048945914,-0.06525593022252818
2022-06-07,0.14682047145267654,0.6589580877174859,-0.032378300637724275,-0.06695215335721016,-0.19691969390766495,0.15593054523093064,0.6444570316662324,-0.10890892740730221,0.045026194526471386,-0.33160869412915617,0.14995665721077767,0.666378313798366,-0.08117617088850339,-0.022328995081813074,-0.06922533730330449
2022-06-08,0.14514414605304446,0.6590024169598991,-0.02359025943128501,-0.05319259803693943,-0.23829523484175585,0.15580020050709256,0.6412844212550269,-0.10542209418925468,0.05213941626522933,-0.3820781061102877,0.14997540946399904,0.657885967566981,-0.08371344328526967,-0.02057504616196404,-0.19094236184424662
2022-06-09,0.14172856626193353,0.6589593907334894,-0.026866032067734417,-0.039850704404615356,-0.23454682377015668,0.15347305853428578,0.6405151797535402,-0.09853512120323944,0.03036375216263698,-0.3682633155304773,0.14998653108345564,0.6576822297828897,-0.08358843346107675,-0.022990917013624546,-0.17956766088061138
2022-06-10,0.14257729730725516,0.6536855637396056,-0.02076662663487016,-0.01765134717879624,-0.29312039689937475,0.15436487340299687,0.6408580209941197,-0.1037700715491076,0.03911572642858996,-0.37050963797084224,0.15022474965340826,0.6583106262707098,-0.08596587807241089,-0.0021813022128081005,-0.22099174207432237
2022-06-13,0.1454166109039308,0.8323487256337729,0.18375391221968346,-0.05732806975245652,-0.45087591010414163,0.15797079176215675,0.7379845673783396,0.02321095166676681,0.020728894320885427,-0.5203230452971501,0.15188963249671053,0.7022427662247382,-0.01787865619854192,-0.018275349772102212,-0.4408692075412324
2022-06-14,0.14605416212069222,0.8299239208638421,0.190913630887743,-0.06002179334337521,-0.46875170543278877,0.15858552883131163,0.7345471705358346,0.027455771581991122,0.01386484570085389,-0.5462131218373762,0.15213379453567435,0.7022823358105708,-0.01656283007133175,-0.023109256544857848,-0.45041219527639353
2022-06-15,0.1463142538887766,0.8316111792200647,0.19454223624189904,-0.05695777373105115,-0.4504882908057821,0.15828847817783842,0.7352986477807278,0.028810601311589638,0.00965488008294857,-0.5358105965836818,0.15214753238015374,0.7007357545485142,-0.014682779765120144,-0.022456241688986744,-0.4113541332207654
2022-06-16,0.15047002892928146,0.8482386082527297,0.13738598143382755,-0.03726254258961137,-0.5188332470325363,0.15990067539262895,0.7446104570865988,-0.0041562688787097745,0.021085209621756418,-0.5986642634377066,0.14539323302559837,0.7078174488914236,-0.033767054187946816,0.042314612080116776,-0.46439490983963105
2022-06-17,0.14959715135031135,0.8473894093153337,0.12845328739958958,-0.049914866466184815,-0.5227309134466915,0.16005907277341444,0.7447824785492119,-0.005109140761985501,0.017580675530395107,-0.5957481544779537,0.14544589542783112,0.705372159422806,-0.03619985769347066,0.040474830743886026,-0.427967092850707
2022-06-21,0.14687778138741714,0.8453888744743839,0.11363239151840254,-0.06288854623100659,-0.5288863096575718,0.16006035625846426,0.7409915180838741,-0.004506523212359622,0.015406717122932845,-0.5648015180812663,0.14524613865048075,0.6951712073375108,-0.027755952617001565,0.03135342624297199,-0.3461881446625009
2022-06-22,0.1467538752572251,0.8454954772753773,0.11533153376618976,-0.059256948956718625,-0.5493212751386718,0.1600032833022659,0.7417280590923137,-0.005238417125108246,0.018052926517025503,-0.5696597331874607,0.1452107609974926,0.6954421612976738,-0.02675159044010675,0.03431979248459105,-0.38512156957279875
2022-06-23,0.14635570423714508,0.8429048692550117,0.12387708274875153,-0.05670687557021825,-0.552582855088233,0.16002317522049855,0.7461954191756397,-0.012135026936130106,0.008654469683853083,-0.5530581820891572,0.14525406928931253,0.6965789443799022,-0.03059081779774205,0.026017732297220153,-0.374733568899682
2022-06-24,0.1436988562525199,0.842878916777108,0.13674281008208408,-0.04283019790558973,-0.5526950488209957,0.15960780967292654,0.7462479610078248,-0.010413423859602523,0.0009297130399670284,-0.5414967375120734,0.14520228774764038,0.696012391431563,-0.02948169640207665,0.03016834531958712,-0.38747365213424545
2022-06-27,0.1416404209361754,0.8430744892420554,0.13734471773172802,-0.05621926618664319,-0.5594070389196846,0.15801275539898488,0.7465212226411989,-0.006778633465586781,0.013721500792835961,-0.5536737222488199,0.1452350499173273,0.6905584128438073,-0.028570456740231922,0.026437168809270606,-0.34459753571663754
2022-06-28,0.14038954173119975,0.8423137202880585,0.14536553170029906,-0.0656679679901726,-0.5546503182691296,0.15761671902970278,0.7468172375751898,-0.005456590033105512,0.0036371518101692146,-0.5581327529649711,0.14524174988192612,0.685387792352634,-0.029699988532037223,0.022743865395932872,-0.41103453243775867
2022-06-29,0.1381487059462331,0.8401102410309887,0.16126456437464948,-0.05520608923817871,-0.565615620596077,0.15742051258971135,0.7438903795236637,-0.0006639909006854544,-0.004164142067614174,-0.5385705057485588,0.14492840081919725,0.6840646670225193,-0.02543426134824788,0.0305625000908456,-0.4394962574673411
2022-06-30,0.13784524135807863,0.8389510173635635,0.15711929367300506,-0.06551186720365831,-0.575641547144818,0.15495498179100572,0.744007548272038,-0.000757538232616878,0.010116307931035573,-0.5416056441381536,0.14497413566574024,0.6838779865261432,-0.023693824201749196,0.020151317303093608,-0.4353808625516613
2022-07-01,0.13783504440423458,0.8391239370128362,0.15729921513629608,-0.06536964980544702,-0.5770179451214483,0.15488817009675887,0.7431702320273929,0.0030507363852949458,0.0022810590465374148,-0.536324835933449,0.14498301742583242,0.6830970100224162,-0.021737613369871726,0.013901367904714634,-0.42603062297558614
2022-07-05,0.1437713293932338,0.8443688483192249,0.10653004569628398,-0.08278298226454417,-0.5327091088674771,0.15787493439313285,0.7469251884454432,-0.01718776872139377,-0.01940183648360516,-0.517228452595369,0.1464705818949094,0.6847438666301167,-0.03220212598816971,-0.010878721405751746,-0.40436949245670817
2022-07-06,0.14541168145774255,0.8457142392191633,0.08422075957312931,-0.10388071202179017,-0.5276683052010935,0.15862376601400371,0.7466300408397244,-0.029157020306818885,-0.04509210888094617,-0.519180185622454,0.14716877463879008,0.6849211545556045,-0.03582075475224155,-0.03215915323940921,-0.3997917667422395
2022-07-07,0.14510614769654973,0.855151760793585,0.09485863448288372,-0.10582855006052949,-0.4883238795445103,0.15847493410256958,0.7496994492811423,-0.029930715409833393,-0.04793963515320354,-0.5076671167019375,0.14711213893342456,0.6869576331552519,-0.034260608510189056,-0.034626283369086686,-0.360880869010186
2022-07-08,0.14512138994297927,0.8475364869651459,0.10377440789390986,-0.10568725362091158,-0.4501500206521165,0.158444570483801,0.7489152448714316,-0.030929857396706756,-0.04342811821987591,-0.48977891568552423,0.14711829648355748,0.6864272006462085,-0.0344406424248544,-0.032163039614605204,-0.33902509645513945
2022-07-11,0.14143236178638807,0.8594316364935236,0.10070427959140277,-0.12367796540334153,-0.5023185070049235,0.15862733437958454,0.7571259964483799,-0.021918841750935905,-0.04668320882363042,-0.5366427839956458,0.14711973313789176,0.6907698502975455,-0.031090309897090003,-0.043576728972687606,-0.40912037054694506
2022-07-12,0.1408156106856148,0.8569724203336738,0.09388186745210927,-0.1309517351427807,-0.5305939081761926,0.15869025194664677,0.757949912297679,-0.020558359309865198,-0.04833368704806629,-0.5439852391584863,0.14714935907770807,0.6912473998379368,-0.030311036093287794,-0.04490834181823111,-0.4171793083728518
2022-07-13,0.14177946411039424,0.8641718356816581,0.10746136227679852,-0.12122133852577688,-0.4938822273250669,0.1569764207087,0.7615018751187739,-0.011985515503373373,-0.05843096464027253,-0.5158126833847565,0.1472678172937704,0.6927470552509862,-0.027006083880586642,-0.041107256428791095,-0.3819320370124728
2022-07-14,0.1441102741790294,0.8634764774532895,0.08163514322298109,-0.14126055786205804,-0.49615902427888237,0.1588435777449451,0.7617104536779082,-0.018594047672498216,-0.0742428788507451,-0.4943532798095529,0.14800840822078343,0.6929982643677394,-0.03056653782013538,-0.06531504173801406,-0.3732952884021363
2022-07-15,0.14217148885608588,0.863015716639034,0.09488302075751351,-0.1303726515640954,-0.4979530723867699,0.1586623796923995,0.7468579015304064,-0.029007287288354618,-0.06998584442892808,-0.4284733442029226,0.1479913087350603,0.6924800008289143,-0.030002572433594093,-0.06856206911649232,-0.3443722715722861
2022-07-18,0.14273372071037455,0.8814041909099297,0.11055547287403136,-0.12548579846475783,-0.45653106952795064,0.15855582541878457,0.7558666896479962,-0.023342542539990626,-0.07140142449171893,-0.3865474937518034,0.14786198239791778,0.6967707490919732,-0.02743456333547185,-0.05774107373450488,-0.2843861209853805
2022-07-19,0.14278885856150664,0.8869260831980555,0.11335920401633887,-0.12190740475952622,-0.42287304921780755,0.15828033717932724,0.7582903219570069,-0.023978253580106225,-0.07654523553475046,-0.36706632241833537,0.14783292215156615,0.697720278962457,-0.02772259433010377,-0.05444395459783202,-0.24104221315657104
2022-07-20,0.14265370303040428,0.8866703298456421,0.1114071812031359,-0.12102574148104661,-0.4154115457753953,0.15755944845229725,0.7583007753853598,-0.023578092933753084,-0.07077663193741623,-0.3695957862839264,0.14794472492518373,0.6969929967394659,-0.026944035835877705,-0.061389020505373315,-0.22060383601411193
2022-07-21,0.1391108143027415,0.8850029051854796,0.13349808594348245,-0.09630800400102146,-0.4274444555047836,0.15538870868982155,0.7581135036042069,-0.019647598919224445,-0.04444813577437712,-0.37625928383274143,0.14809987202259778,0.6928692009112739,-0.02410740075379936,-0.049905732938670955,-0.2786007873764307
2022-07-22,0.14004226884609175,0.8790683958325177,0.14028813655857866,-0.09279972345858589,-0.40407944398841134,0.1557528616027213,0.7578139305094849,-0.020335605424651654,-0.032214689457958134,-0.39882545768340516,0.14832900918478986,0.6930684141355477,-0.025644453659006635,-0.04320372158259833,-0.29703511358285706
2022-07-25,0.13955033190302613,0.8820547065603324,0.15482457998022892,-0.08979720441074113,-0.4556296921069021,0.155649088258245,0.7615879280387835,-0.018115576877544406,-0.04228413616382365,-0.4449073153005372,0.14839057282335705,0.6944947784541985,-0.022170161171294375,-0.04589858530416613,-0.3638858041123533
2022-07-26,0.13942511593930773,0.8807352272587322,0.15286847813042564,-0.09178876602039687,-0.46598668251146635,0.15554187789528545,0.7613985901481752,-0.018961578018927096,-0.046516818666736404,-0.4517821541198985,0.14838655211182486,0.6860159170533007,-0.021080325013457295,-0.04529791141163475,-0.4311420446645464
2022-07-27,0.13714117157664057,0.897593727073654,0.168648653638126,-0.1007480151201936,-0.40609548755756064,0.15536178172287818,0.767964520823534,-0.013035263065959871,-0.050378429421811144,-0.3794669303181275,0.1483890172917762,0.6882488110228698,-0.02052382612371089,-0.04483835484654708,-0.4181088912298032
2022-07-28,0.13393494154545035,0.9028307297673223,0.20947263174681088,-0.060796269715656104,-0.381149688325898,0.15757034746849094,0.7703788167707366,0.001402394898041494,-0.029820923167154345,-0.35825212178252586,0.14949713367452783,0.6892744240529286,-0.013084892407592892,-0.027448965763200772,-0.4038418189674092
2022-07-29,0.13464037943904048,0.9025470637846372,0.21233105677830522,-0.05757508423902291,-0.36942126936390207,0.15790342937179397,0.7520590003329563,-0.002900897444501293,-0.02483683106611745,-0.42640648389943536,0.14864758667693828,0.6892704573075112,-0.013536375777054566,-0.03729790769932273,-0.40500945308780645
2022-08-01,0.13808618882015566,0.8947627464848666,0.20260369619803784,-0.043396883314030577,-0.4127164773664843,0.1588256645589772,0.7473666528316911,-0.015333203092755435,-0.018717804776756664,-0.46820146959225983,0.14897108761372713,0.6872044050953318,-0.010527595941801396,-0.013737186775595323,-0.44799580107840076
2022-08-02,0.13783482671984285,0.8818208012827996,0.21704644283237087,-0.045849550695073016,-0.3717558758531767,0.15875454665851954,0.7472927272174937,-0.016283229588825103,-0.020898338383923964,-0.47917210081313366,0.14887947658505224,0.683486393516155,-0.006921539276643141,-0.01783558383870021,-0.41385262888540353
2022-08-03,0.1381703111941351,0.8817097226546763,0.2172505984351604,-0.056511590001437795,-0.3660953542826102,0.15893821302491154,0.7471376992522609,-0.017162120094588208,-0.03277793312213806,-0.4847287381994394,0.14899854111222813,0.6830354242419281,-0.007735168779497796,-0.020781628178843548,-0.40118681340733164
2022-08-04,0.14070643689985401,0.8110475858164458,0.15323187016485418,-0.0278166102717049,-0.25302861519181186,0.160901605229343,0.7469523228476157,-0.018030287200811585,-0.016599542611699936,-0.4805256929977926,0.14997722685991335,0.6817099290393304,-0.009045446320979587,-0.004188468220412411,-0.4306319942850184
2022-08-05,0.14049929067321368,0.8118629319736002,0.15259801327721484,-0.027050542546510403,-0.24928650251376705,0.16133156358673315,0.7479137474481197,-0.021996874971955585,-0.02763152113819023,-0.45082652385240407,0.1501989473000035,0.681747537556069,-0.010764756577409348,-0.009784992538724113,-0.43015492507316044
2022-08-08,0.14071455199129707,0.8022745277036318,0.18050033325327866,-0.026163889128518303,-0.17717743155878007,0.1602817284905721,0.7488279094594493,-0.020691183843589565,-0.034342608539501884,-0.44092018244672504,0.1481838195367808,0.6804287060712805,0.0034298090250036686,0.02387838249044516,-0.4439179678832914
2022-08-09,0.13727284938436563,0.8036575309388797,0.18523465484306575,-0.0067411635001598524,-0.20254350846992275,0.16008738153187954,0.7458803913623715,-0.01628841534725349,-0.023650416710783162,-0.48033173748156566,0.14671386508655612,0.6758906578776159,0.020103952721113125,0.049695944875830955,-0.5003964769325993
2022-08-10,0.13601760418493725,0.8068938811130733,0.1914182796971087,0.003041699009247001,-0.18220271408913513,0.1596222876661858,0.7478786075383624,-0.014320240060913167,-0.03088434348283442,-0.455263200451811,0.14668783416806316,0.676695668485075,0.02070410406100997,0.04735231409142604,-0.4746599503948997
2022-08-11,0.13605767733226157,0.8055188475458321,0.18824945683038746,-0.003748648747587846,-0.19774988760491086,0.15787464616558938,0.739615199616743,0.007920101247951958,-0.049842296965365684,-0.409010746183341,0.14622195238681376,0.6766966172257214,0.020316644026230693,0.030741972761464842,-0.4745422602575
2022-08-12,0.13627563049898545,0.8054882929082603,0.18954779386276455,-0.0018692750389940338,-0.19795790728216822,0.15803736122235673,0.7402512447856213,0.009836625651597592,-0.04437311646566444,-0.39040162257158273,0.14628661836779464,0.6766129754449433,0.021018509766732727,0.03636256958348949,-0.45073693193437947
2022-08-15,0.13765492373389632,0.7977601746725386,0.18902278484880308,-0.00980232864629671,-0.15958410527625044,0.15847193764297934,0.7379612913521586,0.014254203838991987,-0.05730316002365665,-0.36956183937453524,0.1458521590307468,0.6724172864819656,0.010552592487370812,0.011191106152571129,-0.49497183919366317
2022-08-16,0.13481267347343853,0.789011874823688,0.16374215631427472,-0.027970889292725842,-0.21214528322030013,0.15855863593226058,0.7373068852068969,0.015618956248765373,-0.06318052329339163,-0.3596384113736997,0.1457837810352571,0.6715230436939398,0.01331190949646205,-5.5926725623267615e-05,-0.48084863160418756
2022-08-17,0.13551647947324322,0.7869697223133723,0.16992112074516189,-0.03550297230380173,-0.2008422437386035,0.15832796477067906,0.7364297720977981,0.012935350546806133,-0.0776618874859396,-0.39122333628311745,0.14596184914880894,0.6713237443427521,0.014537433786537558,-0.006208802636249899,-0.4778876739510499
2022-08-18,0.1353898772749698,0.786976013184073,0.17019133732224564,-0.041454754644491554,-0.20228152337642558,0.15575531975888338,0.7353831410165622,0.02304304861185618,-0.06166562085164762,-0.40805302206230953,0.1459822219189063,0.6713108141071499,0.014716090911857682,-0.007397485463789488,-0.48187225436267667
2022-08-19,0.13394422463665095,0.812821954235817,0.17233512747759017,-0.05494799970971109,-0.2959993176875664,0.15548852474188948,0.7350779246392846,0.016640094782487666,-0.07249956873669194,-0.5166476177005439,0.146055224421009,0.6777323274592343,0.01975733470301721,-0.011328557819781038,-0.5531114074767762
2022-08-22,0.1334018450880396,0.8152119139106154,0.1647139372049243,-0.05302498067754513,-0.2761434729245875,0.15217858091285563,0.7349074965665384,-0.0016676956317151607,-0.1005247553789621,-0.5175496907163465,0.1462848446432573,0.6758279587758023,0.017124579135014615,-0.019955143265661057,-0.5662897106753633
2022-08-23,0.1344217983968648,0.8154847605840781,0.16727749403199973,-0.04676338252638357,-0.2644301542781393,0.15189437085036667,0.7350956595796573,-0.0005555292606032503,-0.08380590623948647,-0.5098800096828923,0.14593427004244086,0.6758508626377855,0.016911493447732732,-0.024968220360460758,-0.5654942196408741
2022-08-24,0.13431131712194977,0.8147214373098193,0.16940490158368451,-0.04850648001925395,-0.2526429460014439,0.15147482745199947,0.7339439600555792,0.003639680822125746,-0.09008730937272902,-0.4960160689635249,0.14592853583912846,0.6749675777414598,0.017391469944354265,-0.02598838816699034,-0.5515246095765689
2022-08-25,0.1347079394791718,0.7826923263377741,0.19724955449534237,-0.03869318318072856,-0.32056198730739105,0.14983774153805463,0.725897897101101,0.030080395798159926,-0.09925757835612514,-0.44807803037100535,0.14571900016959072,0.6744560408614331,0.021047611688489534,-0.01094359329198169,-0.5588121696874453
2022-08-26,0.13652712437952513,0.7824830893680123,0.2305509018344363,-0.05349700057116202,-0.3201125847464489,0.1489771566457195,0.730203767157637,0.050021779052854154,-0.12330275693953374,-0.46771061061700003,0.14621049051044185,0.6760838449432688,0.02940897500674918,-0.02528960760839749,-0.5684051570048544
2022-08-29,0.13377903480475983,0.7804152867447469,0.22067377655453319,-0.06503156548813793,-0.3337818348118766,0.14459792577856606,0.7295177221013845,0.040407707851388225,-0.14368917468809117,-0.47600865042255225,0.14557654842891726,0.6744260896012724,0.02301787322580361,-0.038362214250138305,-0.5862506060385764
2022-08-30,0.13277557745045485,0.7803785993710003,0.21941220302521355,-0.06156086117698112,-0.3335393126331805,0.13982846036924265,0.7191720167873953,0.09247415459615371,-0.12669746933414616,-0.5284557180006861,0.14572044221044395,0.6736828583524256,0.023169377551484054,-0.04188274163381944,-0.5792834944757114
2022-08-31,0.13304324592492905,0.7709810335937045,0.22398776306029075,-0.06373054353302776,-0.3608755415961269,0.13958924736642095,0.7149557696205303,0.10009894636390754,-0.13707262042375967,-0.4916061228269838,0.14578952383610227,0.6738513223606744,0.0220196034866559,-0.05054728873446401,-0.5749168590252387
2022-09-01,0.13370149901679135,0.7713292065295088,0.21866056084108867,-0.07710162984729563,-0.3539774837704416,0.13983061101056926,0.7149116944325439,0.0967237642630839,-0.1388916630588789,-0.48119203992382575,0.1461045396826087,0.6727882248954289,0.021655480952131802,-0.058755479720196235,-0.5879556706007963
2022-09-02,0.13478875610040245,0.7697896595498868,0.22060645458701325,-0.07212497948508534,-0.3390634625640361,0.1394982561158383,0.7137723404558113,0.10325026174491714,-0.12148106247985213,-0.496561489967836,0.14630512759813272,0.6726690852877704,0.02158812948738874,-0.049075365395563786,-0.5951612924939121
2022-09-06,0.13508270332234612,0.7769291825115036,0.2272873934616352,-0.07550735142874498,-0.37441321763419244,0.13795421767765467,0.717830764147252,0.10822605994763551,-0.11234903469119795,-0.5211426104306848,0.14587609258278988,0.6746574594385392,0.022352342129759062,-0.06587769535610943,-0.6234377459689204
2022-09-07,0.13376920431721342,0.7775179569235511,0.25731923822156477,-0.07875230667655297,-0.33673312601219507,0.1379254085595813,0.7153010588280994,0.12550141064476794,-0.09501356954907036,-0.531150175365708,0.14487944648260398,0.672287297034049,0.012705417388870415,-0.0393105094088837,-0.5879115785183625
2022-09-08,0.12570131652753205,0.5764692272202587,0.03509138810551643,-0.060923733312292505,-0.140414466685015,0.13534557576516304,0.7154000138428482,0.126593781963311,-0.11475916303184186,-0.5279808763307627,0.14491809623590937,0.6722023865387619,0.012137124850322424,-0.04086983486374529,-0.5806194232314938
2022-09-09,0.12485677843455918,0.613694227452055,0.060693625771442855,-0.04681556350375626,-0.03717964256080897,0.1353100931806315,0.7310681222360076,0.14077520142226244,-0.10402740276925537,-0.4885033271358369,0.1449563714318549,0.6801801439249757,0.01695392516156527,-0.03966668023003572,-0.5391140974001452
2022-09-12,0.12557415618422257,0.61993027927173,0.0751915288441276,-0.04341613599690275,-0.00896611265578251,0.1357783017643649,0.7345487641407763,0.14825834649904063,-0.09790102327756578,-0.455415274696089,0.145065897967698,0.6812209787817617,0.019063417876035854,-0.02873723603682521,-0.5015931290105091
2022-09-13,0.12296350672892394,0.6166071965545475,0.2458198315785607,-0.07162549232462823,-0.004167638917703109,0.13691339520811704,0.7446961080524042,0.17132528108163397,-0.10621908695599125,-0.5208385763181081,0.14566727677963617,0.687729454696917,0.03128468118768575,-0.042911278952498244,-0.5485916525079126
2022-09-14,0.12293835880326694,0.6165598988693624,0.24739062403117965,-0.07144409526471773,-0.011254318245110695,0.13637562437692904,0.7442143089460985,0.16824822815464058,-0.11779283925596684,-0.5281022516353158,0.14556050345226582,0.6859369593464473,0.027755006802113055,-0.05423053584416415,-0.5701843562842337
2022-09-15,0.12808570275628015,0.6184845941692538,0.26132482408554314,-0.08782901659314346,-0.04873769147098406,0.1372690055139455,0.7434422097015018,0.16584738082071238,-0.14519412365370832,-0.5518473033452378,0.14659229519469907,0.6858415169085895,0.03365228084258049,-0.06546690260941312,-0.5910605121402526
2022-09-16,0.12850657021272033,0.6142856844011263,0.26583850011900934,-0.08425806263978464,-0.010729223903900187,0.1373981290848236,0.7432522038115675,0.16769983817907627,-0.1385221358794656,-0.5541567080864331,0.1450923691016365,0.6858629085527315,0.033280967676435666,-0.04166901190100558,-0.5862035603398796
2022-09-19,0.12838059087331952,0.6043900367600946,0.2811340027108717,-0.0828506359224005,-0.07311756823310556,0.13713305518671023,0.7367015530347186,0.1784759016809835,-0.13485931079045366,-0.5852969087099804,0.14509502765657306,0.6858715963157843,0.03331280048225928,-0.04179517655692555,-0.5865209534989713
2022-09-20,0.1284562722056552,0.607833151563143,0.28345447715355815,-0.08698031415347252,-0.11025363070768346,0.13586186853695123,0.7374017425766607,0.18577252461149638,-0.1260851279899785,-0.602012043722004,0.14496996226941858,0.6799428484983722,0.04189857991855283,-0.05255701931961021,-0.5590776560895754
2022-09-21,0.12871226416905554,0.6071213465101571,0.27760085671035056,-0.08170763572260986,-0.10552339669186772,0.13481006128454828,0.7375629168462625,0.18650779896437797,-0.1333333585870824,-0.6058999047314072,0.14475865885058448,0.6783881122598959,0.045721493550872655,-0.05764256147485025,-0.5442190946247502
2022-09-22,0.12905616933098957,0.6133042472826808,0.2850339934550524,-0.07692728933788295,-0.0427542823188477,0.13428387880674858,0.7406677203588844,0.19650636831429388,-0.1375435985542447,-0.5736909242924602,0.1447987468246655,0.6763580408876694,0.047154575062332456,-0.054924707983088905,-0.5544745825980173
2022-09-23,0.13218236041065745,0.6131762724523084,0.28195458748551155,-0.08907841783442183,-0.04011061607304145,0.13471652463454536,0.739887919310345,0.20164552392794688,-0.1393668359884377,-0.583039045666474,0.1446737053975217,0.6755480845646702,0.053190758165163936,-0.05383476432365908,-0.5701615615221067
2022-09-26,0.1341876002341897,0.612384904329141,0.27693091301975115,-0.09622089288760904,-0.028408514301396015,0.13552866817227677,0.7395965211380136,0.19756248242195104,-0.15542914973419697,-0.5876969403216727,0.1452755609583813,0.6741345187516831,0.05376273153566957,-0.06753435522942852,-0.5512888876569069
2022-09-27,0.1343277743101282,0.6101149794089094,0.2745682261008575,-0.09175689637975337,-0.008242113555394837,0.13557307501365648,0.7392405793415784,0.19702612159791733,-0.15112843000162113,-0.5805042112496517,0.14528851829201622,0.6740491889842594,0.05376043963564831,-0.06609591828089456,-0.5475265453467215
2022-09-28,0.13555750172739797,0.603310738961573,0.34294386541973926,-0.0532343234391951,-0.03781031075792263,0.13920021022638082,0.7369885197415064,0.2019872019882481,-0.13161040965060744,-0.5503775226755443,0.14653169603344313,0.6738358175529711,0.055287248352429895,-0.038848920863310266,-0.5265764086145783
2022-09-29,0.132029320477798,0.6023632037008396,0.36725879180266463,-0.03910165529171483,-0.04745881025809695,0.13860746395737325,0.7370144128785681,0.20048115770244443,-0.13892045952057097,-0.5500846054834401,0.14629738118590552,0.6737315265660019,0.05664575787491997,-0.03151665683363958,-0.5290905661466108
2022-09-30,0.1320456895191359,0.5924640669086558,0.365232893611977,-0.0389147284428395,-0.101942917079066,0.13847780426402145,0.7363328731861094,0.2031936919537186,-0.14062498921626398,-0.5404856358634424,0.1449680201783215,0.671462796434487,0.045995803054333116,-0.048377916903813656,-0.556259599843681
2022-10-03,0.1372970541357122,0.5928139550614406,0.3615284425092592,-0.0231303723231997,-0.09698245567362085,0.1411568004630722,0.7312466453382643,0.21013611542034183,-0.1263730404180432,-0.5034758219013639,0.14607588969978372,0.6644349766422388,0.04761393738320078,-0.03207462672372108,-0.5921690052481994
2022-10-04,0.14109655619155126,0.5719288451885941,0.3708481331884723,-0.0006929324973790063,0.01834135702706874,0.1417474604825171,0.7330968216360914,0.2171562566936518,-0.12428519741928279,-0.4931903530561361,0.1469358259339818,0.6651616158433723,0.05270519931988967,-0.020988897996358613,-0.5859164745007569
2022-10-05,0.14133209744618577,0.5680614179574938,0.36843667829110144,-0.0023191093963147447,0.043303997920323356,0.14167179079099212,0.7316850696402227,0.2144360106544043,-0.132967153139662,-0.5102667477520673,0.14699339524435998,0.6631875827878045,0.0550935610397178,-0.022772431728077303,-0.6086423337583727
2022-10-06,0.1407360442130658,0.5609211781837323,0.359483849042062,-0.008470153368985822,-0.012696908619944103,0.1415750809091344,0.7308436440545895,0.212828939658164,-0.12866472856585565,-0.50030835843565,0.1469921809705093,0.6588432748309258,0.05497642022645805,-0.023271653345266152,-0.6395426123957676
2022-10-07,0.13686092732608196,0.5612231703835524,0.39422014396525223,0.002051823132730668,-0.04973623214799139,0.14143460012760106,0.7300201716711475,0.21091775128901394,-0.1394985764096911,-0.5212181760130183,0.14713450488031166,0.658598511468291,0.0557347029630121,-0.028365111260099662,-0.6367160672473986
2022-10-10,0.1429630140990099,0.5619722440705271,0.39886774508518597,-0.016670594518113924,-0.08134080725895632,0.14290288181254848,0.7295826064265382,0.22031891318185604,-0.144869856471733,-0.5387899747607088,0.14849028566715541,0.6587778452199715,0.05874096955260375,-0.046773683908190034,-0.6453168839172108
2022-10-11,0.14337578298445128,0.5382162350654469,0.3964291749440676,-0.01415036361993327,-0.15273142909557136,0.14333950219053224,0.7295706324348727,0.21995427394185235,-0.13786049240727716,-0.5395358559479884,0.14863543050882733,0.6553093548694862,0.059512690248631275,-0.03969923854321089,-0.6685833195275976
2022-10-12,0.14370969731992098,0.5313149860885212,0.39698711549797167,-0.019407232197049762,-0.18093590271381532,0.14339885399531493,0.7294781900484357,0.218232581001034,-0.13894875164586806,-0.5272960350380551,0.1486991334526101,0.6550424126848177,0.059498856828028815,-0.04649579182505692,-0.6581534005027421
2022-10-13,0.1431951757402516,0.5321515407622508,0.39658648493696874,-0.013645425148897439,-0.16567116283484562,0.1431441555875968,0.7296743201913406,0.2172682594027474,-0.13301971893347464,-0.5122609947666104,0.14732196594554803,0.6546259265809984,0.05415288297676735,-0.06558196599661259,-0.6623251978045658
2022-10-14,0.1462109059726076,0.532356441373851,0.3946313782036234,-0.0376444490959178,-0.17176932435884817,0.1423495713699427,0.7288623460325228,0.2292716514548756,-0.13032699134279335,-0.5257919345406392,0.1482422728751367,0.6546460233374651,0.054764782191930816,-0.082874463527837,-0.6652975165442188
2022-10-17,0.14647523687572658,0.5331102908983564,0.4129656231440904,-0.036702572373511155,-0.13930106519574226,0.14291393767293425,0.7255535819928003,0.24052183762660992,-0.1260963072656165,-0.48709181221286457,0.14764015343053466,0.6505813189595852,0.07063547703677693,-0.058983230191757774,-0.6825863894022155
2022-10-18,0.14649055819558876,0.5191476678317928,0.412248325661077,-0.03682155061181791,-0.09490279542526103,0.14265824462978474,0.7238283415501346,0.24695218404806732,-0.12331228271554917,-0.5072919560724669,0.14770989834712073,0.6505108066084972,0.07107831277781407,-0.06224155031029621,-0.6882856920816319
2022-10-19,0.14871620848760922,0.5193734039241559,0.411666124225504,-0.04861151678035136,-0.0988815011355656,0.14367115314450432,0.7232979938656837,0.24539402050149903,-0.13593829166110005,-0.5187907209711158,0.14823902654361215,0.6492895759147975,0.07042696907354343,-0.07698393043102303,-0.7021639929803954
2022-10-20,0.14876130825595707,0.49305821514948933,0.4256735644686751,-0.047873845574199714,-0.16906741407754566,0.14266889199328808,0.7224777345896192,0.25332416417284853,-0.14379866577662204,-0.5065053876851894,0.14801062013378552,0.6485247195401467,0.0678533036618812,-0.08297382125621056,-0.7112756261540223
2022-10-21,0.14595080554731424,0.4856053643156371,0.39966304834341493,-0.05370507763108101,-0.19591679929751382,0.13948557892660246,0.722670197688742,0.26425099371360905,-0.11123627896197763,-0.502392860633357,0.14850497061605739,0.6463387147387591,0.06848240242209618,-0.0704865446237588,-0.6918113521929564
2022-10-24,0.14497399700883276,0.48627993275611414,0.4006021016777004,-0.06171651671755307,-0.1873190223935528,0.13931479183827186,0.722668186048116,0.2659476770850758,-0.11573826730762382,-0.4875406607288234,0.14827220414364053,0.6461684513098372,0.07022279703559009,-0.07916276199789507,-0.6812514400903116
2022-10-25,0.14174864211322413,0.4922323961547629,0.4301162538433933,-0.07255129759714618,-0.13804213332305693,0.1394008683850849,0.7208763631603523,0.26948487010249406,-0.11279968071507185,-0.4937863476962946,0.14816807822497619,0.6461750432198411,0.06872676179936003,-0.08235557051519637,-0.6812196469307745
2022-10-26,0.14261447388031756,0.49688317848937336,0.4420465890466374,-0.0673297219017619,-0.0960773140477742,0.13968725832715875,0.7143399560066633,0.2852575026908806,-0.11009223509921495,-0.4321158838674999,0.14816395504720473,0.6460806899226319,0.06858613808712757,-0.06925397097770603,-0.6559122549339669
2022-10-27,0.14202729802054678,0.4988515161284842,0.44199446335965786,-0.06237336596787679,-0.11208154419114147,0.13952458518196859,0.7147197597861712,0.28691379730206856,-0.11536013788472832,-0.43714436584455363,0.14813879318067133,0.6457874612258705,0.06995923276549307,-0.07404940495135348,-0.653129137238234
2022-10-28,0.138833589208001,0.4998219128389388,0.4482702632052119,-0.08971164613188942,-0.0899478296891777,0.13945869249636372,0.6713305499001244,0.2548860326262868,-0.11503278250631044,-0.32021707009522793,0.14862477503617708,0.6448240719350156,0.06632159180005716,-0.0875401802368937,-0.6602668154365787
2022-10-31,0.13804601892430632,0.49586309510288323,0.4683479331542176,-0.08402188706042346,-0.11994947387771404,0.13892305848298417,0.6701821923757955,0.26159735461919426,-0.10879959197616784,-0.3393341915701392,0.14829679647851204,0.6441001426341256,0.06978479745830458,-0.0802735978935949,-0.6706340390696779
2022-11-01,0.13746386226096097,0.4933048745910084,0.4593137796959647,-0.08614004221474414,-0.1396171611942032,0.13877017660320515,0.6631782214370227,0.27703481727017903,-0.11005017282923002,-0.2920575827310661,0.14824578758277465,0.6439247139048278,0.07120088030303631,-0.08135655066475256,-0.6642001013246477
2022-11-02,0.13704609733639225,0.49138542213741104,0.46970766207603265,-0.08955473401497249,-0.12971736990088933,0.13707075185939108,0.663377001864924,0.2824183652091458,-0.09569219441092414,-0.3059874671615952,0.14821110007300406,0.6427681285430654,0.07265659066440408,-0.07790322035996933,-0.6811537085939734
2022-11-03,0.1384965658170287,0.4858874839375299,0.46128827433458675,-0.10078840584392212,-0.15607608492909375,0.1374533945662452,0.6632285142701391,0.2824151403721678,-0.09805327482887416,-0.30984131273974147,0.14797812533860494,0.6428064930931859,0.07199506717829787,-0.07540109879196877,-0.6790539425614806
2022-11-04,0.1509676184752509,0.495787014263274,0.49455186696711595,-0.07226647804037933,-0.11730336602328884,0.14341378641295136,0.6661341773267146,0.29792342293981716,-0.07574422514556856,-0.29185652618141666,0.14964172646534962,0.6444204891331854,0.08899735564723364,-0.06517982961475521,-0.6558752984644889
2022-11-07,0.15066556049456595,0.49631659337636636,0.48319185308880275,-0.07435968052878017,-0.15571979831030824,0.1433962812521234,0.6662253074912089,0.2947809517413384,-0.0760899568730542,-0.3228517401965665,0.1490793831252751,0.6447899542327161,0.08883222234237312,-0.07502204159232806,-0.6629433353018268
2022-11-08,0.1563331473697374,0.5388697328680637,0.3124481593059887,-0.04565929408857439,-0.23183111037025772,0.14675205772755628,0.6779744835754892,0.23519310403890106,-0.055014055328456934,-0.35441865532287087,0.15044530561735195,0.6441167293597627,0.05902983618273676,-0.06126914660831517,-0.7255861789149948
2022-11-09,0.156126623445618,0.6208628488930465,0.2745658978408852,-0.04246521879281284,-0.3350673379540564,0.14525904950054944,0.7073030750696422,0.21291911460140006,-0.06924831815189358,-0.4761296658662212,0.15043857355134177,0.6612899424516018,0.05919733039911814,-0.06396116153219789,-0.762873722906343
2022-11-10,0.1629242404379594,0.6586381086473514,0.344303951574712,-0.012945348473066498,-0.24636728846786538,0.1492489552776697,0.7226330765942633,0.25292768637260543,-0.04798872242856589,-0.397728573206787,0.15192694987981087,0.6695525897440818,0.08497940105227791,-0.05118221888065755,-0.7294144299891235
2022-11-11,0.16387358029182456,0.6609941366667527,0.3314396422367366,-0.0010162188388848081,-0.26616615573918,0.14977571213576724,0.7237452628047538,0.24658425090791444,-0.04242884638074529,-0.41460718366143723,0.1519567082163867,0.670070108969254,0.08211226428112883,-0.05070014419346769,-0.7377320521386957
2022-11-14,0.16380583851756692,0.6281892414142684,0.32534517272112407,0.007941459984182941,-0.20401593854493982,0.1492374850781789,0.7235210441997869,0.24116923529184403,-0.047442907066433726,-0.43962667762581553,0.15199810121496796,0.6703155161710389,0.081395799842498,-0.049023267640319945,-0.7409717813425913
2022-11-15,0.16287108232206365,0.6267483782765793,0.33785466298116934,0.016243436294608227,-0.21095912366294323,0.14853699084301855,0.7241411523164096,0.24253600790125981,-0.03764285227859554,-0.428847611534118,0.15199594737840008,0.6706401633473307,0.0813543254625465,-0.04810882242170045,-0.7343426865833087
2022-11-16,0.16221812137615804,0.6266581633832036,0.33652750245979357,0.008289858085980262,-0.22568880534976898,0.14852984868449887,0.7241962668657221,0.24267583092495715,-0.038861186245167434,-0.43044003401041986,0.15185528106571416,0.668829170922465,0.07846495542483262,-0.04223069294473669,-0.7229206418505887
2022-11-17,0.1629199768378115,0.6267397852774079,0.33342558861074617,0.0008515469770082884,-0.22002793436337387,0.1488255315204795,0.7237953455209948,0.2423768226228834,-0.04769623858867145,-0.4170823748246426,0.15175985269559866,0.6688032569705326,0.07734088247016116,-0.05732004810753211,-0.7235701971456188
2022-11-18,0.16280148400150996,0.6261707604769088,0.3297152651318628,-0.009596928850457154,-0.22698711524935278,0.14884004616300936,0.7059893293174622,0.25736344635016384,-0.04791877630520258,-0.4747856617992394,0.1517650973065571,0.6666800040450501,0.07494926508066639,-0.057483613729769956,-0.7067588554636772
2022-11-21,0.1617780987497696,0.6231096972646282,0.32096741715443283,-0.005829279321953873,-0.22076658636303537,0.14919860452230846,0.7045544765070102,0.26989870697776713,-0.0590144309338998,-0.47020900852316283,0.1519051601930553,0.668151650591605,0.08014156508312016,-0.060488227196351496,-0.7283654718598744
2022-11-22,0.16177902743650768,0.6258965987955301,0.3198563781198797,-0.00560091846104771,-0.20239559539297935,0.1480422098890266,0.7048148716513779,0.26524442178335417,-0.07026824745349214,-0.46862145701674507,0.1498971488875687,0.6682930930804709,0.07467596059058021,-0.03676024061292704,-0.7123827676474304
2022-11-23,0.16113943118004212,0.6271677904956781,0.3174547841699245,0.005356174910027267,-0.1609401610068546,0.14730303912028614,0.705612924954676,0.264174889486953,-0.05653441700702966,-0.44079960296273535,0.14941845150455438,0.6684319773410051,0.07936462249483783,-0.02141499730717289,-0.7114647533129863
2022-11-25,0.16094358163469621,0.6263380708893685,0.3218310829633568,0.016104767474505177,-0.17595827725135815,0.1474334641217596,0.7002494789175361,0.26969008046984544,-0.04865214164314591,-0.47333478024607967,0.14949792774922208,0.6681957349262475,0.07939130957224191,-0.01698147620857049,-0.7064371570127794
2022-11-28,0.16045933953812275,0.6269446316448951,0.33085157481890776,0.01813607857862798,-0.1942560263388139,0.14764336317602014,0.7005099783479579,0.27135428944156487,-0.06036387248611852,-0.4794712506985974,0.149697888383854,0.6668457979171402,0.08086166130403756,-0.02531501045750595,-0.697267253712667
2022-11-29,0.15996865389915793,0.6279034287104397,0.3359941619434262,0.014977388362813926,-0.1765062291903492,0.14777415218491022,0.7000902536657179,0.2748009469214885,-0.05822783495067951,-0.45572287852098403,0.14976323287129567,0.6621586411113158,0.08369729589217513,-0.019020380118573765,-0.7155170520541937
2022-11-30,0.15953522226268044,0.6242645508382914,0.32140605168398045,0.019323939000619017,-0.0886044687308889,0.1477635835150663,0.703553577472831,0.27265732974949053,-0.05764251188123348,-0.42984300213078097,0.14969091320541375,0.6638359768636539,0.08245181375528886,-0.015561556137720478,-0.6988257491114636
2022-12-01,0.1773032622934428,0.6223611701487567,0.2673048443576245,0.050584500447854897,-0.12043298909366618,0.1573614313528683,0.7022621775019926,0.25832921261499275,-0.03215145232104766,-0.4166123382133584,0.1545561583926088,0.6638155936900505,0.0766800732675738,0.017317660426027004,-0.7035264062746998
2022-12-02,0.1771576389794017,0.6225947889495377,0.26686226644105415,0.05197071674903819,-0.11594377012946,0.15369448719159232,0.5974608465076674,0.17326600812029389,-0.012119266650521432,-0.2400780541662968,0.15409960044402407,0.6638691533433217,0.07551314706519636,0.026606924441610502,-0.6974270387273873
2022-12-05,0.18017544320111425,0.584512717677322,0.26429874995116925,0.030487142188188043,-0.20608459736095686,0.1546984402141664,0.5973076942024514,0.17143088646799173,-0.01775569405672739,-0.23560208825459705,0.15445183252103173,0.6621511215076171,0.08142430715580266,-0.0014574670947681279,-0.6832951186092183
2022-12-06,0.17967892339484126,0.5759688604101428,0.25584593180107823,0.024014735961405353,-0.2360679153494023,0.1546178189443081,0.5968363505834873,0.17031247713938127,-0.020444027077927363,-0.24291741648174614,0.1544332413342016,0.6600745969547666,0.08045734225501873,0.0016296849755892406,-0.6621467567914867
2022-12-07,0.1781296487060609,0.5430246548391034,0.21219674943431616,0.046931393059363335,-0.16990835374503632,0.15324210772077493,0.5790409744484806,0.21447574610023948,-0.028055583398622352,-0.17336787599522863,0.15465156965684873,0.6601152060396324,0.07930344094911088,0.0074522604314466445,-0.6676903669572792
2022-12-08,0.17775956949162422,0.5455771662986867,0.21294305250384968,0.05406355727223322,-0.14858958967091884,0.15311275194989482,0.5800405309740118,0.2162061370557301,-0.021243059928591546,-0.1581716333859624,0.15466287808176343,0.6606664617865003,0.07973565891903159,0.008961075329039003,-0.6587754891475344
2022-12-09,0.17315626672556456,0.5432603571357049,0.19681052691971468,0.07953252158846058,-0.1303502917610948,0.1532983550137517,0.5797604697191542,0.21576502595702768,-0.015281758162970394,-0.17273501092907373,0.15466425920005347,0.6584854789387317,0.07727803871853677,0.019136602090618515,-0.6406043626618445
2022-12-12,0.17466609699696448,0.5432924709333572,0.19104771338894505,0.06462729363119957,-0.12978306155648922,0.15399351652737936,0.577686132190823,0.21416497058883108,-0.02507613956360244,-0.13911981393401607,0.15493985161448137,0.6585189611232752,0.07652005710370519,0.004202151386606179,-0.635790984271415
2022-12-13,0.17798862062768658,0.5476702613623403,0.21025767188746883,0.08777264516380479,-0.09019642447769871,0.15617974435782744,0.5743048280820241,0.2332461453480908,-0.0023500102270082035,-0.15671904948967375,0.15600994771237708,0.6595140856767641,0.08257867552817509,0.020801851007189898,-0.6195490603892498
2022-12-14,0.1779229137397936,0.5435187388853346,0.2030538991371553,0.08832504203357616,-0.0569133808184461,0.15627166356246866,0.5741977986622546,0.23279761661290693,-0.006337812023595402,-0.16089210465504677,0.1557915957468366,0.6595382838442528,0.08257845943750601,0.0261806133642144,-0.617793518287441
2022-12-15,0.1819065098282201,0.5447164967442887,0.21877644375079214,0.06689747623245657,-0.06375746095650758,0.15816699837596293,0.5743670582917034,0.23802924460816302,-0.02027619410891679,-0.1625529538037952,0.15667890576003285,0.6578510304271649,0.08821872936167889,0.013204901574453531,-0.6448664799796059
2022-12-16,0.18224924091122835,0.5422620461194478,0.2049096158577475,0.07084645607970153,-0.14248122032995336,0.158476311554691,0.5766218721482633,0.22912251337383163,-0.011530859083588307,-0.17914382032968013,0.15568422844225024,0.6586070524213365,0.09006734966942688,0.0011122233646454482,-0.6507429839943113
2022-12-19,0.17909777465758048,0.5426066348173171,0.20708803316015614,0.08582989712575051,-0.1480988960861973,0.1584623904081657,0.5767478445115031,0.22910139729959872,-0.010894112147524448,-0.1822691741974839,0.15564566382130818,0.6581035434380068,0.09126015585969965,-0.00398918119829228,-0.6441792939637117
2022-12-20,0.1786050439641443,0.5462218760715758,0.2235037014667854,0.11754622084622102,-0.1205018325528695,0.15980852909919746,0.5779554557573766,0.2351641281862429,0.01001492563322448,-0.14548706882084272,0.15628930978927313,0.6586223260036477,0.0966319799369307,0.01716262634967758,-0.6393727672826162
2022-12-21,0.17864524498228507,0.5462062077642477,0.22369120769163572,0.11563383381516301,-0.11998671381558867,0.15973594732848354,0.5768235145968822,0.23382625935503776,0.013266735728038048,-0.12723988325057667,0.15625290753177248,0.6569323106779139,0.0984541933117378,0.02051773592219308,-0.6563404365644236
2022-12-22,0.17829447803288287,0.5448774674642958,0.20672730450261223,0.07502996935815864,-0.13364988079703766,0.15860789925357718,0.5725863566810904,0.26016909555248685,0.01780147626251849,-0.16640684802926475,0.15696290275437422,0.6569479626308301,0.09735025323949256,-0.003828599783983866,-0.6538997143442158
2022-12-23,0.17840517565037314,0.544488314366124,0.2077430969221436,0.08126571830873952,-0.1418326497629776,0.15706334817162126,0.5719059105238714,0.2701817443692541,0.03898643891268283,-0.18256025120757013,0.15695267722100953,0.6552124366001323,0.0952717612836837,-0.00413975834969349,-0.6692506531500032
2022-12-27,0.17937745062997051,0.5444206704475335,0.20589605223262128,0.0903707987954161,-0.13969970678684185,0.1577301840896538,0.5665828496841505,0.26900110785639564,0.04793931525829054,-0.22740122824096687,0.1572908757535862,0.6552106933844909,0.09505430368111967,0.007905753190948328,-0.6698847580910348
2022-12-28,0.17643385510012297,0.5440128528921706,0.2019963872773665,0.0668625433772756,-0.15649579741687192,0.1578503741669239,0.5666137424380321,0.26940467107681026,0.042185615531283416,-0.23830090635440293,0.1573386395741406,0.6526651297558677,0.09626138465919769,0.0027058503219388186,-0.6521754494286054
2022-12-29,0.1737177067864457,0.5383598128432936,0.1814285288458084,0.05518636232302754,-0.1816654540174164,0.1577492899966269,0.5538217452281249,0.2637217857894679,0.054455189401782844,-0.16665608794196551,0.15741188404069836,0.6524211147454869,0.09620999819439349,0.011186150529224559,-0.6416741226084841
2022-12-30,0.17319577030845482,0.538246919134248,0.1803523179354354,0.06125052263656472,-0.17648831116592667,0.15761705576448093,0.5519205209384217,0.26144486280019796,0.05878936657767442,-0.14082696270529382,0.1573458531847458,0.6521223905982125,0.09541518451986741,0.006669960723651558,-0.6480872027555145
2023-01-03,0.17435133219212975,0.5382843405202314,0.18223797432914116,0.07281492515248456,-0.16414498432885616,0.15811743030583497,0.5478514597119317,0.25764066599378344,0.06372801819990603,-0.17475775908235447,0.15751771311292276,0.6520182159089725,0.09737756084862284,0.009570163093975959,-0.6397940435870069
2023-01-04,0.1739637064601762,0.537744096642767,0.17981501204861786,0.0875796799248365,-0.13729124548223393,0.1562359372368695,0.5474454892852575,0.2713994724094583,0.0898112010707941,-0.18019912837303387,0.1568725788214598,0.6521496546246925,0.09990154083316974,0.032720418428364706,-0.6370227787494751
2023-01-05,0.1697708971267432,0.5363621288871219,0.16540752142428333,0.09873449691683422,-0.12040592055050514,0.15697332830937888,0.5470339925956268,0.2709992155904759,0.08041793963566968,-0.1919528130331254,0.15699377860790142,0.6521032062995739,0.10022547875579337,0.014328226799188215,-0.6331671855274892
2023-01-06,0.1719491312213454,0.536646337748872,0.16957703817237996,0.1089560801731162,-0.11019910550457279,0.15841497893853326,0.5352085309972131,0.2715929416797758,0.09326394840013075,-0.24609966773137704,0.15766784978260687,0.6504001403439037,0.10437808815196488,0.024437004099798543,-0.6109167704068568
2023-01-09,0.1714435252386915,0.5374705607105595,0.1740681409185611,0.119403903921385,-0.10235658215453924,0.15849835129529855,0.5322906508867303,0.2749304322672577,0.0976793724356988,-0.2647725042775222,0.15644388849462262,0.6506256567260127,0.10477392549816554,0.049519394184097676,-0.6015712633622818
2023-01-10,0.17146683357897635,0.5377909307017227,0.173371100700809,0.11896243291591957,-0.09991337203461415,0.15818967057156655,0.5328214304844966,0.2738094417670908,0.10369371479313738,-0.24903177034173452,0.15638445217118382,0.64996664198756,0.10625267602090728,0.04400799739152106,-0.5801931285067907
2023-01-11,0.16695462228932392,0.5408290788452554,0.16816246765931955,0.13948692861577738,-0.06519244113033662,0.15786866177197956,0.5345919665632503,0.2739298036989745,0.09659157093603699,-0.22576370392292266,0.15638719907907989,0.6506366636546919,0.10642184900958178,0.04452967167647026,-0.5711536250391476
2023-01-12,0.16723179046370815,0.5497599821874063,0.17884748899576358,0.14110579857459293,-0.03484110070861424,0.15814370619755577,0.539433792776324,0.286994351642196,0.09922428041657572,-0.16928876346305433,0.15636306643559905,0.6524130915787109,0.10903609355724454,0.04415729932808521,-0.5584600405525255
2023-01-13,0.16774247332444497,0.5603829352626292,0.19479778933691308,0.16058696370490932,0.029747896324367806,0.15875624513430417,0.5381575905023565,0.2931688882181032,0.11785235208143297,-0.06797805762009634,0.15674063650941125,0.6541484987551337,0.11363650366216506,0.051660865660397404,-0.5469856376827953
2023-01-17,0.16556523491810976,0.5734269471429613,0.1615210304313017,0.16870645054448974,0.10564438260872477,0.159069128928481,0.5454419789683032,0.2778874254279163,0.11189385731254142,-0.003683393665731338,0.1568322491566473,0.6566616094918021,0.10822533947661102,0.04858899682318163,-0.503152399031425
2023-01-18,0.1657686347697614,0.575454515870866,0.16490819616084645,0.1650781666125456,0.08581207655362144,0.1591072411019308,0.5347685519698387,0.28479934570088866,0.10930139438226494,-0.09776336340346936,0.1568149780593064,0.6567944714024953,0.10895802007480859,0.049821084503163915,-0.5199785236320249
2023-01-19,0.16515965350370865,0.5765168621504596,0.16820068253975817,0.16156491438569298,0.09984755973327686,0.15756571333516,0.5323872122079177,0.2755815110667557,0.09918298048506946,-0.11563105388484762,0.15703243228256325,0.6570088966833318,0.11026625539301355,0.06152063479255654,-0.5023839983215586
2023-01-20,0.164968494532713,0.5945078651900364,0.16355178974069542,0.16570943693342377,0.17218309301032053,0.1573042005041505,0.5429943736751816,0.27346153623818636,0.09376591098111287,-0.04738909803862357,0.15615760252351285,0.6612077074581248,0.11367089113294138,0.04611545261053007,-0.45677523742933634
2023-01-23,0.16503833761354444,0.5902167695099564,0.16404876947570282,0.16320867043783682,0.141251709701129,0.1561141656007072,0.5424322724772364,0.28251564451439354,0.07881637202132064,-0.016289110964600728,0.1561567834371552,0.6609310662106155,0.1136073066196058,0.04667317982170749,-0.43622920348943284
2023-01-24,0.16481926450897685,0.5874912051503491,0.15851994520901896,0.15947764260075492,0.08984052419745181,0.15616877737693935,0.5423552611037681,0.2816967787653609,0.08141033537313569,-0.014868426107857546,0.15607343271052276,0.652184175132323,0.10838633518557306,0.05655637778381606,-0.37909668123243045
2023-01-25,0.16455457030641998,0.5864877974581221,0.15480946926835643,0.16630643855680405,0.13960595196694525,0.1557786832407308,0.5431561342364948,0.2824043133307065,0.09355998023400947,0.011877157101074287,0.15602665255416134,0.6525473819271876,0.1087786179349979,0.05478635341758964,-0.36930069223578244
2023-01-26,0.16263221308514525,0.5859792997799725,0.1680367361350821,0.17339490680041614,0.118348345443543,0.15429666331627143,0.5430046731457013,0.289859724593259,0.06812771814857599,0.01775533893441361,0.15606776713641207,0.6524731153168664,0.1083256735088511,0.04183535762483048,-0.37671767849073357
2023-01-27,0.1623975399451258,0.5858123600809811,0.16674416259463493,0.17596152973368517,0.1260237914905471,0.15370608302204286,0.5414103254753833,0.2985718342217004,0.07715502289499865,-0.009042169872532702,0.15555945806238297,0.6524839610603743,0.10854764841131877,0.054489848555950404,-0.3737476207430819
2023-01-30,0.16276463728745513,0.586341412878427,0.16982527103409265,0.16560591703243688,0.11495405426535421,0.15345484841218374,0.5406399035070953,0.2964070073130522,0.0652005741335071,-0.04071266565314202,0.15424663119981843,0.6524682283667464,0.1117449157591942,0.07238862896404075,-0.38499664681824286
2023-01-31,0.16269847603748175,0.5855867885293989,0.16858323320596666,0.16939393939393832,0.14781015002810638,0.15343314451920165,0.539520562457188,0.30041790990831957,0.06466917619279333,-0.0010807637790847258,0.15420117245972187,0.6523569919753262,0.11319819966587995,0.08101292711528951,-0.38759581130116694
2023-02-01,0.16017637781722022,0.587423784987304,0.1749004673763777,0.19124411045742495,0.17386359660880868,0.15370834000041247,0.5385689769130125,0.30425979777653345,0.07118051559345995,-0.009348437790678954,0.1542486441020841,0.6525970824647068,0.11380260705709618,0.08233986007137695,-0.38352798710473746
2023-02-02,0.15270817018890287,0.5812323777919569,0.1389956205485973,0.15161641234865653,0.10992648084273537,0.1539040382084185,0.5387871970556193,0.3056276245576186,0.06839315017472192,-0.020271631398500856,0.15434982800709335,0.6525974723676835,0.11400445610165384,0.0717735491690934,-0.39416912895565126
2023-02-03,0.16525987632147768,0.5783698889990638,0.13333243362377903,0.11669144634688244,0.13816100688600308,0.15942606052996802,0.53810293734926,0.29400196266846396,0.033654627147306826,-0.03907319555094246,0.15693294251145834,0.6510097479711007,0.11421921121091709,0.03662372257059143,-0.36542818767597807
2023-02-06,0.16041206150455362,0.5376226694876434,0.2510332607037622,0.09527972027971932,0.2275376796127626,0.1587767633595333,0.5395854475760247,0.29091099343312987,0.045270021422216145,-0.05704374367319354,0.156898058963028,0.6515709369709842,0.11402159597515853,0.04179370624378609,-0.38742151933149216
2023-02-07,0.1603219199652294,0.425715768288738,0.2896224062574336,0.09984250599951627,0.4649337510536109,0.15864334398089455,0.5403529911354136,0.29078857502787714,0.053137453344611174,-0.025917701190972697,0.15690919375378082,0.642154026129301,0.11420299439562369,0.042593206062756295,-0.4394264936432063
2023-02-08,0.15399010332157417,0.37810092878370954,0.18356018049261832,0.07812054730825024,0.30435529101407544,0.1582873932032058,0.5396935755188804,0.286458927748232,0.0641639011273718,-0.016995185231775678,0.15675456722536005,0.6396908834363582,0.1100761367315812,0.03781968410203285,-0.47675070187745583
2023-02-09,0.15394991517690212,0.3872742493894282,0.22903886325084338,0.06165930489464255,0.2808890338171226,0.1585259871045635,0.5444785273641906,0.29159063967309484,0.060580426708531476,-0.06004027624245334,0.156860986453425,0.6413874148013031,0.11254343169848188,0.027682025772801655,-0.5054440629548194
2023-02-10,0.15393140675858283,0.38341088557163533,0.24093852842840105,0.05492710577125437,0.3028597929745227,0.15839175751341175,0.5223232870482039,0.2906372773419655,0.06330476716796674,0.03705562951835972,0.1568075371385779,0.6413585995715129,0.11233341556921456,0.02063597131540207,-0.5116876162700341
2023-02-13,0.15454699642698827,0.3827113091415074,0.23976692449547932,0.048795558751282275,0.29159615320994114,0.15815059516130642,0.5212108471547182,0.2960629168525155,0.06583160259592669,0.019122160602343508,0.15692055376389583,0.6412654899810787,0.11172800089792173,0.014204841209936925,-0.49941363811658024
2023-02-14,0.15452167152757249,0.38215879964750943,0.23865100079257756,0.050456117311779236,0.33302650937876943,0.1578434766871439,0.5218399696131251,0.29551257132131487,0.059164249449843664,0.03217734897750235,0.15690351719072182,0.6411631287798778,0.11257018730212866,0.01264863424185858,-0.4760225090526983
2023-02-15,0.1554960624112186,0.41984632644420045,0.14946900497158905,0.04668182009536204,0.4566481613022617,0.15869225460384473,0.5376161452219342,0.2603427276857813,0.047573118835153805,0.1361448752767187,0.1565861492124184,0.6477457520671125,0.10080723782497254,-0.01289182372483022,-0.42921810367418634
2023-02-16,0.15514531234683634,0.42573985695256916,0.13972506952360386,0.0555175690028793,0.41476761385953553,0.15857568263557972,0.5391753921285075,0.2563685366614187,0.045387841992751365,0.09363359444134933,0.15646683343039308,0.6464901504502114,0.10351989843702245,-0.0023703816719605753,-0.4700310272702759
2023-02-17,0.15396127873893273,0.4111101578440959,0.10190788569805047,0.06357782084279595,0.5560372058233396,0.15750847171447924,0.5336080810025605,0.23871348740270573,0.057377928644468446,0.21251618363984526,0.156251292302511,0.647725978534781,0.10405491531142191,-0.01138127108101894,-0.44120649327062234
2023-02-21,0.1543210982244135,0.4102124802414805,0.10720525354172558,0.058968891399658,0.5093700666002177,0.15765006387757577,0.5337010397284557,0.23925766289216605,0.05303769298614247,0.20388021330232609,0.1554543459084003,0.6428880047679121,0.11838837400914638,-0.03128286014721482,-0.39719901199982866
2023-02-22,0.15427457149584367,0.4097714344626516,0.10598122575895567,0.05493814491024551,0.4562199974084864,0.15721028410916327,0.5325708101519046,0.23525129967045721,0.0605885781336446,0.22185571656416347,0.1554514681029096,0.6428527589007362,0.11832162576445827,-0.030687465696239147,-0.39574684838791785
2023-02-23,0.15512078374725669,0.4104476053290142,0.11794577877546245,0.0415051589670028,0.4494444676276652,0.15742765573659956,0.5325925606718801,0.2391804680332609,0.05827835737566378,0.19440271613238935,0.15559591822222946,0.6414828550851533,0.12088055348272533,-0.0422564614419042,-0.37451091562757033
2023-02-24,0.15461525549036542,0.4147175944963474,0.11826580993109786,0.04413027903408184,0.4304535960475311,0.15693670112772518,0.5347568236703963,0.24447467289721347,0.06306670782096879,0.15257936461727106,0.1556711483996784,0.6417208173430108,0.12275176054952366,-0.048837964633477116,-0.3780091102545664
2023-02-27,0.15457797326150896,0.4147144141640733,0.11809466053178477,0.04375428902526801,0.4303980685598079,0.156678129638079,0.5349077192852085,0.24769039561518535,0.05938700236735239,0.17792389923715768,0.15550335491832473,0.6412441888687016,0.12118340114340335,-0.05263978707561756,-0.3863482951648135
2023-02-28,0.15495708240630432,0.40980517302813224,0.11643966883840633,0.05194728016716721,0.34824032291936025,0.15665656012164764,0.528380632122734,0.23864881762381804,0.07227504524098438,0.22878020538552835,0.15433129459599942,0.6409195883170999,0.12627998174118502,-0.026965472066327822,-0.4097203959820056
2023-03-01,0.13348273648429682,0.4096363141303346,0.19150625419377074,0.016637325944554693,0.3936680429488437,0.1563302047073873,0.5281794984287702,0.2367567486762084,0.06806341721410325,0.2258244347321945,0.15424671925620348,0.6336550361095549,0.12182995182992391,-0.029094506328428693,-0.4525404007499729
2023-03-02,0.13343924527018905,0.4104573706039982,0.1945415948042491,0.017075610538763275,0.37374531310396963,0.15623324919371878,0.5283386533498796,0.2376173617074341,0.0699337590064284,0.21446810230502011,0.15259738898009223,0.6330071359395929,0.11659036334242444,-0.05314335128780523,-0.4707325201256526
2023-03-03,0.12999332881313785,0.42441216784689084,0.14887822492041436,0.04114967986782103,0.31740257373309233,0.15644550752928885,0.5130537959189744,0.22381729928708757,0.07289135819713777,0.045906194763019936,0.15240405658404502,0.6346396392396562,0.11189903603843074,-0.03521826537093442,-0.49087924540316086
2023-03-06,0.13000059587092744,0.42440085093170926,0.14896317517125468,0.04050715337911237,0.3124873568914388,0.15617356303692165,0.5088676018535659,0.21837740029456162,0.0654946579334652,0.002651202627630189,0.15223299504306767,0.6338796722305066,0.11452909777123363,-0.04199599555908562,-0.47164163612804166
2023-03-07,0.13487908070790655,0.4236053473878742,0.17561344859678787,0.012235817575082963,0.31882728525669335,0.157389816349601,0.48882314411332073,0.19335484678574033,0.05974145459846536,0.09474751234469325,0.15253145853806854,0.6289701591510352,0.12975035411293084,-0.07454488833818862,-0.43226548315553726
2023-03-08,0.13484404966556207,0.42559201729358254,0.17433834147900087,0.00949207637298688,0.2602264238872858,0.15720835730873592,0.48999350821022297,0.1934346902179754,0.06406880905984358,0.07296989666942477,0.15177709933128283,0.6287845727668411,0.13460591272915054,-0.0888321291945352,-0.4294031372711614
2023-03-09,0.13562421928784196,0.44765555374498245,0.12709051932865506,0.01319932902113008,0.18851575447545854,0.15510065517184757,0.4973967433201445,0.16403995103548816,0.09378162652991695,0.03359237911692503,0.15016147474705396,0.6315324255305031,0.12440008705285276,-0.10213873060977174,-0.4743299739299426
2023-03-10,0.13844259991192,0.44826880965176,0.11191853694662164,0.04178982330147263,0.17323787336134955,0.15696139861883016,0.49754061087250634,0.15772943275408505,0.1091178801139725,0.02097147022248924,0.14879589329147752,0.6260355898197539,0.14970153481346563,-0.06085906999881119,-0.5191558528862505
2023-03-13,0.14345436246634038,0.5758720205088085,0.28975676751470936,0.04984935634072807,0.36084022084712797,0.16103476966533214,0.5621323274219474,0.2405761211370902,0.14199741137027155,0.2380972986412755,0.15097318185571051,0.6497248900463934,0.19542931651350387,-0.04194162337037566,-0.3864327817281914
2023-03-14,0.14335485187601088,0.5769144969174601,0.28533234675720054,0.05069559340053709,0.38900762398053956,0.1609536589243153,0.560470636961484,0.23495247368133113,0.14349832585213274,0.3099545041172105,0.15080809783680227,0.6500163188917399,0.19373899828166752,-0.03732996251180798,-0.36213193296932655
2023-03-15,0.1397418334809619,0.5748851939196913,0.25308185464275457,0.08026624682892236,0.4037518062188017,0.1615256408670779,0.5602358150673236,0.23114888684358664,0.1525333324008853,0.3142521552411799,0.15069865258781595,0.649703196596623,0.19552314991913233,-0.015044879266314148,-0.38548132788704736
2023-03-16,0.13970438581100483,0.5677939038684826,0.2649560413597768,0.06821467179142293,0.5048993888904008,0.16169290032742814,0.5578632089450135,0.22655754897182007,0.14389389562018673,0.29047948748749564,0.1499097674574238,0.6503318460367457,0.1940178501553908,-0.0034720170707410736,-0.3631529554613179
2023-03-17,0.14855782797480055,0.5915202890306244,0.3354342312101439,0.09779165244651877,0.6681547456397179,0.16385156990694794,0.5722072047939086,0.26368177341152416,0.19201499704151104,0.4211028693095247,0.15175219291734302,0.6551919173867974,0.2193511366163731,0.0336790543015959,-0.3334635292303707
2023-03-20,0.1459377926691344,0.5901922909996251,0.3294434816521669,0.08622768834715355,0.6424190171288717,0.16244857410130004,0.5722844238617034,0.2642433967622032,0.2139096480908882,0.4445045157451599,0.15080066975426126,0.6553349927917107,0.22189670306478992,0.020378807457444914,-0.32194624284343276
2023-03-21,0.1531196495733609,0.5896507781278765,0.30694419126952777,0.06338334043192173,0.6753832321128734,0.1657946752611285,0.5723774241325822,0.25308418440870717,0.18634643290123942,0.4743595037099104,0.15213204232359032,0.6551611718879817,0.21815370023239952,0.006116169833187746,-0.3259560516044335
2023-03-22,0.14876585636177012,0.5951084262131294,0.3004551786714342,0.08594659531064441,0.6225123547443543,0.16350946889441995,0.5742252305729973,0.24770444713154935,0.16742513508139867,0.40566377194105074,0.15219407179640504,0.6556447148196742,0.21661883201128068,0.010417193877136688,-0.33522956091436984
2023-03-23,0.15536360096737106,0.5976340035247941,0.31688981098862595,0.10625212195448319,0.6868519216189688,0.16660487862775084,0.5763077257884907,0.2589762128732826,0.19615249527568146,0.44760124381798017,0.15392679977118046,0.655980748515525,0.22438689946727436,0.03871976290089019,-0.3310960908274774
2023-03-24,0.15507995613891173,0.6023175032005822,0.3338527585349002,0.08814660490055548,0.6446132246346117,0.1669636514758402,0.5781263236856305,0.263212472235812,0.1864832827919387,0.4148612393753943,0.15384005630244227,0.6564449647823991,0.22496882620118744,0.024002477070149686,-0.359025652248233
2023-03-27,0.15842612180524682,0.6027419650041219,0.3379428360730999,0.07599955737916275,0.6396175915351161,0.16696976678811531,0.5784892564583338,0.2661978111518054,0.14794362445835652,0.38302432908909734,0.1540724011002967,0.6560046875266392,0.22312124567636055,-0.004280859521342162,-0.3826362078048877
2023-03-28,0.15920772499143473,0.6027575858161782,0.3354463686832096,0.08077765607886023,0.6384791991530443,0.16594971033014463,0.5764853198886373,0.2578324961780707,0.1404218433978608,0.3408241315408136,0.15434469986572033,0.655950696514098,0.2238402707502298,0.009876189392261647,-0.385142921315656
2023-03-29,0.15947534907783517,0.6055736146880074,0.3265839570292702,0.07704527269968398,0.7074714452897244,0.16578762572251873,0.5786534001203862,0.2518735018619294,0.1430148585557811,0.4061226935464972,0.15420198594252352,0.6542099692942689,0.22791201973015307,0.013970499486432697,-0.3984799045883105
2023-03-30,0.15864802179318255,0.6069158771788128,0.32438620068067875,0.07269382753747822,0.6806835808581324,0.16598287236403902,0.5786997501024461,0.2494841092537832,0.1508019483011518,0.40480780081640866,0.15366926134190753,0.6542088769082083,0.22941788944136915,0.035613481537071445,-0.4093936357209029
2023-03-31,0.15879939181107328,0.6070732285436713,0.32128664693670167,0.05917159763313573,0.68879096055144,0.1658902033862595,0.577972004570326,0.24387377875021451,0.15193350713932352,0.45693474621819474,0.15338670574593005,0.6544193494146163,0.22944150774169045,0.018360486164985312,-0.39488159154823577
2023-04-03,0.1600175167921629,0.610536060076415,0.29097617107590007,0.0868195430553862,0.6505705239739761,0.1642780919691328,0.5783039750458572,0.22568555102979934,0.19412612387834338,0.45183206060136016,0.1539862724309447,0.6540728006646152,0.22760957599370113,0.026267224771581166,-0.3897446461417029
2023-04-04,0.16129098702416056,0.6106181497227366,0.29344859013918273,0.09012141220541148,0.6616412087091637,0.16601893449262148,0.5783848263212891,0.22805428184487095,0.20889676819209502,0.4785298338398769,0.15452785812202904,0.6540037016371834,0.23209156149788449,0.0595207167990246,-0.39137664339627065
2023-04-05,0.16127144840662805,0.6107167510036475,0.293601882324014,0.08403446727796626,0.6385831282519792,0.16578930477364018,0.5783902799832443,0.22889080777889148,0.21347241465629452,0.4708633596680136,0.15444979492839478,0.6539411280191109,0.23172144951424442,0.05253359647669864,-0.3956163196808148
2023-04-06,0.16166974034732326,0.6111514989507634,0.2964614321426053,0.07988277346872508,0.6074555594837814,0.16600583942626665,0.5783708391619896,0.2300252513641732,0.2083482554645555,0.44684925413996957,0.1544811637204522,0.6536025967442011,0.2311746558521894,0.05130999969601091,-0.3844028133648032
2023-04-10,0.16368558806608297,0.6177206340793315,0.26467622374233485,0.06647507732776425,0.65336780697808,0.16486691109521023,0.5830465889637179,0.20941870490045655,0.21523441030948764,0.545580723554868,0.15488291036304122,0.6541248336849566,0.22264588123014106,0.04196353505625616,-0.31369546398696335
2023-04-11,0.16306272061397772,0.6118368027746219,0.2540591898406745,0.0633031114814111,0.6023168480945855,0.164732321812752,0.5830797423081729,0.20913178897660317,0.21334134615384515,0.5464903654230129,0.15488012233332596,0.6544071130230255,0.22347093393644846,0.0419031629300346,-0.30500265556611583
2023-04-12,0.16150974520691813,0.6047136370287942,0.23627484958086642,0.05370249043262687,0.513796950313046,0.16446388164422224,0.5827673660474912,0.20724058674197782,0.2229133740195035,0.558829225047103,0.15485656087578709,0.6538517660689283,0.22467682474096468,0.040758660476567066,-0.28728499427562726
2023-04-13,0.16335046746169557,0.5941435783847724,0.2563468059298039,0.07612965210504674,0.4365256881179338,0.16413563902596778,0.5824579168062782,0.20456479011996848,0.2576796660373659,0.5882865575407266,0.15555273121406643,0.6505269613570601,0.22700098934689458,0.054973873493748604,-0.23082987904155505
2023-04-14,0.16865949073527403,0.5911878241395009,0.24930044122993347,0.05705298837342676,0.4735377038582185,0.16701716453873308,0.5823322516089383,0.2015171006249536,0.23154935770642449,0.5999850341063475,0.15614599434543197,0.6503345968409864,0.22318607721276087,0.020090113725351078,-0.24027313934142358
2023-04-17,0.16818782104002947,0.5965461392185432,0.25230961397960994,0.043193499938358526,0.396373785502218,0.16659179130266644,0.5850070790874473,0.20561529792613084,0.211736968443611,0.535798300460133,0.1561503611323877,0.650648067295823,0.2234088554858364,0.011235979934879348,-0.28473685943490223
2023-04-18,0.16855291573572187,0.5826272224087758,0.2598408924599295,0.04745358485482232,0.3404838508939618,0.16667497472967033,0.5863901107896815,0.20822254554552602,0.22102652861501126,0.5712925064712695,0.15619467426416736,0.6508344714800052,0.22387360452858912,0.02268465552888066,-0.2388340989556207
2023-04-19,0.16914793670259892,0.5944674988126054,0.27073366864725207,0.04080684135562018,0.25674270630037443,0.16705639562643068,0.5899908368387105,0.21540539968149777,0.2106755421158757,0.4342597622197264,0.15621323655482414,0.6524969353765891,0.22514536959895548,0.010521558677601295,-0.29401538208207445
2023-04-20,0.1693845427142035,0.5955118922539847,0.2666496902394006,0.04324684825671321,0.2478089490548312,0.16700440878949982,0.5892989361773717,0.21026614513689562,0.2096213962673612,0.35991275913618903,0.1556925480695707,0.6525213849614189,0.22728825674233685,0.030678905352697905,-0.3194188751046614
2023-04-21,0.1720083153383928,0.5995743856622452,0.281881461251818,0.024657688158167934,0.17990639677251785,0.16849425566532128,0.5905880967702183,0.21848312758728441,0.19506485901560122,0.34462835252583335,0.15634532498467854,0.6533732245737679,0.23072010397547654,0.017846198020945003,-0.340729435043445
2023-04-24,0.17161349428576086,0.5995585885992775,0.28170396247348034,0.03616582840835436,0.1950508370289561,0.1672970970609754,0.5903775543246766,0.22441173012726198,0.21583170565499699,0.3364831263122543,0.15636421856058136,0.6531805154445611,0.2305118927480614,0.02648603785520587,-0.3208208574357313
2023-04-25,0.17164022157614336,0.6017467068861093,0.28237035214364975,0.038924004683136504,0.22656660383542748,0.16719143431422767,0.5914417575262997,0.2238737275383563,0.22173466182422752,0.381143177766452,0.1562097511830011,0.6535938239979897,0.22993723083842227,0.036292172568782144,-0.28768571985198355
2023-04-26,0.1717368814661457,0.601060050954083,0.2801206533833494,0.03801548424662049,0.24441894071660086,0.16731670793233852,0.5914264204823446,0.22380729954274817,0.20991699040915113,0.3874699431565716,0.15495998128779406,0.6533309505827498,0.23550343767462992,0.05274261603375496,-0.297481724773197
2023-04-27,0.17164790961787676,0.6044982209976413,0.2788045145169372,0.03601969422130025,0.2737554076607913,0.16730415131237283,0.5927732320029837,0.22267832345807534,0.21151515151514988,0.46202938556624473,0.15491195880105849,0.6517915013203693,0.23897895951403336,0.049839832798094896,-0.2267641552069204
2023-04-28,0.17115055449446592,0.6031601380654156,0.2748542836126862,0.028978755066314532,0.23674535280330056,0.16619869178797447,0.592877761945474,0.22420219564720778,0.22576488175856024,0.45177034793091253,0.15468702700750647,0.6511006846768638,0.24208856102908433,0.05845291855149459,-0.25230826997389044
2023-05-01,0.17078623877903756,0.6101724643039692,0.2760319108489661,0.031800238652892165,0.1968184490777607,0.16197628682341056,0.5934536402630304,0.21047751098736697,0.18823808909793138,0.3283804893925393,0.15472644605728372,0.652306406390828,0.242952236439016,0.05334949491820007,-0.2937172587187322
2023-05-02,0.16247037267327158,0.6111926665930724,0.2954898316651345,0.07817333217026357,0.22308597171776623,0.1632476849381055,0.5925794586659987,0.2152409115946693,0.20398693771384946,0.39206876107843835,0.15512433547664686,0.6520581283848403,0.24872697651987133,0.058377413039027326,-0.25716996412931237
2023-05-03,0.16285959566545455,0.6074542166328664,0.2987417901168299,0.08379888268156344,0.27443625669087934,0.16096595349088227,0.5712086475735182,0.2760320915257259,0.1870629370629351,0.5644185253526974,0.15309673577289137,0.6521767332195982,0.2525417242346522,0.0930457322846554,-0.24716287552055582
2023-05-04,0.16361777394214483,0.6066060961327168,0.29356761126984193,0.09067269626293117,0.23999957351483525,0.16130004782241758,0.522288462755552,0.2881027418979645,0.19956819148307137,0.8165172265339655,0.1533114572197008,0.6519040179109655,0.25256415849296965,0.0989521960877584,-0.23583139937475883
2023-05-05,0.16706529212203067,0.6068262511384033,0.27519758253351645,0.07092616550454345,0.28749604511615634,0.15998676946857182,0.503442449527697,0.2375455973287585,0.15458750368048424,0.6793522786069555,0.154089690595065,0.6503327883427092,0.24874508308025062,0.08347602521619257,-0.25603031177581936
2023-05-08,0.16641352865329367,0.6129459946026562,0.24770779663136214,0.08235291518332488,0.26927099576523794,0.1596485338043364,0.5105240214716628,0.23672963201405947,0.14909004358421885,0.6257952994178329,0.15410033369733536,0.6483723003108336,0.24978708527485538,0.08396865388923036,-0.24281156642853008
2023-05-09,0.16640248335358895,0.6125630527061121,0.24539905606514978,0.08983730296829173,0.2774717497942778,0.15967196101618605,0.5088528858636102,0.23927308920977794,0.14969891178188965,0.6643665794677742,0.1541255664518456,0.648228341031982,0.2502661203263665,0.08503291450708472,-0.23257303221728476
2023-05-10,0.16594709990076115,0.6126268593880985,0.2480046906598421,0.09315802285266273,0.2665823194290253,0.15976805347808606,0.5086297331778364,0.24017690330941457,0.14649927938120522,0.6359128514982542,0.15358325241527135,0.6246496147665451,0.2366211642033063,0.0960400313917602,-0.08829921789783934
2023-05-11,0.16712453774078403,0.6142409764924356,0.25636177020257017,0.08314569183875475,0.21511301873279653,0.16032053169487098,0.5095303073770558,0.2446485143653479,0.13779701793191923,0.6197778658620792,0.15350296987537318,0.6245802691198564,0.24126321825776298,0.09750135795763026,-0.1296499159391291
2023-05-12,0.1652354211627356,0.5874689896212009,0.3189446311721471,0.09456456694444859,0.10273015837305088,0.15987459242854268,0.5097763427297598,0.24500870885777365,0.14566083314130718,0.6062898576066567,0.1533655039703912,0.6207575607808262,0.24777514426380487,0.0896046296765789,-0.07365700344249548
2023-05-15,0.16518231128914468,0.5846268180580596,0.32330812571909945,0.09228852891104555,0.15108779758349034,0.15963253796772217,0.5099750566272622,0.2448249368600586,0.15292973268591803,0.6285217367300229,0.15250802458116236,0.6209171736579406,0.24997717309939002,0.10857172982385865,-0.06386238070138983
2023-05-16,0.16845715174661474,0.5797874536195743,0.3287294733035088,0.07718087374160776,0.10058979511811161,0.16070146994633908,0.5025696343952387,0.2357354065833309,0.1456656863476382,0.7125586695532686,0.1529742882845708,0.620884835829108,0.2509387183240957,0.10220111371441853,-0.07671499449507746
2023-05-17,0.16844384634038387,0.5800971503828378,0.3242350745841293,0.07728630904426792,0.12123123103681421,0.16087285900492465,0.5018286023342143,0.23513768276900324,0.1408126884086378,0.6923528578642808,0.15301280090681935,0.6207137892041111,0.2497075648345901,0.09421170033851278,-0.08251421501922784
2023-05-18,0.17082847369236984,0.58146494232996,0.3316313809574078,0.06424113430796896,0.10928034682827681,0.1620809922996731,0.5021830513704163,0.24094801041680772,0.1227085679640243,0.6153562237835581,0.1535523599940478,0.6207579677699634,0.2511506802439319,0.0774644139440539,-0.11811165705773297
2023-05-19,0.17098441078367613,0.5809486684039527,0.3270651329591713,0.08473829790902165,0.12287870043803562,0.16264781937753514,0.5020044235934458,0.24063296848086457,0.12976053340133165,0.6275503201668533,0.1539163674333472,0.6181014787261012,0.25072838888272886,0.0912494900292431,-0.06372302501112004
2023-05-22,0.17058461165173774,0.5767382119386902,0.3209020666311527,0.08810741166528913,0.15747609270380813,0.16220301839203102,0.500978881712923,0.23699920193820892,0.13612589536113107,0.655715839147208,0.15333998292245393,0.6156952734763562,0.24486272828920808,0.07386487269535102,-0.11423825581686764
2023-05-23,0.1705707178397493,0.5767337491812278,0.3181245679866003,0.08197708016030636,0.15741511544200182,0.1621559292538796,0.5009751325981,0.23554975753042612,0.12931821804435617,0.6555643456501665,0.15334870397909942,0.6147405823274974,0.2450623813771603,0.07187450527594019,-0.06763573991696326
2023-05-24,0.17071664636223957,0.5801552055254616,0.3296996318708744,0.06963577493017148,0.13770320834294725,0.16235608504167115,0.5006486505008083,0.24366532400414945,0.12520044420729404,0.5338973410026877,0.15341393276196694,0.6156175048631858,0.24655478466078748,0.0632102628376292,-0.09498952991823129
2023-05-25,0.17224471103750663,0.5788206970240397,0.3227678055282197,0.05326754386980359,0.11966465114412106,0.15351068639022022,0.500150553051294,0.27363868380069084,0.0707910993039862,0.5604408431190271,0.15352096891816314,0.6153386255170474,0.24391538586171943,0.0419748717342312,-0.10721011929929847
2023-05-26,0.17209270961936127,0.5786897961207838,0.32153598858520005,0.056397744541224704,0.13817932767078367,0.15341808108774468,0.5001880390984321,0.2740889130134519,0.07443638100103844,0.5635685168595668,0.1531617395408466,0.6154072094780657,0.24416906971404684,0.05307912983168661,-0.09617196275167461
2023-05-30,0.17199548687637406,0.5729866879210991,0.3487154395835439,0.05575327605695368,0.23877594261924306,0.15181726915845295,0.502145641213478,0.27672523805188803,0.09919718538610045,0.6319666150852286,0.1533126104776602,0.6164124774864526,0.2462151965756015,0.05975320733539702,-0.05346851370043193
2023-05-31,0.1720384486288893,0.5746235108810698,0.34573465834795425,0.05893456824488119,0.21355114177628765,0.15185112008402352,0.5031087088769386,0.27482675942865453,0.10182899321922068,0.5927705305225479,0.15332761168524703,0.6162679512688114,0.2461477260439935,0.06082211020153738,-0.04918041622621505
2023-06-01,0.16970803378665708,0.5752349717890937,0.3274790829800777,0.09642857142857109,0.20703199097228553,0.1530091192605197,0.5031526317561447,0.26887792260684734,0.10984427141268016,0.591866723871961,0.154051960781006,0.6073405884674437,0.2517468703331469,0.0829218282287083,-0.15640064547349297
2023-06-02,0.17227200353247862,0.5732381889758194,0.3134301333426744,0.08303090400699475,0.2546960756073693,0.15432575678834046,0.5027165298959787,0.2616715675654417,0.09331111606213427,0.5812011484280868,0.15460286313952756,0.6041445585658838,0.25187143292024194,0.06539732114853081,-0.08555600467165225
2023-06-05,0.17159165921164093,0.5692980105880433,0.3362819682977853,0.07614743001267565,0.26504299354672267,0.15421389941594418,0.5100125602121252,0.25656498464090055,0.09035185401665657,0.503523527919076,0.15415183003799177,0.6062908683610276,0.24750816820025415,0.05498558462735903,-0.15450537246606455
2023-06-06,0.16824779892155017,0.5784728506592117,0.35274428306968153,0.06121468070754266,0.3493066717467095,0.15343855821465724,0.5156380271015303,0.25923927023537874,0.10556265469923964,0.5830576900723905,0.15374803467240672,0.6084017611476148,0.24624659139013505,0.07096532931208954,-0.08300481410313454
2023-06-07,0.16190065958256986,0.4527815877121092,0.2314610885992582,0.021862783414590803,0.08878858955228242,0.15235409858538074,0.5166652156876063,0.25899135236280085,0.07280198543635308,0.4816673046621611,0.15416968722428992,0.606782945866782,0.2526794149774393,0.06221189796597981,-0.16017106194430297
2023-06-08,0.16300928350876032,0.45078173977748204,0.237843155795534,0.03542830619442516,0.07120897490842482,0.15286303220236072,0.516677977833801,0.2586960518924121,0.08791995860066448,0.4879174330241809,0.15443571243894574,0.6067892881570787,0.25325745339324857,0.06830084858673957,-0.14916354811945276
2023-06-09,0.16167727922104114,0.44954163342324416,0.25035249094662615,0.023766323814676582,0.08633153244279135,0.1506409868596339,0.5149875820056228,0.249357983041204,0.1059402042571238,0.5249398508190075,0.1544241669831272,0.6060399348571734,0.2542777244579445,0.06501478651864989,-0.12358299261461858
2023-06-12,0.16161773785462816,0.4487451571481376,0.2638979226805551,0.02428494600721498,0.033916820014738835,0.15052631037622485,0.5120223874991783,0.2619297200896195,0.09415620741999242,0.5559407906036871,0.15446106897432335,0.6064161976448206,0.25492394087144343,0.06309364165749365,-0.1397947104115138
2023-06-13,0.15304751734301938,0.40779605437567273,0.14641845026004002,-0.007550050374492523,-0.05488641449372855,0.1507810532130961,0.5114927107508712,0.26135388859327996,0.08950327016984994,0.5765957128308561,0.1541065711803192,0.6054474559937221,0.26025333626530145,0.044308171466775015,-0.10882607024366808
2023-06-14,0.15312480766932637,0.411444601261473,0.12970584659444817,-0.007010300621223431,-0.09516829531206827,0.1494210615458145,0.5127418293565076,0.2488334273410531,0.07861290570874346,0.48611279908059446,0.15233233291525017,0.5487379022722934,0.21507582293158065,0.0748444000062376,0.11727849542056856
2023-06-15,0.14665721858615624,0.4120394870005472,0.16088093593156577,0.015249073184394835,-0.09225719807087374,0.14941876211456462,0.5130163168756082,0.24866358376175388,0.0795989508132342,0.5208170694232157,0.15198022249522186,0.548856330718606,0.21402755399411277,0.08668318233905326,0.15173742409549162
2023-06-16,0.1464060543640519,0.41199582513173044,0.17012605065403527,0.011079183348597699,-0.03588672900469059,0.14727526972852295,0.5143222884720587,0.2499387431315362,0.09797799674687635,0.5642856935628813,0.15194982530164217,0.5493642914566341,0.2132732690906435,0.08331500198944508,0.16633365907278996
2023-06-20,0.14022224603845257,0.43233985973994254,0.04589888957196697,-0.024149542889221887,-0.00022885513015380443,0.14830251933450592,0.5240083088845291,0.22037147389043854,0.0795366388890506,0.6864658769028968,0.151572666941174,0.5444058573390451,0.22536063928988878,0.05286768228936545,0.389852526087872
2023-06-21,0.13974192392851284,0.4438401293523517,0.02848774970319157,-0.019608843359511074,0.09216838600220534,0.1476400959070923,0.5296179085402751,0.21856773552294742,0.0668093085728767,0.7961945711470664,0.1514903239531976,0.5473708487447373,0.22331544753488075,0.056666331745941934,0.4667866379287726
2023-06-22,0.13805755131618008,0.44296949567691923,0.01778668292967725,-0.015405925327059422,0.10215195101363816,0.14843483471434546,0.5293327102439531,0.21841369318274093,0.0594227885462304,0.8071077274267109,0.15189782240446653,0.5473028868794381,0.22360586335054553,0.04617136180622583,0.44429831270335773
2023-06-23,0.13656934486523573,0.4457082421377955,0.021454027072747923,-0.022244755213611467,0.12569023921368827,0.14829487850605538,0.5301995737048181,0.21966222051706794,0.056736021679045345,0.8444200416412428,0.15192463138568071,0.5465770974379277,0.22452617948262843,0.04960832787246128,0.5357694379724196
2023-06-26,0.13652460594786942,0.44014442047723573,0.026996422810110658,-0.01682849925013241,0.06782346251674798,0.14831473295136702,0.5308074809244274,0.21843878750211906,0.05892021713569884,0.8232780708577496,0.15185825875039663,0.5443139819398051,0.2282764814988498,0.05683681124973372,0.43561166209351043
2023-06-27,0.13607989238608859,0.44013373034611025,0.029223648181736193,-0.028531029948433706,0.09469369305096365,0.14776089608235585,0.5309560344962138,0.21800392774414273,0.042088767818506456,0.8398337159797071,0.1519543621233691,0.5444247015067774,0.22728070192901584,0.0510845203002992,0.4453966144303987
2023-06-28,0.1356439231913862,0.4412512283772062,0.035306409897785614,-0.023768435159027157,0.05645531193230857,0.1474528273266437,0.5321061295041452,0.21767722710729864,0.033996746192509475,0.7841321810178346,0.15192381919180703,0.5442604828180051,0.22668275060127943,0.053375657462470416,0.4509549934465622
2023-06-29,0.1314019530169162,0.43859952487135445,0.06649783519318765,-0.04124175114633177,0.09554191338525198,0.1467422337547049,0.5321203423319469,0.21644716457109828,0.04199720191972589,0.808269190011748,0.15192786463467425,0.5438394306908055,0.2259169196246371,0.05309690085372765,0.5012030892693686
2023-06-30,0.12583480059438718,0.4378880701142719,0.05105953870409873,-0.05338039906009029,0.08197794462400809,0.14525951307801319,0.5321428209088187,0.2172419726856387,0.031930296197937524,0.7978591397016934,0.15202054781360416,0.5437403193142142,0.22549524569931684,0.06156810146578384,0.5159777368880234
2023-07-03,0.1258479159096034,0.4399357855907808,0.05229750201239476,-0.05212221303716413,0.10570149512778904,0.14513846423773763,0.5325498546102819,0.216115815777066,0.02753219183487543,0.811783814799383,0.15190660916331497,0.5438308595579933,0.22431166331306338,0.06761464497890679,0.5747723050253795
2023-07-05,0.12562222370309398,0.4421666721622268,0.051004512064409285,-0.049003181815909125,0.08807634449041002,0.14514807051317113,0.533671593150352,0.2169174355019957,0.026965081580568873,0.7490343690938999,0.1518741496705572,0.5435696500770402,0.22368967265454914,0.0697196644939968,0.5835582828801713
2023-07-06,0.12424525274412546,0.4294583336391701,0.10779505147311562,-0.04411619036827674,0.00864524974631653,0.14542694999824482,0.5337963355690922,0.219958422334943,0.019426259793349887,0.6676615845919252,0.1504904529828083,0.5421342717805696,0.23989134003534202,0.08588922155626366,0.4813851998081893
2023-07-07,0.1246547271014729,0.42861041418386314,0.10580970210667176,-0.04284299157999005,0.003545785463506812,0.14519744671367585,0.5296645056181876,0.21114396043196723,0.01774802522923591,0.6079983198824916,0.14987360106072187,0.5420484807796154,0.2454410229080569,0.11287071695940076,0.4766353043741762
2023-07-10,0.1244226859248103,0.4285823330668656,0.10697917681313018,-0.04637267187610106,0.009138242372024985,0.14416758102352598,0.5246660997988116,0.19809288046431034,0.004839490588764095,0.527630393747039,0.14987161787934197,0.5397097238657966,0.24560800604498842,0.10996151876607363,0.40563129572787293
2023-07-11,0.12035702823889116,0.428445207650535,0.10179164684277013,-0.05750988684575864,0.0072990651311366506,0.14395104266264336,0.517933244722575,0.21149202946878895,0.01424155758111989,0.4470109826780575,0.1498928234181041,0.5397288116782231,0.24570881548106863,0.11180618796907815,0.40908315516739924
2023-07-12,0.11728002297614097,0.4286899978742148,0.1003069012391221,-0.026838027753645632,-0.003085142764812643,0.14506434152655898,0.5168103602641234,0.2053457500745867,0.028683770934386787,0.46899162967248187,0.15024362204758043,0.5328823827841146,0.23983252855880952,0.13281746635400182,0.5218227028560103
2023-07-13,0.11703297120105943,0.4284350316247068,0.09300969595324224,-0.02152463934821902,0.06897608448683701,0.14452651685292003,0.5183677878423829,0.20242363488769646,0.02073913608177902,0.4926901817062235,0.150177094955152,0.5327889578478265,0.23825752174065626,0.13856678642975417,0.6288650801447846
2023-07-14,0.11621534470867546,0.43055435866412384,0.0729497746485007,-0.0273802684035942,-0.002088469935549675,0.14449528598564393,0.5116127362131123,0.20084005604731617,0.018774024561190483,0.3376842906722801,0.15006930172820587,0.532446712517453,0.23559707423869053,0.13189284034229964,0.50078948014327
2023-07-17,0.11585788812303745,0.41630646301980084,0.05070267353774425,-0.025357456870375827,0.04590860387449891,0.1446255587938573,0.5115988741109692,0.20168165779511055,0.01441462676555294,0.31443800937608435,0.14907941089409596,0.5322629195541463,0.24129245807247285,0.14691052199118837,0.4655326217296789
2023-07-18,0.11812430158787501,0.4145938927584866,0.049709818431187304,-0.018968811461006263,0.05701957399094115,0.14563577818452764,0.5114048128087709,0.19767486997761163,0.023457695484842667,0.31895848375202185,0.14953777911998983,0.5322569711813064,0.23916526404300822,0.16271429749630384,0.4329090193284726
2023-07-19,0.11449233491559717,0.407812336295598,0.005648738771032686,-0.004873122919806572,0.09667567392235421,0.14554510292874723,0.5106714793962556,0.1961882849642023,0.01966440529304836,0.29397464284579766,0.1495029166839519,0.5269396368519595,0.23850297733945497,0.15822716956039362,0.3303538630863563
2023-07-20,0.11449687310311461,0.40766591432549404,0.004724934060229891,-0.014451456999912238,0.0823486937533553,0.14541596294945314,0.5106813955667331,0.1961682890726512,0.021191722494332543,0.2934617124271446,0.149607273639293,0.5255611663576106,0.23946461221965967,0.15210152608231575,0.2737382248093796
2023-07-21,0.1144356569595244,0.4038971693443617,-0.0022532803718235345,-0.018907470398634607,0.05656242906297826,0.14545454397983357,0.5106877516117531,0.1959938063022161,0.019280579818159227,0.29594419035588704,0.14948085000586186,0.5255120409464563,0.23892047465011398,0.15668746739490302,0.2874091177316973
2023-07-24,0.11421468011103914,0.40724747475688217,0.003516918679365554,-0.016933892198459755,0.026535649767741365,0.1454054519597038,0.511860167570384,0.19619114608468066,0.020437841936056245,0.2774404058918003,0.14933413027492914,0.5261300132058531,0.2401474308359267,0.14520831283569846,0.259546014473508
2023-07-25,0.11417539330257344,0.40034348152743,-0.002323458000305243,-0.017658853840982425,-0.00835985153386054,0.14533029953917226,0.5116090960265414,0.19535846610496818,0.017724773864667087,0.26310700156229516,0.14913930561654815,0.5257271071478912,0.24265238825846808,0.13679513917916286,0.2867012224948977
2023-07-26,0.11440554085822899,0.40034094795299185,-0.000732093373138344,-0.014506528114734185,0.0005013908069748663,0.14507032968488784,0.5105178858939738,0.19190202289681368,0.014051845826480669,0.23736544555376504,0.1490683289715322,0.5219871845027763,0.2403096695459259,0.1460066334504173,0.37418702846096275
2023-07-27,0.11694629522950899,0.3901141622200815,-0.007635867503103796,-0.023341030589147604,0.03983832726721048,0.14592944162110044,0.5102889664944054,0.1910290802984211,0.0077169577206051,0.24449769413155575,0.1496286777235177,0.521977073528252,0.24032754451165955,0.13273563863377125,0.3752837995231888
2023-07-28,0.11341182654125385,0.3879214493642735,-0.03677910670061889,-0.031087838133792456,0.02226977067895408,0.14023534670587168,0.5102798940139662,0.19681334860447797,0.04465525413958282,0.2503238158285668,0.14979354903660588,0.5164760878331345,0.24255528447096977,0.1403641744255617,0.2786107438383283
2023-07-31,0.11301815773975549,0.3873088036642049,-0.04664580437412262,-0.03264604810996519,0.007715657221657901,0.1403960582135641,0.5082289910172475,0.1977723149845161,0.04841713221601451,0.28426936999835895,0.1488375308485722,0.5150734460002576,0.2357963323678124,0.12580697310687006,0.22589541180546924
2023-08-01,0.11165498323610679,0.3883357974674819,-0.034537840589357965,-0.037408135511173946,0.02870319541709687,0.14046111943936804,0.5077636796186745,0.1979140034054483,0.04987266424279002,0.2755915235905486,0.14873285196302577,0.5152663536963205,0.23679260334191257,0.12246867174774612,0.24663684819754983
2023-08-02,0.10752768318504327,0.38709216527017737,0.00169436838615174,-0.024595045252466585,-0.012948493232035063,0.14044460286039717,0.508043841847916,0.20049280854921633,0.04458668800190879,0.2708249112896979,0.14813124388206625,0.5151479029101574,0.2422527455049062,0.10477152427360292,0.2503950365548069
2023-08-03,0.10724560642760213,0.3632995507796968,0.03435266375739791,-0.03167416087465069,0.05359975423619501,0.14018400911244755,0.5023181843932025,0.19252042921068138,0.048070294824661186,0.33730360919738533,0.14817168046222376,0.5149156166875757,0.2424444820889419,0.10007269516824646,0.26984641297647416
2023-08-04,0.10704409224465551,0.3633887581266069,0.03358066993340181,-0.03269863822498331,0.05117060991535172,0.14021652617375333,0.5021771341182714,0.1911555509916613,0.05420110727443994,0.3428407583808828,0.14799919180553842,0.5148920224789896,0.24184720313165026,0.11241834520788396,0.2725836278999143
2023-08-07,0.10706799694889173,0.3634054857688026,0.03224166261897053,-0.03293897029606341,0.056434582709409264,0.1400079245349603,0.5021320713836303,0.1922403189183144,0.05715052320901548,0.33806136409311804,0.1470981161011006,0.5147922663133729,0.24556095589601581,0.09026508018274315,0.2894098152679063
2023-08-08,0.10632168424605853,0.3620438377814003,0.002716716551353927,-0.029992564011847245,0.10239341963675175,0.1402404393438043,0.5022102283086927,0.1886858723638757,0.0506593753421245,0.33953259596598384,0.14691969778891492,0.5143914024710888,0.24801392853862675,0.0941827142926257,0.27807506946628857
2023-08-09,0.10667668408855187,0.36200265977959717,0.006865208601059648,-0.034260853336614994,0.10283547511668223,0.1394829596045033,0.48588288043901645,0.2284298492816972,0.05706385084890919,0.21612993813483783,0.14681833297443664,0.5140130328291425,0.24679597671107337,0.08054510765949896,0.2415847084321765
2023-08-10,0.10659522938054307,0.3612308880580997,0.004155659118155907,-0.03648584987360881,0.08226101063022528,0.13942445230514328,0.4839637009824712,0.2326084004609037,0.052435453626532125,0.2457774431368287,0.14677801351689684,0.5132543728286016,0.24868426616462835,0.07537381885205141,0.27047087422558747
2023-08-11,0.10243419641412661,0.360967013450833,-0.007217790007046803,-0.023281497448099264,0.08732829026570887,0.1394314075605496,0.48090337353601,0.23574054755303356,0.05210248997845124,0.19670242020966344,0.1467845439748643,0.5122319931943381,0.24899718151886338,0.07327563984781005,0.2275828298274074
2023-08-14,0.10216750465122647,0.3601164848719537,-0.00198415988594257,-0.020605584115571007,0.07334775334831267,0.13929410799803965,0.4808046376205769,0.23509655965854753,0.055088195386703065,0.20347102281732754,0.14674216935087922,0.5122320330605905,0.24905803618535954,0.07569724021927726,0.22752404870109055
2023-08-15,0.09926675298985967,0.3577161278666887,-0.030445064326951835,-0.012552350772192522,0.08713925391817523,0.1394743479013168,0.48070789688528043,0.23599826794443063,0.05088240628393925,0.20594220863698753,0.14675769587920862,0.512003959936376,0.24869687837514315,0.06593222317371139,0.19536797867625988
2023-08-16,0.09666513747554117,0.35952095565204856,-0.025450747317462094,-0.026897419970976943,0.06737232078511624,0.13905378375572328,0.4811055269104894,0.23567174562103468,0.055561636351560084,0.1985296444467215,0.14647282345625634,0.5121505723073149,0.24843355822406174,0.07240980758022553,0.18912092687162252
2023-08-17,0.09747914562487806,0.3907653390476006,0.02895721482189167,-0.03135747599187044,-0.006954103527722633,0.13920180720462344,0.49095556745782065,0.24164217070127728,0.053987109627418706,0.14942688412428207,0.1465609042000139,0.5173967793416956,0.25200050663578133,0.07012348629602538,0.11645211557341129
2023-08-18,0.09749437775369081,0.3925157384090654,0.027132805365752428,-0.029374525196252055,-0.04320068076695627,0.13908891105751855,0.49187366944800287,0.23965352727928196,0.05019451715737033,0.10741399452494216,0.14636476458259684,0.5174037820507228,0.24983874112734217,0.07868523254920645,0.11628208865544432
2023-08-21,0.097349233184645,0.38666509744200145,0.011871577811302119,-0.02117478168731468,-0.00799996914730805,0.1388782033097518,0.49125758411186843,0.2436937012913524,0.04698647091108343,0.1286016177774103,0.1463571686089041,0.5173773367522048,0.24970229961894563,0.08570463697658104,0.12542261531039056
2023-08-22,0.09500170128401395,0.3865557404394733,0.01821902301203775,-0.009106318679075631,-0.016790576562771053,0.1387442473175037,0.4903997263164016,0.24142072117596144,0.04367615396099778,0.10086483609445751,0.14627527245696323,0.5062283804148369,0.24798962019052662,0.09251799496692725,0.24687297314971102
2023-08-23,0.09791109806527097,0.387393555944037,0.037242624452578886,0.001954393181290426,-0.010765644584534995,0.13959202066271031,0.49070085901241545,0.24391107596315256,0.05846236108988667,0.12592609355561524,0.1464351429228936,0.5058715388383014,0.25283385256572155,0.11421868473079932,0.2351864111057793
2023-08-24,0.09682554470201263,0.3804222914860429,0.008884397014321647,-0.005566917473984745,-0.05559010640667217,0.1392060126208842,0.4856222388949489,0.25868499479566914,0.04987598469625554,0.16991225615501393,0.14627570917968688,0.505965633746353,0.2527147382599905,0.10555304881218408,0.2152669191892389
2023-08-25,0.09688444478455496,0.37891801374081513,0.016531114719675305,-0.01222058134408377,-0.043056757936822176,0.13933233290655914,0.4856859175300834,0.2591642245221516,0.04599377221558254,0.1612995640208721,0.14633308393974623,0.5059438607035578,0.2528928673756527,0.10127733432532571,0.2174640892804165
2023-08-28,0.09121109603678089,0.37782509893083366,0.047603260663588595,-0.0244048865807438,-0.02661532413824641,0.13654587920174593,0.48543817949475715,0.25808300131402034,0.06967035649897002,0.17490644328732552,0.1462739037255464,0.5058689952136104,0.25247144930930027,0.09901773851001305,0.20856747624226823
2023-08-29,0.08948440116443944,0.396494713682783,0.14050702551603353,-0.0022847278918458613,0.017534309217670296,0.13712408936987056,0.4915673261055906,0.26883522743404864,0.08055647309287917,0.27669630457126626,0.14599550673684458,0.5051488310501928,0.2492831927900104,0.12304258815285785,0.3685767940824034
2023-08-30,0.08973454524296547,0.38018218881105137,0.1550446528608689,-0.0006584859423449663,0.05967244337589084,0.13670114418787993,0.4826013565235597,0.29013890630002237,0.07543880205812181,0.34053119994720715,0.14603772533215512,0.5054302868403336,0.24826518755699548,0.12762190950429297,0.34482577125029445
2023-08-31,0.08970387227538971,0.37756125181521916,0.15299012360589873,-0.007872811297470195,-0.04799445471283048,0.13455213365822283,0.48860347877629606,0.3042900975442708,0.05285993778022724,0.28454743379584224,0.14586552925819152,0.5074808231551804,0.24756767382334485,0.13223519502916492,0.30988146566395236
2023-09-01,0.0863950726957942,0.3715631753731729,0.11007567316869828,0.00444237697274219,-0.020696632427050554,0.12923501090643688,0.41266440760896406,0.19119390820589457,0.026402283112934244,0.06625433232355205,0.14572718559263834,0.5073830094261625,0.2488455981353913,0.1395551102006003,0.28683435035033544
2023-09-05,0.08507106065977707,0.3713178105667677,0.10311088288993245,-0.01314060462994826,-0.02747202426252371,0.12962728233839343,0.4114270999918363,0.1942902272879903,0.021822152200067224,0.04178069595950751,0.145573433875066,0.5073781053809218,0.24970706472542223,0.1423389222533602,0.2808566751828412
2023-09-06,0.08547878587368693,0.3713177248210872,0.1028965500344548,-0.016690269479543773,-0.027459530760988282,0.1288846021164504,0.4108161445655964,0.202452031746754,0.006679387986127772,0.05650137831104707,0.14547227218895464,0.5073047845052183,0.2509220785457134,0.12864273698283224,0.2896109676705696
2023-09-07,0.08517395084124466,0.3705933706872215,0.09136573093444698,-0.013809185076991803,0.013037170639898843,0.12873447688515854,0.4098048535584316,0.20723149480426178,0.010140405616224646,0.04739617002473251,0.14534869530419686,0.5040941521968889,0.24740124707841918,0.13404166753075697,0.39296410553738026
2023-09-08,0.0844231736151464,0.37155470338291335,0.09182379320472649,-0.008118056066710011,-0.0005044313320428095,0.12307334569150485,0.3885250439877781,0.12460485104376065,-0.015606814708955974,-0.05536315939859726,0.14511797411122576,0.5037870528369172,0.24549146945525016,0.12437776147159108,0.34293514215250887
2023-09-11,0.08383685199060652,0.3708564487118765,0.1058585376922808,-0.011021419560724777,0.0015116022175025723,0.1229233568954206,0.3902605317985168,0.11832118680545245,-0.017954456717554912,-0.09380054970079532,0.14504699293763518,0.5046946673105032,0.2444724536335457,0.13196140358297082,0.30175221976633915
2023-09-12,0.08471184895003993,0.3729970689025576,0.0801707641214152,-0.018064635138782537,0.010046342475521275,0.11933708299267279,0.3916056860309063,0.12866954105334008,-0.0030910308976683787,-0.08313770300300449,0.14513543004757004,0.4953106616801151,0.24042909145731117,0.11946083704530985,0.2082297218910858
2023-09-13,0.08473023980105912,0.36951107042773335,0.07654031992323973,-0.019632686754515793,-0.003765599149710752,0.11917859487108577,0.389707023421957,0.13474197067369426,-0.00877101754209686,-0.039517193118175364,0.14500074261528018,0.49350939114406533,0.23711641145106654,0.11024935488090137,0.172454069307044
2023-09-14,0.0811710565908977,0.3375398236458258,0.22353947251645462,-0.007649998827994886,-0.06311235346299149,0.11410596754226339,0.38631054620800515,0.09974860190096867,-0.03161479774241771,-0.06332676500727918,0.1443344208476597,0.48373971229333795,0.22341909870991553,0.12542216219401192,0.3075852051893424
2023-09-15,0.08238900323399284,0.3141974687130913,0.2549883277313909,0.000668377161548106,-0.1138498590084952,0.11425717472067638,0.3839083878239719,0.09285778712391224,-0.018953572301028787,-0.03217483075768146,0.1443785606474811,0.48372698403823977,0.22320413098699643,0.13872797318638486,0.3145879774646203
2023-09-18,0.07947599354788172,0.31454427685206937,0.2649368157620867,0.015439036230206371,-0.10557536463388262,0.11224227830660702,0.3835485958287385,0.0861626491990539,-0.00020474173613738156,-0.014208143096571813,0.14310636623294026,0.48292120215261414,0.21784067528850157,0.16460977019516454,0.35800186774686593
2023-09-19,0.07926047182516113,0.31170822927796027,0.2542241935654012,0.012489622663173883,-0.1135135479076207,0.11128093420116361,0.3842825149504469,0.08452025008543022,-0.010032961149290198,-0.002090853684435623,0.14307352061166184,0.48317118063979847,0.21757007223167588,0.16049893149502426,0.3762044055042668
2023-09-20,0.0803231398495766,0.310726202672201,0.2544933742033259,0.017219943074255895,-0.10370022386867062,0.11162624290722871,0.380079416909516,0.09070430266051628,0.00010165802501105325,-0.04291006959845767,0.14315975017562618,0.48301639824972586,0.2164242163054405,0.17214875033950738,0.38824339230711225
2023-09-21,0.08485025852634549,0.3114671297611142,0.29777683168822633,0.00821287366503487,-0.13427102519420986,0.11302618523855328,0.38093950756437933,0.107204859556307,-0.020552478027898724,-0.05229195138862497,0.14383230311596076,0.48223772572954765,0.2180314341510874,0.16067261320248316,0.4063802588976686
2023-09-22,0.08503937392646799,0.30939180568923536,0.29752332273478216,0.01217356414965809,-0.11655417972212379,0.11283111265537417,0.38020670541578694,0.11223324301418461,-0.011884217579514411,-0.06667897036304204,0.1438378213947139,0.48183303948206774,0.2187887881547572,0.1610670360319033,0.4330616582154534
2023-09-25,0.08547405852683308,0.30849928159828394,0.3089427546433641,0.009750222083441118,-0.13620703591604322,0.11059062202586538,0.3788922787531958,0.13655132851352392,-0.0318936452956774,-0.05367860335874364,0.1439083372274201,0.4799310571114583,0.21875244651574524,0.15198382232498986,0.35464556510443046
2023-09-26,0.08650049064266421,0.30841604403844364,0.3028771593124521,-0.004975627378699943,-0.13977644571357728,0.10772318631939955,0.378359853761172,0.12756261321526327,-0.05809042546374099,-0.0692570868160175,0.14333068746580044,0.4798962247951315,0.21856699219893552,0.15957965519338746,0.358572955260577
2023-09-27,0.09185697883032092,0.30459279941532597,0.2699887740505263,-0.020005170036764497,-0.1541807324767397,0.10979662080983578,0.3784493679823136,0.12088992872553099,-0.0710846693394277,-0.0647763712916396,0.14350492385130578,0.47988480831135877,0.21635405344239309,0.15764662431198984,0.3709185158150634
2023-09-28,0.09271363257640766,0.3074910549606645,0.23729584091833797,-0.025167350222841,-0.1144589414253222,0.10998532353311348,0.3802117111883781,0.11164478226246302,-0.07293725179995558,-0.036463722089896344,0.1436760859964175,0.4804208781865175,0.21352534478245436,0.14814816749044057,0.4139598961633586
2023-09-29,0.09287430379519857,0.3052335821096504,0.22522987496368418,-0.025738774250671836,-0.10022345524537979,0.10925454712989029,0.3713015214586587,0.14738667293172614,-0.06871946795425987,-0.09244466230009829,0.14245960685817152,0.48021391313308637,0.21159609081642178,0.11742513508139862,0.3852940552543134
2023-10-02,0.09292020972138393,0.3075964317143788,0.16563077854803368,-0.04413974066138471,-0.09265888393098443,0.10947578970072147,0.3717136331745083,0.12661454632450345,-0.08509165370387606,-0.08944164699118473,0.14284953354855834,0.48065337622870125,0.20761902904284732,0.10703582536204936,0.40656586772988335
2023-10-03,0.0930437054729404,0.3075103578143327,0.1661515341515078,-0.04634904194717726,-0.09812737550593997,0.10939674228328426,0.37172097604435744,0.12751276503519104,-0.0905723849092902,-0.08988584487461893,0.14288270386803173,0.4806024703347628,0.2080555680293923,0.10137559808612373,0.4116033488939064
2023-10-04,0.09285558342927769,0.3085864395414276,0.1546049789985962,-0.05281086575145322,-0.09214464386777588,0.10703892269879393,0.37204127943828214,0.12027619337729996,-0.10728360568361928,-0.08551814849371542,0.14186595763459875,0.48067842138946654,0.20664010807378416,0.07802588062756932,0.41663215481454485
2023-10-05,0.08848063438166687,0.30938289549396186,0.17545927852885462,-0.06621802802520882,-0.09791290434132582,0.10359120614313505,0.3724894825144611,0.12840174450307582,-0.09127889450492221,-0.10069597181772805,0.1409303514953754,0.47968068695508836,0.20051768744112097,0.05853802301538513,0.34809080732475883
2023-10-06,0.09004851119118686,0.3029632979789709,0.19115101796303333,-0.0603931636151156,-0.11213132852689245,0.10411580156814215,0.3703010561093743,0.13047899394154708,-0.08061786189742137,-0.05088962403014763,0.14098390075998427,0.47991374378111123,0.2013505572750759,0.07229189842740058,0.3861906765429013
2023-10-09,0.09296670255289842,0.2950375486197245,0.1772477877912975,-0.05095702216548015,-0.09067002132438917,0.10484260252678564,0.3677226574839783,0.11050813622503869,-0.0769420736251355,-0.09256912964634711,0.14133924533807357,0.47999055974132054,0.19863598824020062,0.08339144347289129,0.38226333725711314
2023-10-10,0.09373702684694481,0.2950947322602682,0.1678205479659058,-0.04145367745547168,-0.09138457222510754,0.10495911631426973,0.35979347963716557,0.09414876425211002,-0.06575997448765192,-0.04967130647713147,0.14127180635279213,0.479556606186735,0.1959296316595674,0.09711577561458928,0.40130098090654776
2023-10-11,0.09091416751300238,0.2968226179745277,0.168954710018271,-0.04720314907873546,-0.09991914466040719,0.10502885988706258,0.35966559573406254,0.09398556953028643,-0.0652765729045014,-0.04859691773154162,0.139887371611095,0.4794727476104873,0.18921522791275955,0.12661180983671505,0.4039308439212945
2023-10-12,0.09094798238680642,0.2967690903830721,0.16902092829956072,-0.04937401374055139,-0.10554031688185483,0.10313640834775224,0.3561680207209229,0.06961238419299118,-0.054006531022355975,-0.019067824220032725,0.1397862921104438,0.4794681810259769,0.19012952018140328,0.11684460260972629,0.4044518298855295
2023-10-13,0.11103467998856202,0.2969675128095973,0.160141457739822,-0.014917055177774974,-0.0983364355697226,0.11230421924002462,0.3559641527853811,0.06826320835413406,-0.02915293899622029,-0.02408561883389504,0.14289110108077152,0.47945670734345147,0.18748899948190653,0.15737704918032613,0.40218983073242187
2023-10-16,0.1111928032039749,0.32253815425681154,0.12329085570736288,-0.01642424852984592,-0.0464505409260203,0.11235132489205782,0.36420470339087696,0.05220220940774766,-0.03502117793558268,0.007484532710892999,0.14295303235422493,0.48290772188346565,0.18255465710154767,0.15342877091718643,0.4713722133722267
2023-10-17,0.11113508881720131,0.3187124430538925,0.11868725244426387,-0.013505249546140186,-0.026088020006720614,0.11221189146609838,0.36419676789003147,0.052907150372441154,-0.030210445304672318,-0.00024463280101139073,0.14187365285001274,0.4827915892511687,0.18095842258667205,0.17393409091598744,0.48109335831944633
2023-10-18,0.11641587586287651,0.31872504161498283,0.10805402951527315,0.0023425664666869572,-0.03076048901046846,0.11484681476940266,0.3603321190045421,0.04656562216936164,-0.015357654413143629,-0.03886318742309247,0.14253008059578962,0.48250097523072305,0.1770143758950251,0.18287262549767003,0.44896387488176726
2023-10-19,0.11691419676211079,0.3199133370697795,0.11533957637322405,0.005278932309498385,-0.021637424877306466,0.11520991591925492,0.3608519227940264,0.0508587979431218,-0.009304174785199293,-0.02114688287625166,0.14252467706816724,0.4824894705159065,0.17696416016605399,0.1960985273564131,0.48542405508473796
2023-10-20,0.11477345907503893,0.3269616385141847,0.13325624261264477,0.02502959061743093,0.016167361143012204,0.1155556768450287,0.3584232382982195,0.05521648358448043,0.0011043435880480068,0.05664976903448515,0.14198224093831707,0.48336538416000185,0.17778637842906506,0.22041370946308425,0.5508709577545345
2023-10-23,0.11405128714493022,0.3951533324377233,0.0721896356515738,0.013976751720482294,0.12848175799626027,0.11341403672559855,0.3901264829309712,0.020117067957014276,-0.017545593408432758,0.15361278796222022,0.1420392164938595,0.4949793330099852,0.16738676463752022,0.2144428088521244,0.7364692689212196
2023-10-24,0.1136103941998947,0.3976340348143002,0.07232918776137819,0.007916760003013001,0.159815197526471,0.11296940846984328,0.3912985679767871,0.016052258527261307,-0.024987739034885714,0.16876393403105494,0.1416124037902472,0.4954590735525251,0.1665889292690664,0.19911846708641412,0.7682400626549473
2023-10-25,0.11364459502060853,0.39799884097711297,0.07349332227155131,0.008136231649818804,0.162661120608663,0.11234781660624105,0.39187897376765374,0.022838006500924633,-0.02957626511746192,0.19603320995735452,0.14164558148667913,0.4956506696157769,0.1674905497858079,0.20603352509415274,0.7834995956055419
2023-10-26,0.11358534957906671,0.3966270112822076,0.06844971065247968,0.011341784513448916,0.17167592256175612,0.11023714635154992,0.39090274011080894,0.038832095822042154,-0.013532212442369684,0.1565044848083268,0.14163727750337649,0.49450052587585813,0.1669706236839907,0.2047044779336904,0.6996860457578364
2023-10-27,0.11337459304475588,0.39713174833940773,0.06765213376184107,0.015085305991105136,0.16214308338895989,0.11006644615890143,0.3792130444950418,0.05403664893240815,-0.017066669292351122,0.22443366704590195,0.1415094990881222,0.4936120514131413,0.16477044369006671,0.19728016921935265,0.6325989476105329
2023-10-30,0.11335493315833499,0.3980726150697729,0.07412486319645367,0.014928394496463548,0.18670476527003643,0.10996600292553227,0.3798624815976473,0.05766615956552956,-0.018258381899439513,0.24742917189835856,0.14150819753023014,0.49318157210981556,0.16447263408655127,0.20413064660401914,0.7008105255090615
2023-10-31,0.1137971876471788,0.3980890249039154,0.0730179656947083,0.012335050166560668,0.18804298878160175,0.11018639884079508,0.3798574958150857,0.05630808883481878,-0.021010223980539422,0.25508969909433077,0.14102356196364765,0.49301545133150326,0.16735493569087811,0.2124878341589338,0.6832818388554747
2023-11-01,0.1135057699957514,0.39849586731329156,0.07516914557056203,0.014082338508153658,0.19054822554326534,0.1096683413867028,0.3792411203728989,0.04322830438780374,-0.0163325909428359,0.3124525295991072,0.14104790673278392,0.49336643298065946,0.16568389825309374,0.2113732304193825,0.7290030070986431
2023-11-02,0.11316345514127424,0.39954168244702254,0.06618711265088796,0.021993245642882187,0.1818835009251445,0.10976286290800503,0.37974065419304487,0.040409118466101304,-0.013021115057099797,0.3034230522753494,0.14098694194158637,0.4936304153180502,0.16531577190302443,0.20840156331695403,0.7055296964473332
2023-11-03,0.11324754801030343,0.3996642089660865,0.06323514097208859,0.025809393056442698,0.18018368920897143,0.10982445946916393,0.3795031066861238,0.03824772003928587,-0.011618134457552443,0.2772667922126093,0.14100144814070054,0.4933605326743605,0.16499468371603326,0.2116363340435592,0.7228759388261554
2023-11-06,0.11381366076543084,0.3997678930150298,0.059163831310662635,0.021576081643253975,0.19183995354655892,0.10798252222361819,0.3794541533901155,0.031118029415034814,-0.0022077392945627494,0.2959212989601421,0.14058392419096755,0.4934043848275037,0.16494984120629896,0.21932671887743926,0.7336660767020957
2023-11-07,0.11493633193700002,0.400116868526517,0.051867660732039314,0.015174897119340836,0.2052172250967197,0.10838651483278618,0.3793522114291613,0.029666856256585574,-0.005743374615267971,0.2936172008542517,0.13822496880720825,0.49159104970660605,0.1500358988586292,0.17708459306776403,0.6760380302459066
2023-11-08,0.11576472311478928,0.3994675501796894,0.04451988364023079,0.011678430253454719,0.2223123894140675,0.1074259712402266,0.37789128131361766,0.013175937892512873,-0.0010205122717478199,0.32882377908255167,0.1384837278518406,0.49079375755515003,0.1502166213541492,0.16501044262310205,0.730602100251385
2023-11-09,0.11611969846631046,0.4006797075194249,0.05059862614382152,0.02152154693208641,0.27842683969056314,0.10658171634447076,0.37981130861915724,0.021819883529737866,-0.0059547471251478745,0.3645574228344983,0.13708981926390618,0.47946610068698026,0.19104146700354557,0.14790212635671418,0.9789972349480864
2023-11-10,0.12025352285534245,0.36722112825664543,-0.01979068705396134,0.011748120600270973,0.3993848633009227,0.10915271197440381,0.3803190223649843,0.009084501510447379,-0.019977746801272067,0.38965339608640015,0.13812502292684453,0.45280560680888193,0.19232621207565187,0.13071133009417513,1.349630692417052
2023-11-13,0.12092819438340512,0.3667791065524719,-0.034935945181363684,0.01758411227334955,0.4012659014635045,0.10955546918103998,0.3816465280451703,0.0015460420021993309,-0.012306937871929602,0.34073026058475864,0.1363845102405504,0.44254749716388203,0.15958919796630802,0.11204881420489876,1.075557500771565
2023-11-14,0.12188756219121985,0.37271634096498135,-0.05755027567604589,0.02262090483619339,0.3603372120494397,0.10999224596221487,0.38047515892960565,-0.01985202399128777,0.000967130427402596,0.34945455632310907,0.13634894295045913,0.4421715985556364,0.16078398839066274,0.11139367744227635,1.0862410133602292
2023-11-15,0.12189983165003503,0.39115032085031465,-0.06148980329465138,0.019885798976180258,0.455173718777496,0.10888877786870631,0.39070934758802756,-0.0216808339050064,0.010598393874439616,0.4307405130402302,0.1363037692385929,0.44547055632215793,0.15986946477546224,0.10546458542362602,1.2794637091911873
2023-11-16,0.12199071195140884,0.4053697667373737,-0.11954939224647573,0.02012220816870447,0.3678594546663698,0.11016827573792413,0.39715429798540974,-0.04863480260370932,0.022115928056432255,0.3531335659358361,0.13676577188755157,0.44807145758030215,0.14935469044625954,0.11847140601939565,1.1412850225831992
2023-11-17,0.1220251645738774,0.40431801821943397,-0.12191682797122393,0.019310757566325165,0.3988289031801471,0.10973368925668786,0.3943670559113804,-0.06120545692498709,0.013636338698608474,0.3210678556076343,0.13677332549265475,0.4478806240424937,0.14888736651118065,0.1176370630700252,1.1954357671510802
2023-11-20,0.12185383968957665,0.4054643909885812,-0.12926517241152977,0.020825828086818765,0.4387835823234527,0.109703052920165,0.39450086889411606,-0.060741749631790395,0.00835074301654215,0.3768342258958779,0.1365825836247193,0.44835129162263454,0.14777436385114057,0.1232558416495313,1.245807793507704
2023-11-21,0.12352638789690923,0.4189109286570536,-0.16592156814923179,0.02814871860661694,0.37185345078151055,0.10834494669046428,0.39982469663485143,-0.07215759269347839,0.003056865740885595,0.33534112651878867,0.1368586976578321,0.45097157815012606,0.13834585876379676,0.1409028429844177,1.144825132274574
2023-11-22,0.12251005533955034,0.4111334209744182,-0.2283130795011636,0.014096012206161745,0.35001297861961667,0.10684596030077108,0.40392979721693084,-0.07295495671800675,0.011779078762064854,0.37368452363460114,0.13665065659952053,0.4489217344391865,0.12714118045856188,0.1455507454562368,1.3710436461207034
2023-11-23,0.12225677018690762,0.40930950126083715,-0.22309967263899605,0.010288924900215823,0.36605701120476275,0.10679402370077304,0.39479537584273655,-0.06792466988605199,0.009623663845462094,0.44757297085411785,0.1366504678196231,0.4484475352092078,0.1274408620659399,0.1456405660430964,1.3032830097903734
2023-11-24,0.12237009017439847,0.39214014040230055,-0.24981772457723989,0.018871750915713248,0.454613926097585,0.10689420106160898,0.38741388715075886,-0.07668070084238175,0.010850365884431001,0.38480052389684194,0.13669142048061864,0.4479616131419461,0.1271193451048084,0.1474564780098946,1.2708414024181014
2023-11-27,0.12269661424225808,0.3933381978464162,-0.25527613241714653,0.02302884926559523,0.44391944539469463,0.10569106198074293,0.384470218717073,-0.10411313332108442,0.027573529068023905,0.41403517537908985,0.13668776625985993,0.4481539270163704,0.12660561968892287,0.1473204244093851,1.254843523304792
2023-11-28,0.12455359040898557,0.39351798862192305,-0.24587612176658935,0.04476084477458553,0.46745972586076157,0.1064758983141635,0.3848678969374374,-0.09629939472047504,0.031032055580551887,0.4271456366676385,0.1370502337730155,0.44777995898366374,0.1259309866778562,0.17221165475096334,1.3327578571764898
2023-11-29,0.12422928160401853,0.3933924254688147,-0.25124980248403855,0.05292666752307973,0.47004794679551987,0.10656828113071322,0.3848372798915408,-0.09679866152493125,0.035353037699921375,0.42968111998036074,0.1370208452324463,0.4476614945235783,0.1251726877399261,0.1708418822929123,1.3021302921638167
2023-11-30,0.12464995010237952,0.39309699340488913,-0.2441269336953068,0.04921491664655653,0.43721285777872354,0.10662110989160453,0.3832293520391773,-0.10079665269266185,0.03472611367704359,0.4559500470514415,0.13709880991689297,0.4459340441040068,0.1274742782820684,0.16729666413856537,1.1966159084791776
2023-12-01,0.13413853012638854,0.39309484388383703,-0.1909775587265994,0.07566788680430392,0.49344809270719825,0.11211917321162297,0.38458414662084567,-0.06934207511537666,0.06693555459006717,0.49269475069645696,0.13387781966970236,0.4462432051582253,0.1492724004831314,0.15122300979723113,1.2802173135285013
2023-12-04,0.1429879465165192,0.4149481410470338,-0.2941683658742508,0.04878800451018184,0.6683493387048445,0.11697217972798812,0.39768422328048747,-0.13957900480656585,0.037228871882219794,0.6708712192647996,0.13588678582823557,0.4530597346299166,0.11507664590299634,0.12853668143459185,1.4566055660540589
2023-12-05,0.14244963117246442,0.4215820123788354,-0.29240568030096037,0.05229707742182388,0.706346993408471,0.11706025757466496,0.40242994367647894,-0.14455940657759847,0.03328771466059144,0.7234895396863286,0.1349485875692385,0.4551943175666115,0.11007082039765652,0.14315387245835276,1.5968247327643152
2023-12-06,0.14271474920731267,0.4227195090553697,-0.295563519448164,0.05971540720003099,0.6679085155286699,0.11732223488223889,0.40121975436200547,-0.1475311893401028,0.0389103465615388,0.6616278406407996,0.13504678743659673,0.45532708060222293,0.10900098481159498,0.14895646115538885,1.5598429043046078
2023-12-07,0.14274791189898836,0.42443508707421107,-0.29186568871199675,0.0587748203208156,0.6312432602928704,0.11594668645346468,0.38888318699353946,-0.11303540323346814,0.05067519418625088,0.5282916590651441,0.13480367721749792,0.4551925431765688,0.11192764324280115,0.13815351747166882,1.5695832054773309
2023-12-08,0.14620154230002536,0.4249581153679617,-0.2954448772257089,0.035094055360035625,0.6598560840996297,0.11825090982609546,0.38135548417159043,-0.12093311795288532,0.035785888586692405,0.4708817029504939,0.13576826316568538,0.4550907264691279,0.10643385265928026,0.11823480432972433,1.5628378817161694
2023-12-11,0.14775570503850644,0.4532425187120721,-0.22087334706053596,0.02063065744554793,0.5415787718554399,0.11813670144346156,0.39513835578341683,-0.08571056741196592,0.036388211143508986,0.3788260309049487,0.136117390947606,0.46068841777039365,0.11803259940418395,0.10106588884677548,1.407252979706056
2023-12-12,0.147760212349641,0.4528094268187481,-0.22088325682718238,0.02021804831202778,0.5232826484349931,0.11807006498505353,0.3937019642219342,-0.08907378300904022,0.03296018676960477,0.35036943054502023,0.13570273557294332,0.46069021893242457,0.11851013945781336,0.112090552290675,1.4089950436428182
2023-12-13,0.14718543684680657,0.4557035292693632,-0.21306398988595698,0.015352586862389161,0.5808171103260489,0.11806611547633186,0.3956157316845047,-0.08466425401973288,0.0328369006084579,0.41688602208981274,0.13451391550053038,0.46077513363087,0.11181534637857807,0.09411122915810677,1.4121238549719974
2023-12-14,0.15167027097572347,0.451890904908522,-0.24162166674912477,0.05428957009360369,0.6194131016447681,0.12251552851233453,0.3953022695015845,-0.07877180056934555,0.06294831713914628,0.4019728442739898,0.13643469342587142,0.46077262680369396,0.10999209221186482,0.12437459686323482,1.414953802578553
2023-12-15,0.1519968696247504,0.45693454528760413,-0.22641242946902054,0.04630960974328957,0.5775183872657106,0.12271646232113681,0.3961170315795317,-0.073563526776492,0.05904692689790325,0.39365202564138824,0.13537944455749437,0.4607811058148406,0.10493884470887424,0.1386619843232706,1.414631916031054
2023-12-18,0.15161258829734497,0.4556858037398087,-0.23300658127439064,0.053650741363159504,0.6207605269494092,0.12268161965579362,0.3963928285298415,-0.07134869865294191,0.0639240700898327,0.40000153964390606,0.13523989893504343,0.4586689839459942,0.1106626784369183,0.13348519905896894,1.5603591571173938
2023-12-19,0.15059105143613552,0.4563564830343646,-0.24568091589346355,0.06891345216335565,0.612317361422346,0.12265326525934095,0.3967128341528997,-0.07338476423519456,0.06359493712531106,0.3869533712804374,0.1353251985365447,0.4585372349241947,0.10911731627103416,0.14151424230641863,1.5712500576206874
2023-12-20,0.146898072430724,0.458996455138121,-0.25866908534206223,0.08292343578894368,0.6564610903865697,0.12271215641412855,0.39802578493717405,-0.07610821474388763,0.061259368319188656,0.4010667061515496,0.1345361080598087,0.4587778384495134,0.10264713367998657,0.12178148558377977,1.5820101321298856
2023-12-21,0.14598454044085443,0.457728762146742,-0.2525664751656504,0.09193020094036863,0.6234878242421111,0.12269910399146275,0.396533832704692,-0.07810339127307553,0.06444921115440505,0.4376651264624596,0.13454159751511768,0.4586897368594189,0.102619747792373,0.12375370953913167,1.6085363839686488
2023-12-22,0.14571027150641222,0.45715949916094567,-0.26218110314977033,0.10878309025569322,0.6348974050790048,0.12287521905417023,0.3951014237704071,-0.08507543018826799,0.08024437260263961,0.47104233817028174,0.13368918009462893,0.4586804152339035,0.10230396849139829,0.1525093529668451,1.6142013557870403
2023-12-26,0.14362051956131622,0.46424231240413194,-0.24645481787804163,0.12050676891531387,0.5444674789486368,0.12228358981913479,0.3984446184836047,-0.08842170296997577,0.07104789072606588,0.4013588460815549,0.13361693851901082,0.4602145123346411,0.10256285862802546,0.14721211885840813,1.531435435184021
2023-12-27,0.1444830714228992,0.4645758212258908,-0.24023944780405485,0.13662780214838288,0.5837728580065604,0.1232308279133526,0.3993593363780348,-0.07912360558730192,0.08394619246827961,0.42836138405283486,0.13367653818736894,0.4604783376502778,0.10690537829434714,0.14809946008777342,1.5986961621264961
2023-12-28,0.14465881512963355,0.46758898381538616,-0.22504088643109685,0.13554607834827337,0.5334094928157853,0.12341197564223888,0.40057740065561054,-0.07429695367711274,0.0755769068500336,0.39211402119680816,0.13369784986588668,0.46083682998820213,0.10769348450380846,0.1474280999962745,1.5753009734490617
2023-12-29,0.1453318505511909,0.4673260397423223,-0.21952923976690494,0.13101866666808815,0.5355827730916138,0.12248056354316779,0.4009109459907695,-0.06541224868430642,0.056124840901626394,0.3852294039217068,0.13374324973293278,0.46111925205617044,0.1090737183241428,0.13461119870105387,1.5296561540188516
2024-01-02,0.1449420582339544,0.4819358461321204,-0.2215699944229338,0.12367220746290686,0.6087099153533471,0.1224781561435903,0.4085303672435535,-0.06418749492090738,0.05581008798784137,0.4283231353303918,0.13374294260697026,0.4652270505046912,0.10834052551585924,0.13536302583583226,1.707889537162648
2024-01-03,0.14789238365329005,0.4936409283938686,-0.14752890445603342,0.09574639024024179,0.5533887900616041,0.12447434311865592,0.41113848915967244,-0.030703470512252244,0.03991041714502486,0.4125429953416515,0.13421833664941463,0.4681253198935516,0.1198657829751568,0.10654898209386299,1.5688574366982402
2024-01-04,0.1476739307418881,0.494988192065403,-0.14089194347520212,0.09315839952174265,0.6129345541371987,0.12439170288991104,0.41287259167501417,-0.0286949180723039,0.04784296382022868,0.4655372198802761,0.13409339903995568,0.4688415383851161,0.12038204231066736,0.10274341043571678,1.6198954873408282
2024-01-05,0.1473532880767614,0.49209940405780944,-0.13333226389450142,0.086101836377793,0.6433656463994106,0.12314963450353467,0.4124812743637181,-0.022478343713497932,0.03483440948056371,0.47916195664688455,0.1336923621083036,0.46882936655832164,0.11988521472837636,0.11365863089050121,1.6229959622565455
2024-01-08,0.14841753399714422,0.5033215886243277,-0.16026442476114514,0.07992565055762002,0.7554605170809017,0.12373090748548454,0.4210590989440203,-0.041392724454136144,0.026605386648214102,0.5701886578345987,0.13307393309551507,0.47237235396553073,0.11112509436737411,0.08760766599231995,1.770799344840106
2024-01-09,0.13527740006389657,0.5062983701926205,-0.16295697975023113,0.04712850888488318,0.717634068795107,0.12349690308947513,0.4220730301603458,-0.04260778963359115,0.03150843513962598,0.5487280568566764,0.13301482727060882,0.47276470220333905,0.11062043997803157,0.08264988131655948,1.683079913809041
2024-01-10,0.13513462975905402,0.49510880813920954,-0.15252475494262052,0.04833789879530115,0.634945620682474,0.1235138961212612,0.42219055571711706,-0.043350320119717775,0.031119736602230663,0.559001512217145,0.13304215954344575,0.47269386140230363,0.11047946640533308,0.08062885628996774,1.6726467007787966
2024-01-11,0.1355284137274155,0.4953217413596795,-0.14766186871616377,0.043136850806577476,0.6317918451771811,0.12363419102404317,0.4203613522831359,-0.04467581433784378,0.029049027325659837,0.5892216268733954,0.13311651085065204,0.4721867763137556,0.11084683526160691,0.07467131030644647,1.5853835274653862
2024-01-12,0.13514279926549502,0.5260482478346605,-0.20821873122064277,0.04232080819066164,0.5127312525393644,0.1257037280764475,0.4371083788532549,-0.09180009935696125,0.044762513963459094,0.46619889946983517,0.13364046061000845,0.47699509388052014,0.08140976771737948,0.08047190062083076,1.2710176935046258
2024-01-16,0.13656021502769775,0.5258560894048643,-0.2085507250437208,0.025094648407915532,0.5026196329419601,0.12660863531882938,0.4371404425396898,-0.09284407262680948,0.030506053667689992,0.4701068135150128,0.1335579395563071,0.47432073763461974,0.07188068314183081,0.05646042709936849,1.167547373858877
2024-01-17,0.1380935108671018,0.5240331552397486,-0.20615712201348507,0.0060669752496083085,0.43997323273896427,0.12645972326961058,0.43737702990280247,-0.09098101007449341,0.031248419773822977,0.4632538000289259,0.133941730520558,0.47090773278729553,0.08046013841172155,0.05057855089329766,1.0198290713778988
2024-01-18,0.13872757486715828,0.4853754672992077,-0.21710694754077206,0.017003685444991756,0.24710651946924655,0.12645615010223946,0.4409060072375916,-0.10097197113348792,0.03121809345527171,0.4073369574992529,0.13412916971704508,0.47176233152252156,0.07511115077597014,0.060094376290476204,0.9944170753775052
2024-01-19,0.13889283360403082,0.48358198023745785,-0.21498046770574894,0.021751207780687398,0.22762629034389636,0.12636163203507877,0.4408993613962757,-0.09917543891423308,0.02984016687547575,0.4238196284238953,0.1339000461202564,0.4715150757716455,0.07337938557486175,0.054784564206324715,0.9736716869026607
2024-01-22,0.13885249707718827,0.4957754461844264,-0.2005966887848091,0.013684859603844357,0.14504747234204673,0.12634402650340415,0.44766504605806257,-0.09193563436161646,0.021932434441495285,0.33130217734332135,0.1339360259910414,0.4694216832291494,0.07463251721676607,0.0487501308891074,0.7422122158634548
2024-01-23,0.13887329266669463,0.495263387206729,-0.19939393202762276,0.014218496078368004,0.16655329500959426,0.1263274025288412,0.4467752808301351,-0.0933865479019484,0.025721543710442996,0.3668224081478231,0.1339454608130583,0.4693757191410917,0.07479261400335245,0.05039929195926596,0.7373681373760057
2024-01-24,0.1392613286585887,0.4948800037512591,-0.1997443740082873,0.008756567425569406,0.18187288911794774,0.12644743771584296,0.44679216985790016,-0.0941091682142784,0.02397396891572101,0.37350540353335004,0.13399835343290567,0.4691386779892052,0.07533142886783901,0.041645124816167556,0.7704649369725582
2024-01-25,0.13909060134849852,0.4941107063467355,-0.20372702601462767,0.006083004283356619,0.1574224138858229,0.12634811017369327,0.44679188410138726,-0.09352601422059877,0.021102208267485878,0.37351869398865434,0.13395297959406163,0.4687953313974978,0.0742733374360002,0.03871104405810866,0.7274007920013141
2024-01-26,0.138576198946177,0.5021302064616566,-0.20155199748042396,0.011532868393357099,0.20621711531510156,0.12625963401702323,0.45120242117648035,-0.0932723709472028,0.024010177070114214,0.4330377867984754,0.13378676603479894,0.47080814502864915,0.07312757022318184,0.04523318592130798,0.8155375042123219
2024-01-29,0.13858600264257484,0.5048124895495771,-0.18908769434299547,0.019069194673741796,0.2215462916023323,0.12613649044655026,0.45286973998101043,-0.08526717992002815,0.033420072036368875,0.45430976988611316,0.13384067765496002,0.47190873952070544,0.07487796999756222,0.04975640032406048,0.8756772525159913
2024-01-30,0.1385854120528214,0.5040339388773466,-0.18831962969359695,0.019061951341861727,0.22938667447806704,0.1259824745190137,0.45291403123803614,-0.08833368738090079,0.04147443116303817,0.452991826822859,0.13382205156193702,0.47184443031178996,0.07370651842690132,0.05647718248848155,0.8805756826639202
2024-01-31,0.13945446617066407,0.5042823607613971,-0.19144948827570202,0.024609820114809278,0.22602234162498203,0.12649388452070215,0.45310272783413924,-0.09172142123952866,0.05105437769164345,0.44693157019159324,0.13402701301886238,0.47185747115756527,0.07163442317048205,0.06162213130020722,0.8402733176712707
2024-02-01,0.14060608713933917,0.5044397951969736,-0.18283491501757265,0.04148653478988651,0.22942367229098015,0.12740051557027857,0.45322544236974704,-0.08805318288207124,0.06395773329486265,0.46527625247232196,0.1342972928423552,0.4714046867118184,0.07074861371438104,0.06603873049391495,0.8157221339028211
2024-02-02,0.1408212240955443,0.5041607209129504,-0.17813947818053463,0.04063843484766938,0.21844014339698425,0.128033166015343,0.45320771716684516,-0.08760113927602703,0.05643001603491449,0.46848504857136275,0.13442398828811722,0.471222825545673,0.0693523553485289,0.06365231988591558,0.8398984555815572
2024-02-05,0.14021753779307228,0.5051338863292268,-0.17154701555356186,0.04346714345873881,0.19641946849777137,0.12809835288910426,0.45346751949455366,-0.08633582537849796,0.05565320171539323,0.4623983392810198,0.13141626978719315,0.4714403246583396,0.07066507519100536,0.08861774005736112,0.8191855391609546
2024-02-06,0.13995248567077706,0.5025132592405918,-0.17978445903955526,0.04142545004208498,0.17418922141409388,0.1280736550866293,0.4526853177755515,-0.08849313824383061,0.06383853674143491,0.5011150155311432,0.13146618879656893,0.47038886840739874,0.07188909232725722,0.09146044285381705,0.892990546096617
2024-02-07,0.13534547308279463,0.5044299703058875,-0.1711509542989793,0.05883263811358086,0.18771130868382757,0.1276261681020909,0.4398743223466871,-0.11325884169869094,0.07127193164164236,0.6620652273434782,0.13144296243806317,0.47069253400852235,0.07099638342362316,0.0885504552313221,0.904989179618005
2024-02-08,0.13497781257346136,0.5032172222816866,-0.16645434136789364,0.05009746471559451,0.24105871592404582,0.1276745134407472,0.43875750947218745,-0.11498410893367328,0.0685624964331133,0.7390532603384476,0.1314312114221213,0.4707933013096623,0.07106205069597168,0.08314385005656333,0.9748367216201088
2024-02-09,0.13448884440410763,0.5045851550504638,-0.16350944478470983,0.03671495101544631,0.32668343732371663,0.12781549420429886,0.4417232595376262,-0.12050582043598104,0.06016638126462559,0.8047368484011121,0.1313437246101411,0.46926510135901556,0.06256921236842622,0.08528078316309617,1.1608283977904903
2024-02-12,0.1346246803162459,0.5017535635367556,-0.16928435704425035,0.03497426536890913,0.31883461069939334,0.1278941249346294,0.44816039767547045,-0.12471898550869871,0.055555555555555136,0.9191334649039073,0.13135796908585795,0.4723314012794064,0.05895710456613205,0.08455588156841864,1.3074130076967854
2024-02-13,0.13534688157271024,0.49066849405067126,-0.1269279780342061,0.010013536886633423,0.3758196235563238,0.12830630649218983,0.44815029383660104,-0.12367497185691313,0.030337239529075744,0.8819278799970434,0.13186422397902794,0.47237678423031054,0.0607243754490615,0.07711293328246538,1.2809157075728397
2024-02-14,0.13535352949088025,0.49593280228669834,-0.12859347683813782,0.009875597389255697,0.41615824777496857,0.1283251521275721,0.450548127405251,-0.1256382119871766,0.029377060222587348,0.9809630884645786,0.1318736680437417,0.4736349009227713,0.05932520828638982,0.07446125367007639,1.3323500674867264
2024-02-15,0.13566094079805424,0.49456405138931375,-0.1269444413089684,0.017472087427566008,0.3858797192149628,0.12840015700356874,0.4503374151422005,-0.12775234941407587,0.03866178620346905,0.993980987081525,0.13149338510176634,0.46562277023448545,0.07626819287560149,0.09190915899755425,1.1366995524126358
2024-02-16,0.13422416099177162,0.48310244914747147,-0.09649014438964042,0.011241007331354025,0.45642698958676764,0.12846201181210162,0.45031363287087395,-0.1275144398590721,0.039706145890196165,0.9980043914759342,0.1315226227996361,0.46454400110891725,0.07815535982442653,0.09304456324366583,1.207981848034331
2024-02-20,0.1347531458877893,0.47663538181657933,-0.08721297202407165,0.023584905082494112,0.396783509079246,0.12824092581828495,0.4432400047899761,-0.14906615679456076,0.03801337039857988,0.8856758655788335,0.1317232122078697,0.46313910987429757,0.07892251159218112,0.10247546354985149,1.128377555378664
2024-02-21,0.1349016372638203,0.4771330526582474,-0.08423136267371609,0.020568905330686782,0.39017716369846966,0.12819956346563294,0.4426511627225509,-0.14485266884998774,0.03106946215312978,0.8990612612870461,0.13168033525324985,0.4632096825736052,0.07890323521384393,0.10409771985244265,1.121395880705081
2024-02-22,0.13463758319559285,0.47806015421571185,-0.08396859254792792,0.013829231738330172,0.3601428980927863,0.1281101496120599,0.43546631063008395,-0.1544653834788112,0.03296196447076505,0.9784828010484956,0.1316948288299337,0.46321480017413064,0.0791661588164011,0.10274230310718124,1.121017986080874
2024-02-23,0.13558146273824864,0.4778778395710662,-0.08790478187537133,0.018385945875974752,0.36177915075987,0.1287566328447002,0.4358807525099969,-0.15906825125155408,0.04183820231775326,0.9662993961152497,0.1317149646588271,0.463250315053159,0.07529704742514078,0.12185233608813473,1.1184660515404938
2024-02-26,0.13313942010024796,0.49680351949789847,-0.11725737584177101,-0.0005392037185970588,0.44120637810464647,0.12851016837322027,0.44626576545612756,-0.1709912373476219,0.04419750584203852,1.1149123165222257,0.13170683846844855,0.4670488965801703,0.06510210064315645,0.12206265577467912,1.3502932997099282
2024-02-27,0.13304933663179946,0.5033151898406203,-0.10808568132763527,-0.0014654877806549171,0.507861718607967,0.12836644054662638,0.4498206705077423,-0.1679921953616825,0.0513836163578989,1.2166290234912065,0.13166763365760728,0.4688677579025438,0.06566455722363207,0.12011614238552815,1.4268028705440416
2024-02-28,0.13274411682222853,0.5312540039553745,-0.10918756508896185,0.0022569921206221366,0.6573916125630175,0.12836269227837538,0.4657268140941442,-0.16499314472895837,0.05158298644626691,1.382024535950181,0.13153468163004045,0.4764824806156748,0.06502683230384133,0.11215767707107749,1.7002995837216428
2024-02-29,0.12279074687597541,0.5334325733477006,-0.15762524833483524,-0.016748816010821455,0.5818133905204983,0.12860331715337792,0.46663733118318984,-0.17001441174384954,0.05765172327946955,1.3623561910915445,0.1315767230195781,0.4768178978820983,0.06158515534380512,0.11341710414481376,1.5880469155368697
2024-03-01,0.12024790514503499,0.5114210056021589,-0.030776742747751287,0.026197238898815867,0.4873865545475635,0.13158367372805707,0.4639794409692864,-0.15638802952969255,0.07626335441854737,1.4814803746779046,0.13295138208551088,0.476967027178109,0.06534737994131061,0.13865794684698374,1.6598249718643237
2024-03-04,0.12343320691752066,0.5325560617936874,0.05587403372453475,0.044197808693169804,0.5501227065518919,0.13272379083370986,0.4784328033776861,-0.1082247723124371,0.0988063023380954,1.6450472197390225,0.13349632951018064,0.48179808550517256,0.08901875914798664,0.14650063454052686,2.0555557302327423
2024-03-05,0.12375758685718101,0.5540749852133302,0.027128162787897273,0.0459006185893196,0.4584316225693341,0.1330219085819166,0.49104233761356986,-0.1207472956710512,0.10835699991914516,1.4325305225996874,0.13366652790950648,0.4872980536937212,0.08030571297952925,0.15491207297522092,1.8444889932424444
2024-03-06,0.12450339087692164,0.5561472396849566,0.03725826251421391,0.05463248896794948,0.5269747454687483,0.133373735686315,0.4926895096128399,-0.11388684024827285,0.11661832401153527,1.490867262183317,0.1324208300808404,0.4881124116326683,0.08018106271866655,0.185824148995535,1.9751345797951254
2024-03-07,0.1196767102972768,0.5556071054805345,0.05353417521481329,0.07480762033848265,0.5152962194814557,0.13313049301900512,0.49268145274294844,-0.11276662408651064,0.11252697846802961,1.515173649119462,0.13243754221291684,0.4874135307033522,0.07998436982365045,0.19058615431591241,2.0815562026778363
2024-03-08,0.11833963831760982,0.5335042334521197,0.0027100311802688752,0.09620306642199905,0.6560074655102295,0.13363188855398606,0.4930103366363617,-0.10865826612706583,0.11881845637611055,1.552865954864699,0.13247378155320236,0.4827330820397519,0.09161192255905777,0.19126786715561273,2.3541237385821194
2024-03-11,0.11828173218015402,0.5417260005079397,0.00182468963441753,0.09803338915871973,0.7400125168959726,0.133628776468701,0.4974630043268985,-0.10675723835889096,0.12023348126895028,1.6505308750473353,0.13138260994252698,0.48508789994377066,0.09614467900745298,0.17212947455501992,2.5727465199104196
2024-03-12,0.1207587032957294,0.5404551952389718,0.014549582174369769,0.08451411640787998,0.6665901641434473,0.1343407698154456,0.4978234712503673,-0.0979862917713854,0.10116421358351912,1.63457424737906,0.12933491185203785,0.451897939441496,0.03005736741515007,0.13023746290438254,1.9540733951041127
2024-03-13,0.11217208660981631,0.5410518786575507,0.02967606545881505,0.06645802865252604,0.6986692647821611,0.13283834220213261,0.4964106748727406,-0.11082342019410925,0.12435557655094387,1.750847262749517,0.12944119197454682,0.4518879745251853,0.033019937808818685,0.1412423575099495,1.9533371375983664
2024-03-14,0.1125616168866127,0.5404161233352203,0.03230259682203754,0.06474433953405101,0.7027666620272102,0.13319781765015412,0.4984155163368808,-0.10240758150971323,0.11405223437424938,1.686145718570982,0.12921255143376892,0.4523200860774848,0.03955029539409087,0.12230101237515889,1.928975556412356
2024-03-15,0.11279702647342646,0.5454985172312744,0.040836808715690266,0.059299191374662774,0.6282968276222083,0.13306102882466872,0.50048646966693,-0.10113439422325268,0.11613137831730902,1.639079224367022,0.129164833299866,0.45289020984549055,0.04321753877516556,0.12402496099843918,1.7703012732177719
2024-03-18,0.1123725257448021,0.5492603195290193,0.04515805929495743,0.054675671669242476,0.5980068855229803,0.13231574513881167,0.502824852726325,-0.10501818052571218,0.1273570131166759,1.576494245201153,0.12661409278232014,0.44557312958223655,0.0050090809427295905,0.09668104830409097,1.4631259822981906
2024-03-19,0.1123703630260245,0.5802020780103953,0.06634345404567718,0.05469551334212874,0.41831803486647257,0.13027531778042198,0.5213267663991098,-0.09468026981535385,0.14215448901964178,1.3493886385498546,0.12656349615943863,0.4546162285613615,0.008140717535178917,0.08921721706043884,1.229705999757329
2024-03-20,0.11235713866503262,0.6067795705252507,0.062045936490589045,0.05347825698855857,0.5480962874058262,0.1297994594134626,0.5352206426347798,-0.08982365069355208,0.15032472483982606,1.5133154733577747,0.12469286983628582,0.46317611262879593,0.012689421869317666,0.11328629497699194,1.4103532936115832
2024-03-21,0.11312051099008792,0.613278980027828,0.03619854070999367,0.05586962836963205,0.48851165933603147,0.13005032861067453,0.5387483706423661,-0.10465961338634391,0.17073038945081098,1.4335638492783218,0.12507129498502564,0.4635812292868298,0.007792937303969849,0.12058882772363533,1.3982986548994174
2024-03-22,0.11588278361466141,0.6113008846603891,0.058664769227986045,0.043579065148318996,0.49995668439681795,0.13028437151569702,0.5405037169112694,-0.0859138427662264,0.16933740639700678,1.3166343188825094,0.1234759977124396,0.4633262439716091,0.0004568255452610333,0.08221853478563435,1.2509643279648386
2024-03-25,0.11471296382036655,0.6354503209465381,0.08265367016104225,0.039797334480455415,0.6103640459436155,0.13043817390678933,0.5542700751873801,-0.0696294124920244,0.18186255897026693,1.5504508674751278,0.12352046596307162,0.4706332695661667,0.007830789498020189,0.09708632360877156,1.544578143441556
2024-03-26,0.11419298437330246,0.6331875105355489,0.07502587520878169,0.044972378772198285,0.6418333779142891,0.1302394788502034,0.5543122694779142,-0.0686716871704454,0.1866142866970364,1.517602887315578,0.12252276257241022,0.4703485224826709,0.0033599571942242753,0.11434123081209968,1.5787812464399709
2024-03-27,0.11393787886475729,0.6325881896061958,0.06229643850009614,0.05734146444070265,0.6497940560505644,0.1303394660395541,0.5538705164229907,-0.07274282003101293,0.1958729333246072,1.5333953316201874,0.12227786989398108,0.47048550471492995,0.002067433985697788,0.11000765019318459,1.5471252176465438
2024-03-28,0.11623768787404146,0.6216044176782959,0.06988104860149341,0.06945114632118199,0.573579836722494,0.13098787892227237,0.5538378114735366,-0.07100271677354082,0.20171253036045877,1.5314334859355774,0.12278112093642556,0.46939487031854893,0.00739520978703133,0.1273577074687926,1.4955500061249505
2024-04-01,0.1162949082065192,0.6125717023875696,-0.005855825395576879,0.10490505370364533,0.6267238258484058,0.1324795402160848,0.5539853359900421,-0.07548571712804274,0.21069572415396998,1.526934555599039,0.12383108063995071,0.4695257771304321,0.0034359988282439027,0.13977682270518788,1.4863821156337145
2024-04-02,0.11776718867925526,0.627734450261192,-0.045270686244877664,0.11307319455030473,0.48137366203185517,0.13301954741098115,0.5630049194419967,-0.09069895893930824,0.21676531190516424,1.3893587670799392,0.12410389267164418,0.4740632074018571,-0.007004161166353407,0.15886239148203307,1.2981199348411598
2024-04-03,0.12051323958495214,0.6275749153349647,-0.04397936634061607,0.1293784490460368,0.49403966105793584,0.13413762814340416,0.5616884154192425,-0.08638185274739012,0.22662000747440447,1.455253453340831,0.12394177469797155,0.4732662868900585,0.0013629073947836294,0.15726853216675196,1.3742457177600067
2024-04-04,0.11913631672329565,0.6204782952302013,-0.021733477517643245,0.13523481681829375,0.45855032525814776,0.13417320106689495,0.5631045909645049,-0.09126727767613702,0.2259691980881564,1.5604275081661854,0.12264127998434686,0.4743931333348552,-0.0037435906260187743,0.1326170421467796,1.4321437530916188
2024-04-05,0.1223030116399965,0.6193647597697415,-0.03704647525318839,0.1536644871341597,0.4702652125578799,0.12905398870627138,0.5636605731441274,-0.09885348709313235,0.20803497416623595,1.5253776192536939,0.12358621585474723,0.4745712191542171,-0.007314910601329952,0.15219096604117222,1.4074695947800553
2024-04-08,0.12186840376050163,0.6270894958520956,-0.03578402475466379,0.15938452677257375,0.5362379134419837,0.12882700477102274,0.5626483576393051,-0.0900341693559186,0.21542673869254458,1.5116654489083525,0.1234935891739476,0.4772208354911657,-0.006441459196811556,0.16018553675244496,1.5542362068725333
2024-04-09,0.12115064845453682,0.6326339744502248,-0.04582036496079091,0.16996828420716392,0.49107448991849934,0.12890389617827244,0.5658760722445181,-0.09374931318557102,0.22043703153143568,1.4331231932007324,0.1229952853665702,0.47594435014407277,0.0013043998302831154,0.1789598985813683,1.3316042614287151
2024-04-10,0.11916637886354409,0.6075710525617928,0.013621124552461953,0.14466747443937145,0.6472033727815674,0.1274775071515162,0.5659937469634622,-0.09299033328086775,0.19311072706720922,1.4917760212949265,0.12297544176017601,0.4759902129143268,-0.002564953772943348,0.16315002592558048,1.334636878365154
2024-04-11,0.11727386765060205,0.6084313839923859,0.005516666670174915,0.16870259493519324,0.6234665313017254,0.1279379953205857,0.5663435332277279,-0.09731391537732555,0.19803077564851024,1.439452683358156,0.12333574642386819,0.4760693877099301,-0.004096043804180718,0.17176153023083307,1.3245790102451558
2024-04-12,0.11349527494739022,0.6159416186587774,-0.003339037349705643,0.18320463376837637,0.5721033558490818,0.12769258737306757,0.5695485426003266,-0.09984079309214755,0.19038310699667105,1.2637867515217764,0.12250051241830681,0.478169586036556,-0.005407190544035573,0.15511119605621215,1.2104582518917275
2024-04-15,0.11309216679311043,0.6242794036516355,0.005056087138859151,0.17876930588570605,0.5371557575924535,0.12754409122155738,0.5574955826997812,-0.09178413605501415,0.19881272837519792,0.9169969667332378,0.12088680877715655,0.4820299220624316,-0.008768252033435188,0.1821609000284239,1.080523411399736
2024-04-16,0.11414670173272058,0.62427617305697,0.004431336167312282,0.1865175138681796,0.5332606178606369,0.1281365804490381,0.556810798263807,-0.08992470319663688,0.21232570284775099,0.8822710444346444,0.12116731057177395,0.4805557701832422,-0.011559225871623221,0.1997010706667275,1.167151160766053
2024-04-17,0.11561432368602054,0.6200453136445863,0.01311722209645149,0.18108988231339684,0.5510193609063829,0.12883493103582247,0.5604478423006871,-0.0770268045654878,0.19725293153237677,0.7759907987594308,0.12135624189217094,0.48165487084903086,-0.007744990353849671,0.18255184437566774,1.015842918070025
2024-04-18,0.11562277728454894,0.6227940544274846,0.015163185246188093,0.18372985595847924,0.5939735468818508,0.12888571999841963,0.5618172113042221,-0.0746667889211928,0.20056071427327193,0.8594550932731533,0.1212081536312161,0.4794900349717129,-0.012539723164703654,0.19463953652567567,1.2035686686618021
2024-04-19,0.1147560760583868,0.6228033771859357,0.01380121186670915,0.19732145279172641,0.593019739016547,0.1290843264812052,0.5615238815115723,-0.07495824628671188,0.2078058788231778,0.8827468413734056,0.12124035162260056,0.47892082667497105,-0.010262563437849717,0.19548317468908039,1.2602703674871938
2024-04-22,0.13145117516323943,0.6271772867966018,-0.04980542515239041,0.1628505528615003,0.6737116253409572,0.136121162635788,0.56433206241998,-0.10459962403989179,0.16992417775546054,0.9371913495508948,0.12377125872358151,0.47927003578595345,-0.04056449925865743,0.17879924759796428,1.450339107495478
2024-04-23,0.1316336400932856,0.622990874332771,-0.04134115667727155,0.16100730727528734,0.5880497918799392,0.13582009542246945,0.5645978928038606,-0.10387334525371754,0.17439705175381914,0.9155328389381676,0.12373048655331646,0.47934232297867824,-0.040530714213904626,0.17116713694887098,1.412586867754098
2024-04-24,0.13185621475750955,0.6258224334327146,-0.035030197059501396,0.15453731320075192,0.48485799813405683,0.1357100586075645,0.5667457629914395,-0.09831794770370676,0.1765534099842756,0.81382278117672,0.12373801010227935,0.48006131314193873,-0.039849468969418905,0.16657515706846993,1.2706588958215024
2024-04-25,0.13185641831727332,0.6251499559549939,-0.034486454969450256,0.15308885060300104,0.5012290980575611,0.13568969853724938,0.5660619078154325,-0.09759011513895671,0.17506897416603873,0.8455910484906932,0.12364681648835514,0.4800606401116579,-0.039813893301811495,0.17359719438877552,1.2686692106187398
2024-04-26,0.13128093666785112,0.6254560864669968,-0.029545427519308148,0.145869978067388,0.4972151095659938,0.13567523856812105,0.5663395930511317,-0.09739391209371963,0.17406963210258675,0.8356191745464037,0.12365137358048546,0.4791295386850612,-0.040712044758272184,0.17418706912049697,1.163119387268042
2024-04-29,0.13009632827194562,0.6254708198509794,-0.032691414350018835,0.13838049345850112,0.4820655788428059,0.13539952406428082,0.56633920624482,-0.09721979695600462,0.18560795540449537,0.8220865065169798,0.12370908130451251,0.4790719263881158,-0.040886597869355105,0.1793807113027588,1.1758879217138043
2024-04-30,0.13872766426180724,0.6366563438507746,0.039257693161771,0.12134194726433867,0.4040905135687136,0.13954302767099538,0.5721350749361609,-0.054667143134758824,0.16691152893019923,0.710800246695009,0.12598402440619894,0.4799192366519924,-0.021361134454650557,0.1559582164376161,1.1585429013084525
2024-05-01,0.1379513070930288,0.642526417593669,0.02957391558196644,0.13123499553671536,0.3655844050598229,0.13891828958195557,0.575762225122233,-0.0567117140733947,0.1804065493732554,0.6338117680905189,0.12512676555845403,0.48152059810580355,-0.027993012691971568,0.14219341878556513,1.0311339183291688
2024-05-02,0.1379870198213505,0.6427579430911774,0.02786221462291771,0.12586536394854142,0.37226143360874664,0.13877506269014384,0.5748570302965254,-0.06053405163495055,0.1725048433369054,0.6112945843056425,0.12497572090345929,0.4815957101655932,-0.0291279269115123,0.13382429929123663,1.0382956832531698
2024-05-03,0.1380249311079838,0.6514857540097502,0.023028714962655177,0.12521331217931775,0.4190514007138526,0.13635568355055563,0.5806445310376496,-0.057792778456443226,0.19141257977534742,0.6854233962314684,0.12467755321942577,0.4851122029409667,-0.028663144104619294,0.12302386169742552,1.1800633011663857
2024-05-06,0.13869830051859153,0.6506247153508958,0.0254639219936082,0.138336795439449,0.39425530349952664,0.13669535265466445,0.5793673466698949,-0.05430183528617561,0.1953645828834396,0.7303526966314138,0.1240322498046513,0.4846800616642734,-0.023291267788189678,0.15132353563557066,1.1385903149830994
2024-05-07,0.13842511508043556,0.6477315752404732,0.04121395563717238,0.1400402250639612,0.32213190686118165,0.13648135436512793,0.5781425252854696,-0.04657410071570135,0.1818967460828229,0.7540505027899527,0.12403101530551758,0.4802230975868989,-0.018444636509487848,0.14312414272500495,1.2508197063528739
2024-05-08,0.13817968002005768,0.6397878073917559,0.05811520009541717,0.14230204074182162,0.22478219105729336,0.13647029972917343,0.5725918855633135,-0.0416032741379048,0.18225321544617246,0.6152851441345957,0.12396548621466527,0.4806967377485202,-0.01762681212616483,0.13676637186109852,1.212243331170396
2024-05-09,0.13503132974401463,0.6418820338656629,0.06021891924999558,0.16595262343533523,0.2675284757852261,0.13596436863350947,0.5689990668559202,-0.02325621401910582,0.17762793303817204,0.7438905504017506,0.12412873581565192,0.48142261281800414,-0.014601353092730005,0.14883907362228332,1.2826195864771743
2024-05-10,0.13703229202438008,0.6424027459428137,0.04367350514262098,0.1849523235748134,0.17300122991032119,0.13727490319520647,0.5719914477901269,-0.0369979884917233,0.1966544356479012,0.6611553663876839,0.12462267403452641,0.4823613893465512,-0.02768973490842279,0.17545162088591848,1.251518546477663
2024-05-13,0.1409784050682287,0.6456231124380899,0.018582065840499404,0.16283685126330072,0.21107430880991562,0.13890021869158609,0.5729337745056431,-0.04651809930031837,0.1831540383925685,0.6784033230419413,0.1254263560288522,0.48323105268329253,-0.03486508811749397,0.16001581510971308,1.346632051299331
2024-05-14,0.14124403836988514,0.6476244187884966,0.013015957142221327,0.1659008600405738,0.1800718819094902,0.13849512785003476,0.5695973012133176,-0.038539574223771036,0.17900676015592198,0.7186885384654305,0.12559708698596184,0.4837526096996489,-0.037652055568030834,0.1667078456082982,1.2635782432077076
2024-05-15,0.1430534083839723,0.6637860296021074,0.05112184171429198,0.17408561869563055,0.26743139746437206,0.13957487393020485,0.5755496448092019,-0.007539824005033837,0.20177631657128847,0.7703272748674983,0.12543055521719548,0.4887831833192105,-0.02343114775711659,0.20165574628386707,1.4510244882434962
2024-05-16,0.143273367386326,0.6645285777962724,0.05380423098378712,0.1726392089378277,0.25834518262987194,0.13978767484489957,0.5761859752241442,-0.004872470777835763,0.1967591138135214,0.7493227369420281,0.12542526000767423,0.48906514389946937,-0.021178697172891753,0.20182375467711022,1.3808187045125613
2024-05-17,0.14460309981901953,0.6656078955182255,0.06119066157138809,0.19042692690700802,0.3069274093420977,0.1407468547854256,0.5770563708336511,0.0015676368116586564,0.20688961674675332,0.7776080341394582,0.12532064154440084,0.4890427735314445,-0.02169164065654693,0.233493133031222,1.4989323480241867
2024-05-20,0.14451834555254928,0.6756292806615787,0.07958523333622679,0.18986050365829632,0.40834713455270677,0.14105426175861666,0.582720809080139,0.013641517774372482,0.21173721447851768,0.9178577648662818,0.12514861010151834,0.4926911269941239,-0.013644649824725599,0.23057127071217298,1.6570417554187844
2024-05-21,0.14452881714884122,0.6630211879703574,0.1135745545315636,0.18980816778444165,0.28638006094828494,0.14029046736951217,0.5835659910599599,0.014669362012674738,0.1891666187959551,0.853939148505312,0.1252557916820237,0.49317237265137387,-0.011700056658470586,0.2269370636520256,1.6120370495642424
2024-05-22,0.14847647998970023,0.6583305958478829,0.1248684681510209,0.17063741055905468,0.21085901016535247,0.14196094160268233,0.5842315048917166,0.022273012245502037,0.16892185573830276,0.8258079480598701,0.1260752557464627,0.49341018469210857,-0.0069851591179511795,0.2119016978190671,1.5388610209839988
2024-05-23,0.15776009968470733,0.6337766994476431,0.15572186298984655,0.14417193275549267,0.0867897247373417,0.1462377793374346,0.5849967746103923,0.0340812574626071,0.14675431979235887,0.801236174399341,0.12827131544573872,0.4924710159664553,-0.002105974743738194,0.18965691754872904,1.5794581748393774
2024-05-24,0.15772885904784417,0.6321996663116275,0.1587024976227952,0.13617562441101994,0.11973713051292045,0.14205235595438262,0.5842471454336199,0.02224131716157089,0.11714602792177953,0.7712151869083368,0.12777505021650196,0.4924936900402214,-0.0019732147389608925,0.20105986450866764,1.5882144478481464
2024-05-28,0.15416807882209363,0.631140501110111,0.14669968173995684,0.12444531894095334,0.09377845280786223,0.13820483981484996,0.5734453821124409,0.07119923026411626,0.15390268158990472,0.626871364360251,0.12806688870944402,0.4925155876278483,-0.0029082957411586856,0.212004289883301,1.5560640329139535
2024-05-29,0.15287558496072468,0.6038836639067002,0.10627987560473362,0.10106753393632717,-0.011010035908926352,0.13853074228269768,0.5700753408817926,0.07933146469576345,0.14973230615950528,0.5330557998895133,0.1281180584295345,0.4916438190638822,-0.004527086606583841,0.19570988313170257,1.4394354523318231
2024-05-30,0.1524209135342907,0.5872195554168046,0.12817006698526937,0.09384192033439831,0.07153146060942417,0.13837455498772597,0.5699572090303949,0.0807197783918335,0.14404994111667624,0.562755366730691,0.12809725897838883,0.49125089732389193,-0.0037504035373086306,0.19298328490156247,1.5116036240180009
2024-05-31,0.15325888555315223,0.5834892980002012,0.12441526608873846,0.07631357376430503,0.020945035560942626,0.13906177376461684,0.5700960074611022,0.0838900859780844,0.13511526320903777,0.5589572858132525,0.12751072881173725,0.4911818507149754,0.0032029598002974156,0.16406910666186358,1.5164609571953473
2024-06-03,0.15786588174934701,0.5842732330613922,0.13567929068081594,0.09426385657628655,0.028080437408114944,0.1395093692652815,0.5700538199030944,0.09866722586900334,0.17612313170916938,0.5578464001273582,0.12820419331313462,0.49127800105066494,0.010613866468835264,0.20293464571316244,1.5249841059820977
2024-06-04,0.15853111317281895,0.5850831624906819,0.11549040141459027,0.07407911340368334,0.033201592420947446,0.13932368523571165,0.5610415047658063,0.07120258834712512,0.1774088176929396,0.7109895504261463,0.1285839343331642,0.48805359821420596,0.008827630784968413,0.18897829321185666,1.7394215102239166
2024-06-05,0.1600433278126135,0.5743992495723481,0.11969018890231552,0.08539700904879766,-0.014434685967942174,0.14013627873177567,0.5610556804457159,0.07159791936753432,0.19180215642858878,0.7148959826342907,0.1290388569251382,0.48528556108515103,0.007007134321318941,0.1988392631844551,1.6096180502051536
2024-06-06,0.15849314033002257,0.5741864740763573,0.11502674998688225,0.10378089402735169,-0.010130273383386568,0.14032114570496748,0.5595246765447537,0.07003802770384587,0.1970659609939731,0.649707150162611,0.12855852333510853,0.48392699380876103,-0.0012166192462489758,0.2208434806668702,1.685689262430229
2024-06-07,0.16930305864495257,0.5737108085671503,0.1277278252075853,0.06612249997397068,-0.051186848775714555,0.1430026228269281,0.5606363648312536,0.08790097366837345,0.13697489962434362,0.6117197380058024,0.13138041358139804,0.48452190974498355,0.009348238770599067,0.17507329863959842,1.615890252779078
2024-06-10,0.16864097069037803,0.5718268767490169,0.121336007643106,0.07358708189158047,-0.026392190453763398,0.1427705284576051,0.5589554401265591,0.08388099407034237,0.14309576844094019,0.6578269199846691,0.13137361714284934,0.48449926906523394,0.009240581867454021,0.1769168811787598,1.625048974948427
2024-06-11,0.16846458565347022,0.5726134237886749,0.11830878927966416,0.076382187210849,-0.029850569859370624,0.14277099047038475,0.5610985845042286,0.08436029024024207,0.1402107805225432,0.5796912394174805,0.13130039447743935,0.4851240481516311,0.007881514937341724,0.1811951847143196,1.5994414149213365
2024-06-12,0.1699182155747977,0.5705935743755428,0.12410599692258983,0.08801921900946574,0.010253266745467338,0.14350128866517534,0.560987622331558,0.08814363184715467,0.14750740059785294,0.6143916763813413,0.1316386108306029,0.485208796580347,0.009253906996533905,0.20228738802248603,1.6328910177388125
2024-06-13,0.17338667689608261,0.542981635817159,0.13174017896660797,0.07329724147200611,0.0782330483852347,0.14550272615704452,0.5607181545029778,0.10062062083343523,0.1320017850630082,0.5292773783138327,0.1325867738756017,0.4846346470669785,0.018330498267726206,0.1773071112078557,1.6570053686948993
2024-06-14,0.1751581331830347,0.5090775477731614,0.13540563522993632,0.08704308082195733,-0.028014655554213563,0.14658668690826868,0.5611218929475984,0.0951442874194784,0.1451762500557885,0.5047269031493951,0.13319154021946447,0.484666184689613,0.015231826693176928,0.19201306939666662,1.58093820336348
2024-06-17,0.1751921144431275,0.5037764254855109,0.15027328795095987,0.06605028244300648,0.015252481898266224,0.14684401078384443,0.561148828910592,0.09412392850977791,0.12561011554643864,0.5112151564754128,0.1335145357139043,0.48401958118093985,0.014875922231692495,0.18151382796829463,1.5255109902244595
2024-06-18,0.17375679774894823,0.5025655213860039,0.12882355989034075,0.08652773256655033,0.021354826250877146,0.14715824168266112,0.5595582237930214,0.08943430927899698,0.13387759540952326,0.5319879987759542,0.13308988407634145,0.479553407896643,0.02636098710839973,0.2049596761203818,1.2995595460846663
2024-06-20,0.17407086763517865,0.4644942267440675,0.10702837387163963,0.08849481083363386,-0.07333109392044046,0.14691572522332177,0.5590724808043425,0.08317065809697655,0.13181400290062006,0.49227428884442404,0.1333510743336367,0.476432460321465,0.02731085571639589,0.2180574683851435,1.1589907516442084
2024-06-21,0.17772025044737125,0.46493873654230505,0.11378385543046576,0.07073305321227297,-0.08418086714398798,0.148779133317349,0.5585408436700294,0.08544183481827583,0.11888646564524774,0.5036224204555215,0.13390147901967028,0.47660114224943956,0.029739018937920643,0.21183137201399727,1.142805447804153
2024-06-24,0.17766428128095735,0.4807870185123698,0.09807392546759082,0.07020898284997346,-0.13214144789975202,0.14862244358195023,0.5659429237396998,0.0742168655331965,0.1315763331841857,0.4317878807476383,0.13397095347592322,0.4803810925279494,0.02377428614458421,0.21496679726680257,0.9637235239321762
2024-06-25,0.1767152977676193,0.4821981451083994,0.07739784731477457,0.05114104423135957,-0.12637385573219928,0.1489531135874776,0.5594317936023743,0.07143481613132968,0.1241439946984717,0.37472048545342784,0.13412530807537434,0.48060851451894554,0.021823813818014043,0.20529526837098766,1.041702403260532
2024-06-26,0.1739622079046921,0.4823570937186363,0.09538733310882744,0.02485483633352259,-0.12755519439579588,0.14768044702778868,0.55520431937937,0.05596208165883363,0.1323672879775315,0.4192267520140396,0.1342528718049357,0.4808602634451365,0.025250400717606772,0.2024118372285879,0.9815873383595319
2024-06-27,0.17375963499307173,0.46637298688635037,0.1401022846438486,0.024016148503576584,-0.05870664018609972,0.14821724429904914,0.5539282021285219,0.05647955640123849,0.13980492568597525,0.3944071914737861,0.13456734300674314,0.48043575109942127,0.02613055136744876,0.21558638903914829,1.047606756565338
2024-06-28,0.17129027306912709,0.46776763438584773,0.13356812215284689,0.01062639207613314,-0.08579275651159934,0.14820731297131853,0.5549880604848294,0.056166685022534996,0.14137966724793505,0.36586188019811994,0.13453422714942734,0.4809436751351701,0.026349778860559996,0.21987594132859822,0.981259326072202
2024-07-01,0.17118043953813417,0.46907701143666936,0.13840846770873944,0.013168681976932328,-0.08257128527658097,0.1476269247383164,0.5511481895594129,0.06937143034870846,0.15018436309011474,0.3381159502610074,0.13443753583657647,0.4824710554620382,0.02578777827444096,0.2122420818637878,1.062258781251617
2024-07-02,0.1681149370097292,0.4693820206875456,0.14953990656567667,-0.005116398268801392,-0.08562539832582827,0.14770122581586112,0.5508261727327107,0.07006426536433592,0.14776188014940872,0.3443731680880029,0.13447185659426752,0.48235174065185815,0.026768349309212614,0.20932879105661972,0.9908890975274292
2024-07-03,0.17098853342067719,0.45827696717229816,0.11982873259541722,0.007826415288706867,-0.15995002188941732,0.14901539871248268,0.5527430310906932,0.058177262054797306,0.16845835155839683,0.2905166255595857,0.1352416397983688,0.4829131693668148,0.01846499748211711,0.22951581773712992,0.9719995573265041
2024-07-05,0.17241788230916236,0.46845132570511394,0.08896408573539992,0.014942452712220389,-0.18045730781982028,0.14957501979319407,0.5599588090912256,0.03967169750854178,0.18745047996872688,0.22199920170899534,0.1355128896731899,0.48645985067616754,0.005371075889966624,0.2518011489037917,0.894471058075835
2024-07-08,0.1745603187350635,0.4658511129444104,0.09291340091422005,0.0064299515773178495,-0.1966737718019731,0.14980183725705368,0.5474636110265765,0.0715264387513438,0.15202763087214732,0.3232416725316851,0.1361290036719842,0.4863177966333298,0.004306206010515195,0.2230271668822743,0.8688485018577115
2024-07-09,0.17330920652799137,0.46889556645447217,0.0976916162375157,-0.002023032379528833,-0.17201367387478617,0.14883119140227255,0.5482218659983148,0.07362966768864326,0.16633827174359994,0.34420808883976006,0.13612390018429502,0.48673945623323234,0.004622565776973455,0.22625577542400088,0.9072903529614849
2024-07-10,0.17360885485287056,0.4619622406895876,0.09973458790380339,0.002358726795535171,-0.14068381716648926,0.14770026769628525,0.5480369470126055,0.06940667340847574,0.1859954902426475,0.35093385476798544,0.13616743990036936,0.48677373389047274,0.0040206940366564175,0.22848587123235875,0.8857185647056542
2024-07-11,0.17714877815997054,0.4475368132306753,0.10713210274597161,0.016323920412820048,-0.09587987024784561,0.14929222414851262,0.5454343228181205,0.07094256548852956,0.19801144222005962,0.38977346300376037,0.13668823225304305,0.4867615421440933,0.0034081809086312638,0.23459242627648447,0.8868643425416995
2024-07-12,0.17590207259547191,0.4478594214912091,0.10314709513139513,0.005357547172585075,-0.09265359344611535,0.14928214059687644,0.5454596463836483,0.0702372034476678,0.1928743374198265,0.39119851192643784,0.13669451028042776,0.4857178723660786,0.00315488470325243,0.2326611116118451,0.8394769038487047
2024-07-15,0.17519349097546383,0.49919633859334245,0.09446892782820329,0.016956959326726917,0.058643194582360225,0.14912966350916224,0.5627950675866908,0.06637558564361035,0.20111757540899355,0.6419760910890242,0.13671727022367527,0.49669232417884523,0.006949477321294987,0.2364589045799037,1.1385246309600712
2024-07-16,0.17794327990279246,0.49391329094266373,0.08991760034708572,0.02910761002006912,0.02494608458623615,0.15057483872463973,0.5627591630766559,0.06550042301884136,0.21818540297483113,0.6337369458105884,0.13745175677450097,0.49660589358262036,0.006338722746643628,0.26139849623403233,1.1594038625317844
2024-07-17,0.1776418830638716,0.4948296908910125,0.09111152209148149,0.019098455788832958,0.00431089074284019,0.15044355393359227,0.5634424548250442,0.06809252195153162,0.22018844362289047,0.5998870730626353,0.13702906075279786,0.4967774985770989,0.009607811208709925,0.24187189100639728,1.1475611255900589
2024-07-18,0.16737905222689697,0.4855630371277093,0.1687523893583372,0.04688032926106178,-0.042844295233450014,0.1505059592220276,0.5634084725962984,0.06840100327326862,0.21736536966105513,0.6020026303291921,0.13704542464073144,0.49680448209055067,0.009769894575645968,0.24010492820665785,1.1386049778632428
2024-07-19,0.17461141191138332,0.49317278553907834,0.10790176587042069,0.024337132327111544,0.004560988530648125,0.15486825220520953,0.5627760161901729,0.04518489004821663,0.18926289574518962,0.5952928687668018,0.1390901625892936,0.49826901309063887,-0.0047252289140464615,0.21726118419907525,1.2391957996296181
2024-07-22,0.17462453668458738,0.48910735253088367,0.10411190759487916,0.024076313367827673,0.051470304929490895,0.15489496530703237,0.5611516065135967,0.0426356874623387,0.18233431534822309,0.56128409207501,0.1390831442386527,0.4983655847067061,-0.005066785492399161,0.21768533555401226,1.259715409053205
2024-07-23,0.17488721468959328,0.49189502119821993,0.097107031873437,0.02766277431296693,0.022424419425641995,0.15497833987902065,0.5624335520144838,0.04030211559563707,0.18498648724003042,0.534893289006382,0.13912138438548993,0.4983688871675137,-0.008105921809294845,0.22683727893807237,1.2595832897381616
2024-07-24,0.17496942674876087,0.49163883643122014,0.09668051460359875,0.029183708855225143,0.025359648294058124,0.1546835280786881,0.5624249051102215,0.041817646529465874,0.17931071389324993,0.5351839581651374,0.13914703000515644,0.4985039834794866,-0.008554040860619597,0.23017773144530373,1.2366735933170552
2024-07-25,0.18301428947539566,0.49177751818323023,0.08508424624438382,-0.001781376451140959,0.030326934044701437,0.1590674128399036,0.56231845868643,0.03712589774701885,0.1363526092550158,0.5270120839022943,0.14170190663317905,0.49851157403231144,-0.00957766916242813,0.1946094254937658,1.2407524385308957
2024-07-26,0.17784666044430883,0.48376243742181235,0.044136266118885006,0.03391380475406902,0.1199799523740046,0.15918518293322542,0.5638211540183324,0.04373868306123584,0.159370919126409,0.5725532265154798,0.14150110093370963,0.49927068425878196,-0.006691668492343789,0.22372414028480936,1.3249044706383932
2024-07-29,0.1777804331068006,0.47734506901806356,0.05281916999409914,0.028905256957215686,0.14704399046551808,0.15894687217217962,0.5640868302046105,0.04253645814167969,0.16393363376169878,0.5663853852972998,0.14135578605590812,0.49965351928747287,-0.006141239200673679,0.21291574128541235,1.2790461203824757
2024-07-30,0.17915933479224042,0.47720065355084224,0.04703373612499081,0.0413058097982244,0.1197085757887757,0.15956801090043024,0.5643283291021614,0.03885798696737309,0.1723701445302086,0.5365328954359136,0.14168658501633793,0.49977215125484487,-0.0076230621274352255,0.2205024105556952,1.2648225619757345
2024-07-31,0.17993221572385784,0.46345011904654493,0.04132026891505967,0.05106986803970259,0.027499102783774987,0.15993485701928623,0.5645915045094243,0.03459013892293163,0.18267780754883223,0.4580740410375428,0.14187787174104483,0.5003793209733128,-0.011312254744660686,0.22624820099282306,1.1775115465176165
2024-08-01,0.18429177177108408,0.4639254734315951,0.05011523383063028,0.0641730013682642,0.03476065587599364,0.16265577535528997,0.5640530786302699,0.03943652669138707,0.21138728417073005,0.442720532307753,0.14344325336599648,0.5000064081476542,-0.009566244676690691,0.2561012905458844,1.2419591093356925
2024-08-02,0.18444986881633643,0.48071367280444405,0.062164053702701075,0.06264525458871861,-0.014754996533649534,0.16265113914193177,0.5693097686303736,0.05323857760882149,0.2114583352044732,0.3026238551584175,0.1434859700766602,0.504264022996208,-0.004760287627495234,0.2544697214418512,1.1047925082285333
2024-08-05,0.18587963558374657,0.5471771762690817,0.11333763811294127,0.052577122227266626,-0.11761278790570517,0.1634476219515302,0.594377846836797,0.08992217428266223,0.20236099475836022,0.08073214298978715,0.14389696863474646,0.5211646220467736,0.015384392911438421,0.236981899976469,0.8570298741731714
2024-08-06,0.18573367291127024,0.5491626610764462,0.09383541880370663,0.03901211251687209,-0.11127119552388698,0.16241349642986336,0.5966759361915827,0.08312262893293972,0.21143889837013674,0.12648906692403372,0.14397240778189646,0.5223162828496765,0.012587472645804312,0.23431477038388193,0.9202606667427025
2024-08-07,0.18340082849007774,0.5455190084173852,0.11679708988095866,0.024168379934210726,-0.09483554886216539,0.16236340948874592,0.5944219471073063,0.08669092119523589,0.21359070153489523,0.061759014455781136,0.1438483376582132,0.5224371992073391,0.014124263379902142,0.24108366347459276,0.8486998498418523
2024-08-08,0.18273658402840043,0.5911136371833531,0.18274352871932553,0.0513444510576726,-0.018939349010180018,0.16306210908880286,0.6169972899223852,0.10933490014707253,0.2225420710610473,0.18813734979810226,0.14421686705699197,0.5342551888489367,0.030185353766799497,0.26284224323758454,1.087517512653211
2024-08-09,0.1823867591952793,0.5900928283687179,0.18710194736047728,0.04809526026391042,-0.010928437061834217,0.16304613910494417,0.6173639831554144,0.10834645491931623,0.22197516534614237,0.16717554061960205,0.14424015637292287,0.5344581323947958,0.02931954012996939,0.26912610773216916,1.0686699870473455
2024-08-12,0.1816610241436672,0.5716988187023254,0.13938394266092213,0.04555518063593422,-0.10431927230534344,0.16353922985776576,0.618569316274116,0.10176081181174916,0.22757130113736257,0.13521387638394433,0.14466960573170579,0.5351909086355378,0.024940270311315068,0.28634543892166575,1.019018006687646
2024-08-13,0.18140511802262063,0.572825362436876,0.1372183841552307,0.051268098439793075,-0.0708554887230185,0.16341262357642633,0.6190740354036685,0.1007674322873372,0.23275819133601328,0.16918451973237647,0.1446514895020154,0.5354922674348839,0.024974558613844774,0.2900206012490343,1.0609579931039947
2024-08-14,0.1811858648894982,0.572918480403242,0.13665766215563807,0.025771511270320957,-0.1240025796258486,0.1644216491617306,0.6206598360918634,0.1078324022991764,0.22110602787028544,0.1448650391999502,0.1450666947685735,0.5364754969278351,0.029487313365712704,0.2813662741518106,1.013595114580851
2024-08-15,0.18063571202432346,0.5573889319783365,0.11405236697203418,0.02210371225907304,-0.19437996432948623,0.164134480165677,0.6211771187734197,0.10832177561413747,0.21616083785959495,0.13459266877481757,0.14505271257284935,0.5366346038425241,0.027143704395405668,0.2925373848631285,1.005453984607743
2024-08-16,0.18383604677716606,0.5591163772925121,0.12710158971612567,0.046127272760209115,-0.16029343882400804,0.16554351916619667,0.613314059727833,0.12648347354845887,0.24469077367215908,0.08018177734424725,0.14583374044837516,0.5314971491480094,0.023829476253641783,0.32508360146693316,1.208704206266367
2024-08-19,0.18135486073338572,0.559207973378657,0.12181067700992616,0.062016863446324066,-0.13930204588580886,0.16554137381615447,0.6098996392188569,0.12641031167994035,0.2432366709948539,0.04218387277005342,0.1458333071149458,0.5308764160884654,0.023729319790925588,0.3260109829523201,1.2838566485319118
2024-08-20,0.17404467608265642,0.5584736855998763,0.11017086889762483,0.09130590062582078,-0.1312649338975196,0.16552203199352927,0.5955415446685317,0.13406721676692424,0.24864158154651883,-0.05586765664080884,0.1458377173337871,0.5309984428281435,0.02336154511961915,0.3263651053854628,1.258937195900581
2024-08-21,0.17404858551197147,0.5635520628395962,0.10597723907928953,0.09124009423859514,-0.10727168171890578,0.16547681232984493,0.5970978256788528,0.13320249521844066,0.23984039545387614,-0.00037895456030223595,0.1458557496451365,0.5319624514263214,0.022369927091232224,0.32268951194184625,1.3500307018017716
2024-08-22,0.17545336984229942,0.5640098099325404,0.11195640873554182,0.06798215623673842,-0.1158820331835726,0.16460094367742661,0.5966670536336758,0.12995840803250597,0.20088753629286638,-0.03297081815589509,0.1460892883083229,0.532081882069615,0.023536549328203687,0.2918741248969605,1.2844557747727743
2024-08-23,0.17604697972546626,0.5776817243414123,0.13278840050605156,0.08760469072860921,-0.051551295515050555,0.1641828086676077,0.588466078371514,0.11974393554243025,0.1975262147181316,-0.06199374980920447,0.1464704104923844,0.5348836490667007,0.03075903294261333,0.3077397569489806,1.449867806483471
2024-08-26,0.17609288618904803,0.5782788304749286,0.13142991295139084,0.09061422069963276,-0.08022135095413319,0.16398985074800296,0.5806670530986644,0.12949782597475085,0.19295955351408955,-0.014428240750519294,0.14641188246490464,0.5353058320671789,0.0295625891794651,0.3171812562576042,1.4140610296357208
2024-08-27,0.17492656624970213,0.5882852573654915,0.1307512131868553,0.09901416749294034,-0.11834514598558166,0.16378102325149452,0.5837505696872335,0.12690660228612471,0.1828838662319292,-0.09987885371577199,0.14640453795138353,0.5385126430376392,0.030904471578173828,0.3113313326042204,1.2793147178784587
2024-08-28,0.17139827533787458,0.5867079827337947,0.11867310253441556,0.07111805027959295,-0.14209995399120645,0.16410186258492335,0.5835220152459538,0.1272991068967879,0.1720857685474202,-0.1180097454468374,0.14633462903029845,0.5355800447648426,0.026006533326234284,0.29143559124589724,1.1288559619763396
2024-08-29,0.17070822685323986,0.5841277162908308,0.13521767169472282,0.09069615546622645,-0.15842340817348166,0.16405129117388573,0.5827816218888779,0.12489263123307304,0.17149395965597036,-0.1304817251806475,0.14651273790836128,0.5352617489526353,0.027009165052280622,0.29766854983685853,1.175609106910319
2024-08-30,0.1717689267142202,0.5837527569954478,0.13075494535073096,0.06402866666228113,-0.16830147843607968,0.16533179445739388,0.5770972953627282,0.1259285907907176,0.1548935323374201,-0.18030678541485656,0.14709753610440035,0.5325242288490837,0.02518301541561859,0.2857215861776077,1.2798349074189979
2024-09-03,0.17148964406749775,0.5861580010136584,0.13378165709125103,0.05525120375250858,-0.18833627381149654,0.16453252027369297,0.5783615027251011,0.1262604786776777,0.164766117101383,-0.19655864925316435,0.14712405994353092,0.5334361642741702,0.02625408595951632,0.2825987653466733,1.2259461432579948
2024-09-04,0.16060691054868295,0.5856877764782421,0.12058426231656359,0.08645161290322578,-0.16398359999508738,0.16433664632779724,0.5775340223895953,0.12361817106469869,0.15829050964913982,-0.20677664503615611,0.14688303836211838,0.5334569573311307,0.02588000291560198,0.2936597519120592,1.248703591562947
2024-09-05,0.16097789007534197,0.5885171003977759,0.11305235123863458,0.09286639349215609,-0.19207818717285974,0.16417686404266493,0.5783200789923458,0.11641109503597499,0.17328724228661962,-0.2134010135287434,0.14689619857971237,0.5345849636733403,0.022991784682356284,0.3080445229531976,1.180715758039209
2024-09-06,0.1619504841348357,0.5904682054609273,0.12423351146459784,0.0851027214343616,-0.19876538840865476,0.1645473804856398,0.5797176887137689,0.12077907816028179,0.16798524064596276,-0.22268269815570785,0.14712182221460188,0.5360986069782995,0.027867533982338637,0.2996654299388657,1.0559585499941213
2024-09-09,0.1604652679088218,0.601807494411008,0.12002029522812437,0.0755477741867221,-0.16444104733303422,0.1645706393053946,0.5844835588565637,0.12216390449621216,0.17021664927800662,-0.15587383850977632,0.14713466024052688,0.5384265472166402,0.028986826760639503,0.303701042275776,1.2010459378023972
2024-09-10,0.15661194633235656,0.6011536313669984,0.1098136046527577,0.09710961935127171,-0.13643167865814343,0.16454253994639922,0.5711566612751825,0.11906019440229103,0.1775247280421226,-0.06887209639064995,0.1471608324700483,0.5375086353566272,0.029846729074364947,0.3060292529926074,1.2910425210848904
2024-09-11,0.15471030318958376,0.6009067398066718,0.11626503723298101,0.08228674669093916,-0.13131007808819928,0.1645560286997898,0.554744184592602,0.12437677647982442,0.176492319455692,-0.15564612703397496,0.1469848958650812,0.5370791847678378,0.03219661536561567,0.31383387650238714,1.2197347904295204
2024-09-12,0.15577500611341055,0.6014790169276418,0.12944373526436262,0.10802923901084105,-0.12578203962561318,0.16514984797581994,0.5528039222965218,0.1367745876260771,0.18121488320261658,-0.11244804600986358,0.14761311097697735,0.5370457022762196,0.034255930316495056,0.33536874393596117,1.2161923588391654
2024-09-13,0.15662440726768823,0.6067434897280113,0.15162342087749572,0.11240362171589768,-0.07014726705653096,0.16474575368486116,0.5548894671624449,0.13873291680587707,0.20865738480179297,-0.05029042350561974,0.14797882136958548,0.5383232353344732,0.03918995340297016,0.35073462604409755,1.2822925848116689
2024-09-16,0.15589555961865423,0.6119162474269182,0.15628931471560015,0.10126631589014323,-0.10236442988898165,0.16454488293183261,0.5409586445246275,0.1311726815142607,0.1987226701922944,-0.16818902818712078,0.14787920255410736,0.540064769676162,0.04014816505196481,0.3405096946862196,1.1869735212682695
2024-09-17,0.1524132349844919,0.6163642624307467,0.13710207051389328,0.11204527996003621,-0.05909336594707115,0.16493065259837028,0.5436403653253575,0.123408660974656,0.19070363792190648,-0.13829970230317767,0.1480473522506279,0.5410439233148682,0.036901774202072635,0.3271218746510238,1.2541640531830787
2024-09-18,0.1522054412883562,0.6050474843519875,0.1515886378711475,0.10842868362960223,0.022765834373337235,0.164794758217698,0.5445970165642997,0.12453413656627844,0.18625033406897162,-0.11238392384315354,0.1480495301832891,0.5411963666228056,0.03735446722372483,0.33009170425455836,1.2656063425363517
2024-09-19,0.1516490954411668,0.6043631740816757,0.165203127771192,0.12176078723304107,0.018377526262818078,0.16419392597798985,0.5447826215963938,0.12244522224250484,0.1791288052699307,-0.11031876832203324,0.1480242073486075,0.5414423710347949,0.03888055499651265,0.32916482644835465,1.3197861900309733
2024-09-20,0.1517255558772816,0.6034239723588747,0.15950080428829425,0.1439564270400837,0.03916542001390333,0.16319059540648675,0.5444507084262176,0.1299717957488468,0.17238927680684646,-0.09338552714535897,0.14763195994856207,0.5408900379131574,0.03442433820808116,0.364301909919583,1.3785700821929376
2024-09-23,0.15084789267333143,0.6028875082188968,0.1559880025505889,0.13519639182614718,0.028001064496989247,0.1626000145514757,0.5368281813215394,0.14690176091276017,0.16245943695296816,-0.03234942410736308,0.1476247004677044,0.5408832438025704,0.03447791415186341,0.3633326651338844,1.3826497076621105
2024-09-24,0.1515316171236862,0.6019394961480061,0.1593658418738325,0.14421263816912466,0.06601165461238478,0.16187439444856716,0.5371625175523327,0.1477769986717466,0.15637149028077624,-0.025444423710302755,0.14772075114136995,0.5408258510994441,0.03458343072900811,0.3823195464980025,1.445083046771801
2024-09-25,0.15144351330923803,0.5973377800785241,0.16507698214218286,0.1478473056848677,0.004632536004886223,0.1617848308976747,0.5349248663226408,0.15153322580223547,0.16296294181151016,-0.07832126372370818,0.1473874681864857,0.5412223689530449,0.033375035095541294,0.3984268584692727,1.4084579630300627
2024-09-26,0.1511606118770981,0.6001720628808388,0.1637130426165725,0.15492415150823202,0.05081499157274383,0.16041811206061557,0.5368101756166577,0.1577029430883627,0.1490150995788584,-0.039161460647424096,0.14647326994478244,0.5419582665365169,0.03474022960854821,0.4251942818493635,1.4734079614508433
2024-09-27,0.1508254365946714,0.596864278909227,0.17989482136133847,0.12606575826099764,0.09334180011014936,0.161218610205672,0.5310166562073593,0.15419479163165883,0.13487881652754097,-0.08153824475008387,0.1467027231624173,0.5415605209839699,0.036037201220156086,0.4202598383533256,1.4347482535638472
2024-09-30,0.14977100044302552,0.5888119141233463,0.2234983752164112,0.1091462470289355,0.11766405838089233,0.16124362935687603,0.5314065363873737,0.16129319066815448,0.12571961237610196,-0.08402658864149781,0.14655398977217302,0.5431090285091359,0.037650663732823095,0.42511116078264766,1.353231170114149
2024-10-01,0.14727436858716716,0.5950731533906112,0.20477814165292613,0.1382695362082189,0.07286664386503583,0.16164397280904766,0.533518705242975,0.15390136699311585,0.14558855420797379,-0.13813808562442487,0.14644040926898835,0.5444997048315212,0.034910498486428784,0.456420593299268,1.209781067529374
2024-10-02,0.14865013433582536,0.5934348744261028,0.20571538718132654,0.12745473257944862,0.04522657427475507,0.1615859886909867,0.5334496229442766,0.15586063046068524,0.12517385514898738,-0.13456668879780254,0.14665677413789635,0.5444959483257676,0.03521781348119746,0.4497420315893941,1.2104568956082686
2024-10-03,0.14855740053866365,0.5933358794971055,0.20675707934042023,0.12585620294378375,0.052247589801136085,0.16162774979713782,0.5301663842361147,0.1565738621765368,0.12851179013758696,-0.09578661773632591,0.14658115313743514,0.5444000267653907,0.035877315227201924,0.4602135817922277,1.1856376143533907
2024-10-04,0.1454713440400347,0.5945756676033981,0.21088566268799291,0.10153191973227704,0.08235364159501368,0.16175726995860157,0.5245465737079451,0.1592260163534888,0.1195132391221676,-0.021422285123399276,0.14666117261478726,0.5444345637098212,0.03387001890337559,0.456381688893839,1.26392163481133
2024-10-07,0.14548290651616816,0.594332099473353,0.2116603196665692,0.10133434699718702,0.07490907427563553,0.1611867952340695,0.5244847308841282,0.1582114366921695,0.10723479771401245,-0.02468511408383922,0.1465613382179651,0.5441998073206389,0.03275304044047165,0.4448298669782831,1.2269852281045512
2024-10-08,0.1479016930992687,0.5461548894762321,0.21651062068244983,0.08501791275990356,-0.04221022295801391,0.16166948181137597,0.5211694595766623,0.15016936444642795,0.10341651737534341,0.01395762930605482,0.14686626856774126,0.5439775467101503,0.035309746701022965,0.413613599377592,1.2524903803009066
2024-10-09,0.14508726229629654,0.5483823387211192,0.22252768707336976,0.06410566011901886,-0.0693585968567415,0.16172603695546126,0.5198198016630959,0.1503457060489325,0.09507923269391139,-0.0461427376944763,0.14687919179467177,0.5446280284572523,0.03760333357081298,0.4003092473873626,1.2117505152877874
2024-10-10,0.1450430995319857,0.5476769951961877,0.21878644341083156,0.07292985633823723,-0.059955791286083304,0.1616256302850986,0.5197993148671841,0.14911476347965794,0.09342115976403198,-0.055903363408877804,0.1468394519514779,0.5442342227788046,0.03866530590758354,0.3984528058836927,1.2429122750404442
2024-10-11,0.14726193999157247,0.5527248205225248,0.23720547191297012,0.08952131380340789,-0.023899943342520547,0.15706753223195552,0.5180449826335901,0.2013847098944848,0.14059843173145636,-0.06572026234734074,0.14733240845469456,0.5451298812446717,0.04316349919714846,0.4212958304982055,1.3338027185117425
2024-10-14,0.1382337147738963,0.5580985570335172,0.2916143258271402,0.11108331839107088,-0.009953975336400855,0.1571848311206603,0.5244232942766185,0.1909490345252786,0.13812390013720055,-0.005438386773096271,0.14448304293673997,0.5476714948753302,0.040076600524033244,0.3729591025785457,1.4586852428350046
2024-10-15,0.13818281837923085,0.558306349320049,0.2969220171815973,0.11867873093361725,-0.00805117425769819,0.15723716734807272,0.5226959690743561,0.19072493838030183,0.14561239061749887,0.043004734277708456,0.14444412586522126,0.5448714407099691,0.04442427856652558,0.38494537285812025,1.3507139825750842
2024-10-16,0.1381230663404799,0.5561830058502703,0.30416154968935855,0.11797449185374753,0.02555902289701395,0.157315906029115,0.5228134482850119,0.19126866374603863,0.14890076790955176,0.048556588572208126,0.14448122870951835,0.5448492514900809,0.04457750579697047,0.3903498045752418,1.3794101298500103
2024-10-17,0.13834579231006536,0.5559272220708632,0.30377837674307795,0.12079316749854208,0.03101785176285876,0.15746806877228203,0.522559385699556,0.19098305559769738,0.15350206898574514,0.05716410186846055,0.14373093914361093,0.544850131184928,0.045700187211496775,0.3755524731160629,1.379236893595201
2024-10-18,0.12603102640761502,0.556605590284555,0.3480329229359624,0.15997450605481145,0.040159225890894934,0.15773259550171073,0.52298295320562,0.19306828392845077,0.15790815478580145,0.07170406613047597,0.14381817793918217,0.5448759059211628,0.04606148811052015,0.3784397879323391,1.3822858530572275
2024-10-21,0.12459674518079827,0.5536981810443382,0.3349883693049173,0.15031495268532047,-0.00801346502324296,0.1535565614954165,0.5179694199265634,0.16485745399621354,0.18932650939637652,0.11100503219892244,0.14371743378636434,0.5443930528153759,0.0434758785451937,0.37329516085841985,1.2695807975827846
2024-10-22,0.12481737927609211,0.5526834739880362,0.33121167494634046,0.16065270088133077,0.00810375462311197,0.15378737887972696,0.5145017372093952,0.16778820677562692,0.194201665438392,0.1563393535061659,0.14378324243967605,0.5340387779474435,0.05037879716138352,0.3883690416725343,1.0359345063727865
2024-10-23,0.1264561215963894,0.5530976910248734,0.34330854874022926,0.13488561428014467,0.0034920867197800742,0.15483294927581884,0.5145760359115399,0.17235775551705818,0.18176298360634124,0.12361869523631164,0.14429958287381012,0.5338604362140367,0.05349632216117477,0.3742510124841629,0.9595634921960892
2024-10-24,0.1260997810590366,0.5532056470620856,0.3622452224848649,0.1328662280419317,0.054810365138871386,0.15503111666531286,0.5081683431026048,0.18115622756104083,0.19072155681466874,0.08381670378721662,0.14438408946950174,0.5341494082651183,0.05457713733097985,0.37796374189285276,0.9755212492819303
2024-10-25,0.11897534870479862,0.554823836903327,0.36851067259550774,0.11036764085741657,0.019659779864590776,0.15456060692277582,0.5092487267459074,0.18007788646279405,0.18162326499343573,0.05510382258305535,0.144386299695275,0.5345934303731927,0.05426587795072899,0.37909285270200654,0.9510817691742359
2024-10-28,0.11830784483516465,0.5476332024174461,0.345357648535199,0.11583927761738178,0.13828351743645761,0.15443314269861633,0.5134498364414644,0.1759408097916677,0.1857413132438146,0.1214881480823724,0.14438671840024475,0.5364039340761048,0.05351893373915695,0.3789841893138579,1.0615797262705966
2024-10-29,0.11646430852524485,0.4801463347216443,0.29498877505082527,0.13774349892162152,0.3468888632771969,0.1547974546724595,0.5156563111958029,0.18133469020199558,0.19756277792770138,0.18847750906801974,0.14458123727605757,0.5374575552630946,0.05661068975941299,0.3866673970434935,1.1076959741774903
2024-10-30,0.11585369257686912,0.47585355936280593,0.3144571097112079,0.15183415707530812,0.2909863758850335,0.15474406158175716,0.514052186688913,0.17624389280011826,0.19676964081190662,0.14733677843525594,0.144526667243162,0.537517043258485,0.05618475205862393,0.4044025373583604,1.086650384137287
2024-10-31,0.12348057338412036,0.4787919803445847,0.3411475415171845,0.13028291366852196,0.2760026776403537,0.1562299097450813,0.5131115308532268,0.20446767625764506,0.15760002055920963,0.1549922633567382,0.14581532690661408,0.5381685255902419,0.06507545308985792,0.3832956220518846,0.9813947120664519
2024-11-01,0.12155722152948088,0.42051062842776826,0.2971387193627717,0.11606377488595387,0.1259490327605839,0.15474170390628206,0.5111222844249355,0.22078796061178407,0.17336745675282694,0.10462429106145676,0.14581096964163223,0.5380648249237115,0.06568754795156896,0.37908199206013093,0.9887225114851061
2024-11-04,0.12160947870273559,0.42278955224311404,0.304636869716494,0.11029354718160289,0.11385318058178995,0.15454333123628453,0.5113856420918119,0.22611787426788196,0.16369340430264256,0.10168050620167812,0.1458214584226348,0.5386772775015607,0.0665979745506434,0.37364946890986284,0.9524033976365005
2024-11-05,0.11960595387675045,0.42104214247183985,0.3352652634400624,0.0981229836948374,0.16856420728309107,0.15328683741297605,0.5011866084612091,0.2053773941605586,0.14814817457752683,0.04666043953724852,0.14567192104735657,0.5390115862167439,0.06713592868034444,0.382731562370495,0.9795880893693061
2024-11-06,0.13321099254380192,0.45356776981982105,0.11163270202886351,0.06719036474966833,0.2479725992100159,0.1584854967618212,0.5159642271204697,0.1283049609333649,0.12190318542365297,0.15954689078005457,0.1481405711610523,0.5454449353335267,0.0367193281825787,0.35611859580852423,1.1340709790388566
2024-11-07,0.13219347880857044,0.4476426990228337,0.08164930402690099,0.09118042590168929,0.292277628510061,0.15813851191059614,0.5145447486656407,0.12108848540849895,0.11930179454576817,0.13203186898203967,0.14817153828356366,0.5454371476482424,0.03711171586523654,0.382061488070615,1.1288534273119417
2024-11-08,0.13244848701907933,0.444781779408027,0.0871743244827163,0.08120693083563557,0.3298357660827995,0.1578951925644901,0.5065105689487674,0.10924296335987087,0.10510561772734195,0.07134233730754991,0.14818846664304308,0.5448546383315993,0.035234742868753596,0.3680576617059761,1.0860985964673238
2024-11-11,0.14182863561178435,0.5312459147294265,-0.18878966449711795,0.03148392340075912,0.5061182043433217,0.1635008154619038,0.5485808262348124,-0.008034123207411726,0.07906346368323658,0.2646973380936908,0.15021848910306806,0.5635260015457213,-0.015279920024456247,0.35093152558978336,1.3771656392085032
2024-11-12,0.14216752356406412,0.5321153976282026,-0.18408517018926673,0.025577459863494356,0.4784116214467915,0.16232372715411075,0.5482619242336731,-0.012505790159173663,0.08918055714547646,0.27246585791789757,0.15022853991824014,0.5630749181267104,-0.012920314680862565,0.33642709162308937,1.4095927884790806
2024-11-13,0.14294931482535655,0.5332709422225212,-0.18997498372873609,0.01407508075324615,0.5349919823396343,0.15888663548389714,0.5489520319240482,-0.029902811974459324,0.10666611930362313,0.3335013612445996,0.1503106394855513,0.5628471610817308,-0.013002699703903954,0.3152809560132186,1.5489639286513528
2024-11-14,0.14336597013421057,0.5375412207591012,-0.17225729073422114,0.009970521037781399,0.42623876904757596,0.15910818942543015,0.5519020490453277,-0.023548935463185462,0.10212032655547176,0.27324373775914057,0.15042916681536797,0.5610977037795298,-0.008357027723519808,0.30983039168517235,1.3033022463995336
2024-11-15,0.14107626845780458,0.5412969885204756,-0.1900838288658763,0.021218320626385845,0.5081669606935535,0.15863672189393313,0.5549958124436161,-0.02414600755098044,0.09064294405102857,0.33339750690809544,0.15006932641784695,0.5602325718201564,-0.0030509230672023237,0.2932622324302707,1.5187826943216427
2024-11-18,0.14338303337218486,0.5305293144862455,-0.23603457555001534,0.026823252373402884,0.41264608970356376,0.1600542924433671,0.554801641042741,-0.029401672331007954,0.11677778583051945,0.3398223536750751,0.15091626549588946,0.5602466224442468,-0.004591292567887058,0.3173780228655936,1.4740668206466325
2024-11-19,0.14374537415377378,0.5287164864953607,-0.2275334074646553,0.029665016545324052,0.4685562911241383,0.16024035868108616,0.5552095680744689,-0.027121821932510774,0.12296730960125313,0.3507467214979687,0.15096732675783628,0.5601142179689095,-0.002809229592585913,0.32858654503237217,1.464015127628945
2024-11-20,0.14449841941388022,0.5136884048194814,-0.23219610976990182,0.038701105647509504,0.5854275615572366,0.15993582785549942,0.5554201030834073,-0.027677607005614762,0.14154723089719434,0.39779990533518106,0.15081222755368912,0.5582299257792178,0.0042014569837097735,0.32479015962998603,1.6341650218752872
2024-11-21,0.1447727808361759,0.5177095357499065,-0.2201970578229705,0.054023110914088956,0.6687902751042403,0.15799156070869608,0.558000727909877,-0.027843793273451923,0.12898317951193006,0.43165525379095526,0.15090042754467306,0.5581584626525072,0.010420180750646423,0.342282134084015,1.6315407205020604
2024-11-22,0.1463080816471403,0.5177365748860681,-0.2193652015643192,0.05932894561060342,0.666959057903856,0.15835504231382763,0.5570565420304967,-0.02160121880190821,0.15540600835157647,0.40287372266507093,0.15142912720236693,0.5581066118860736,0.010469205071987234,0.360658147159727,1.6548315900987411
2024-11-25,0.16164041483785044,0.5366292033486153,-0.07714194144663865,0.03596292879875884,0.5748159876986398,0.1661172925196435,0.5647300307240812,0.030717178077489138,0.1022942538412952,0.30977212870418414,0.15569191791922696,0.5618550609312537,0.036918750202033536,0.30728906640039666,1.4682291274007953
2024-11-26,0.1615648344459339,0.5328166936821686,-0.08260897831136559,0.03896157305910575,0.6016660474909374,0.1659125511711077,0.565025745180561,0.031521340778566366,0.09636545062322122,0.300014232216107,0.15564952396601814,0.5618447526984932,0.03759408138782356,0.3025740494071727,1.4691282969910953
2024-11-27,0.16209942184656095,0.5374790991006714,-0.07094743165003113,0.045091014387865114,0.655338685187248,0.1607582055781605,0.5670421072596477,0.02294056192466664,0.13544081821236453,0.38389028837910866,0.15525560612413028,0.5630579205361926,0.03859454510468959,0.2940685795802671,1.536605251261829
2024-11-29,0.16205454395138044,0.5310920922067311,-0.057818038125419365,0.04478781721911851,0.7354108986626968,0.1609480436984578,0.5673448141837633,0.024487407781155386,0.14181349376879981,0.4020763192475425,0.15533150765633635,0.563173541415608,0.039385556667621203,0.2979336777332964,1.5743635788453187
2024-12-02,0.16118896445841954,0.5238618373098063,-0.07892692136087787,0.053038064312860955,0.776969767533291,0.16093920919475002,0.5657912895273354,0.02376684589233512,0.14265446935985793,0.42376968149909966,0.15523620359040816,0.5634873621787618,0.03902486553056897,0.3044011735664234,1.5419868510553072
2024-12-03,0.16121060045673158,0.5153228241848037,-0.08683952578084785,0.053381748244325955,0.6836714610076406,0.16018503770236878,0.5655882564783605,0.02110571937607076,0.13296239469310267,0.40680676259480486,0.15338449148820973,0.5630644953977412,0.033353829567753256,0.27669041713267184,1.481397410422923
2024-12-04,0.16113849832217106,0.5168901557983386,-0.08471448565135704,0.052337638474510007,0.7132825633704112,0.15831910342816463,0.5656166967501213,0.012550425208569744,0.15452974597578595,0.47953654723405914,0.1514998318130596,0.5581517338794136,0.05696352595148766,0.3104495226513875,1.352746581457636
2024-12-05,0.16278054189921004,0.5200495977192436,-0.06650740448434911,0.04169289021065414,0.6844825138564041,0.15820960563582753,0.5664413016473626,0.023665299931188287,0.12741040919717062,0.4632929834237136,0.15188583093001728,0.5568682724237018,0.06257084121806805,0.3005941358533466,1.1912919554587678
2024-12-06,0.16024249133409432,0.5225199249666511,-0.06605907812226318,0.03061303456965203,0.7190064994390295,0.15765304884873754,0.5681577103831152,0.02686788596630747,0.14194937640886507,0.5027863558099033,0.15184808154490342,0.5576104405257825,0.0642541221127852,0.2986962576052514,1.2840875463988572
2024-12-09,0.15975355631679858,0.5227846527866533,-0.1008639729324117,0.028766269223140517,0.6085624296211332,0.1578724517493489,0.5686180006666177,0.02463444969312787,0.14440332378297382,0.49572617129339736,0.15209009483445174,0.5581711403973542,0.06085410467507923,0.31245114190082934,1.2505595546012134
2024-12-10,0.1614862118766128,0.5142474355679933,-0.11403550488272379,0.0419717137869593,0.6613037196986662,0.1582181443794498,0.5687257627888176,0.023288209149780886,0.14748835050390352,0.49124531155926787,0.15154689752216238,0.5580247895067787,0.06302926211281043,0.34941668024013106,1.1888808798362
2024-12-11,0.16307498500248013,0.5168381958484486,-0.07785862689684116,0.06337758641310698,0.6775904842455303,0.1572819808397808,0.5715731100880189,0.029761659249575093,0.18252402578599103,0.5784560158506851,0.15163864909691568,0.5549759356214669,0.0597977988891268,0.3827055317684642,1.4530463409254066
2024-12-12,0.16731155041862916,0.5176516090170725,-0.059256559947466064,0.042638266960518534,0.6227659333692319,0.1594708174099476,0.5640206162472393,0.04311955595372716,0.15569016174889727,0.6597095538350102,0.1527672316992685,0.5551710447438186,0.06260413504214885,0.35932167806385373,1.4135696647437737
2024-12-13,0.1690660476354309,0.5171358277484481,-0.06601922978556848,0.023407002557191747,0.6119879422249082,0.16038159589940165,0.5633878680859649,0.043177984099580215,0.14801784484836222,0.6416122929684929,0.15337743156478373,0.5544195922893861,0.060415105644717734,0.3397085983140544,1.3655281451872132
2024-12-16,0.16738999048473036,0.5223179539150452,-0.06781762285795073,0.00899404779203583,0.6778718857329511,0.15994902562338073,0.5655465095609156,0.03580646322717168,0.15424522581688893,0.7435864428672023,0.15175550621167283,0.5559073062814479,0.05942014705686595,0.3056873040847292,1.464433482169326
2024-12-17,0.16744704785567394,0.5223820345713879,-0.06592184888845083,0.0035815268614505236,0.6759977175536112,0.15953484226173228,0.5654384170818734,0.03449440380792011,0.13926212819649408,0.7229274377396366,0.15170743329142317,0.5551325959114533,0.057695180315856104,0.30765833072186366,1.5313907615955147
2024-12-18,0.1664887673682666,0.5403027260290771,-0.056982878616778164,-0.008853175633872223,0.5558083369336972,0.15965955774660975,0.571753917187868,0.04061413520223721,0.13408272272091692,0.6585098195144334,0.15176376252439888,0.558528940877419,0.06033856507311684,0.3003185733046412,1.3470960240022896
2024-12-19,0.1699712325641686,0.5420699457687956,-0.02596363414734581,-0.028531997954627797,0.5439673435451249,0.1618212387841683,0.570833766651727,0.053616118737501495,0.11509692870684196,0.5511198278544667,0.15278126053765903,0.5591713357651856,0.06674176494886097,0.27094194899898727,1.3063576267262853
2024-12-20,0.17236954203918736,0.5397205199542332,-0.03332470844770421,-0.0184792780778944,0.4997606725165218,0.1628699355593211,0.5703053595953518,0.05173470758090044,0.133581986953635,0.5759709984515815,0.15331228259197746,0.5584209292137704,0.06757756518153822,0.29174203288059064,1.2394247647601202
2024-12-23,0.17166450350546017,0.5454660589488236,-0.021113367619959394,-0.014954516331462386,0.4392048406374158,0.16187964947360003,0.5705052502248912,0.06930001570879718,0.10922598948878304,0.5735428111897529,0.15349005876837274,0.559520018334441,0.07038487204402713,0.281236234881054,1.1583786585516247
2024-12-24,0.17165767849159463,0.5422507951041277,-0.02283390544624999,-0.008986953155367128,0.5581378938725234,0.16110435418352134,0.5653526324362641,0.08847006275612315,0.09917840166443526,0.741474721982621,0.1533082587247702,0.560823896160573,0.07112490243271179,0.2737421466391734,1.2427454149758388
2024-12-26,0.17057457389793204,0.5387264311700347,-0.009460061903795057,-0.013530143784606374,0.5746256936278362,0.1598150739606481,0.5675030265425968,0.08266933935946706,0.12286858571768455,0.689363383266151,0.1534241453330092,0.5605390546054851,0.06853600077854599,0.28220110142828747,1.2529306014217596
2024-12-27,0.1706986292439489,0.5406623246142265,-0.003929894641480303,-0.014158912806487511,0.5530353608586216,0.16037485634206183,0.5677142557737446,0.0865432320296261,0.11149119932759444,0.6232738299578153,0.1533618896816026,0.5606082220871076,0.06856338554561474,0.25741712271229544,1.1675568596713481
2024-12-30,0.17081792287186812,0.5427324635698924,0.002344346975741124,-0.022805260760362933,0.5247551385276206,0.160507330334973,0.5683431047823125,0.09007040462614829,0.10018075865697873,0.6044199195525863,0.15338709718123164,0.5605101297900668,0.0685432123318427,0.25658751987340866,1.17330217339729
2024-12-31,0.17162653461195654,0.5419277016642009,0.005598649404228594,-0.01004574868341368,0.5052843824079043,0.15905153680894552,0.5681580092860412,0.09605371138392477,0.09046620689988827,0.6292500329352966,0.1534437688919976,0.5603176578055076,0.06782911634347093,0.27473691367747,1.2192524815941992
2025-01-02,0.17302006517886223,0.5452124045375271,0.019464366408962777,0.0011252813203292966,0.5567492657343411,0.159676234756069,0.5700272807352156,0.10284101737389914,0.10257365796530005,0.6733639121097763,0.15374255193498318,0.5577919032283365,0.07187940732749537,0.2872577050780143,1.1550545474766358
2025-01-03,0.17171572416313874,0.544981230762715,0.013507029496553358,0.007323385271039484,0.5790169161105163,0.15988188417617585,0.5473154067643891,0.09876237192010888,0.09296391696102346,0.5123662600270162,0.15305010810637773,0.5555037665867082,0.06218321764250208,0.2995397923035925,1.289652427406979
2025-01-06,0.1716486092548218,0.5444987595238355,0.0037200902922293385,0.00814923927789346,0.6849545212985106,0.15841727043201592,0.5498275563257797,0.09626202125321189,0.07277731176028923,0.5680884399338235,0.15307664015034667,0.5560252561767337,0.05968984910779452,0.2914145865091442,1.3105085207328688
2025-01-07,0.17189573786532938,0.5578132099614688,-0.011197405854200546,0.00988893003173752,0.6080216862022887,0.15857169760774353,0.5550413173032965,0.08533712018706628,0.08353998461652834,0.5116114736008486,0.15318078143665995,0.5587424025889516,0.05560022582987445,0.3003219040157401,1.1946738307548692
2025-01-08,0.16957734543195574,0.5576275834722494,-0.03194031616661551,-0.00145729044323184,0.5220335766241624,0.15856705066144217,0.5559847823407021,0.08384154549861822,0.08793356480510472,0.4856570603774313,0.15292030742914853,0.5560987105291276,0.06181249482712358,0.3141873136679345,1.023472510050147
2025-01-09,0.1699496290285943,0.5524458101252213,-0.03333944184886821,0.009453762848384617,0.4002947040799132,0.15477874085142512,0.554855983150915,0.10497681024773395,0.12158723658793646,0.38635620513180924,0.15302338024271145,0.5565312024881298,0.059352466338038944,0.3235612635652332,1.004433882099475
2025-01-10,0.17062536591235178,0.5533667124533818,-0.02801991277938019,0.0134757172616502,0.4125877988575588,0.15515582815124365,0.5554901874779775,0.10940647421791298,0.1337537292183002,0.4012148083346583,0.15317899536386503,0.5568714061999762,0.06151642976024857,0.3388894045884874,1.0310093793843205
2025-01-13,0.17265931103932666,0.5535603483740912,-0.0236293730179555,-0.004718890848832591,0.397910410716918,0.15645341310672983,0.5540668562495142,0.11339573477783325,0.11269889225491059,0.43363963491240587,0.1537847365240031,0.5568284439067985,0.06156767149826309,0.32656505667092284,1.0383740743118257
2025-01-14,0.17222343847644445,0.5541591044988301,-0.02018798002667239,-0.00930746118998238,0.43225937470405973,0.1564092690405783,0.5544290493001279,0.11430932208607128,0.11036142859005205,0.47668498367459544,0.15306580069864598,0.5510515493757118,0.07701479071122301,0.3074185616838192,1.2526700230283088
2025-01-15,0.173526779269735,0.558327904298162,-0.0032008189418251416,-0.004468846583105535,0.4689604064124848,0.1523707944860519,0.5570108180636305,0.12983768718810645,0.15479075794693897,0.5279527191983848,0.1530999902820188,0.5522858298562751,0.08262990429702752,0.3386859000067184,1.328921783116904
2025-01-16,0.17519207159123304,0.557226509797179,-0.007434121729696836,0.004381321124488524,0.4807790947207409,0.15244312809632748,0.5556806181162134,0.1196939408269481,0.15535485188733578,0.4689129232380471,0.15293987264172273,0.5522397042483653,0.07932621678616472,0.37099421995701154,1.333896021419617
2025-01-17,0.1744946241186323,0.5628858804671008,-0.006435161259634703,-0.004022065896030047,0.5507698677608894,0.15242588577456645,0.5583980121020169,0.11574932314428785,0.1559844792359808,0.5633369262461396,0.15282473713962197,0.5525194426987878,0.08120271057496319,0.3596656036638448,1.5316729853687652
2025-01-21,0.17314503102946407,0.5614077750478104,-0.015605071895417233,0.010918168789605831,0.5978136071777116,0.1517502714655776,0.558351526843675,0.12042344213719822,0.14727648697375062,0.6033933108560212,0.1528249249233189,0.552634941102758,0.08141427751918565,0.35968062128872647,1.5504644504497302
2025-01-22,0.172751498333858,0.5638247399644049,-0.026727029892847618,0.008003201564830142,0.5207081343990541,0.15139542916528947,0.5583076027984301,0.12403646591353118,0.14193278481093996,0.6040587025151183,0.1527806322747363,0.5504886905889308,0.07761162762202105,0.3702403171051374,1.6236390246043926
2025-01-23,0.17276478292698302,0.5605352250329766,-0.02387686347303221,0.0037754672094134634,0.559970078177267,0.14831135753350136,0.5582038256948947,0.12268532407561417,0.11455979747586764,0.5906387465095806,0.15281707939224964,0.5504691578804991,0.07760028466707325,0.36489284892626883,1.6090785504694325
2025-01-24,0.17306129862715647,0.5541762508092128,-0.024531171506533278,0.008345731272909607,0.49939702909850126,0.1482224744750638,0.5498145730969406,0.11577061696592321,0.12515177237213426,0.7067389243160167,0.15274114718423645,0.550483397983447,0.07797992783136276,0.3784225706070157,1.6154475200178213
2025-01-27,0.17465627636022557,0.554015203047304,-0.01671231070618867,-0.015353706739461126,0.40383658620984986,0.14905632400355262,0.5162447537624546,0.09449287474767208,0.12027491889445052,0.8908118638271254,0.15357187196527378,0.551264025722847,0.08311665480448988,0.3571215363653695,1.5564225175351205
2025-01-28,0.1754312501818178,0.5542157486733563,-0.0193430908617853,-0.011889477380600422,0.4007896355954188,0.14942624917073755,0.5144623019843194,0.09680479536756291,0.13813945091855828,0.8084003350346469,0.15384944449315477,0.549731391426074,0.08272037461009672,0.3718831770254849,1.4232438705258654
2025-01-29,0.17121393850583566,0.5503684516702365,-0.049394469134016315,0.007456443325905893,0.4769341880273399,0.14942268875433326,0.5140185469005052,0.0962851106090391,0.13871080415653125,0.8845719786214674,0.15382517769712098,0.549200499321414,0.08169655629553843,0.36753234691473247,1.39564362836296
2025-01-30,0.17553957710210702,0.5492653652308523,-0.04583171300989054,0.026844191087907365,0.5073630308724466,0.15075177634800685,0.48862271163872306,0.0666650480119166,0.1460236041252836,0.6972139466298939,0.15484032817736332,0.5491215280355866,0.08274532605333867,0.38961358602017837,1.4383921305712306
2025-01-31,0.1757208098525141,0.5488315091245382,-0.04251878828497842,0.024142469596881266,0.5101422566896991,0.1508528412476742,0.4894913499165936,0.0717592156555947,0.13709877538804816,0.6820767557447835,0.1547626449474768,0.5496045754239339,0.08525685918930033,0.37302291255822206,1.4048557459137112
2025-02-03,0.17850536965086414,0.5488866363223828,-0.05326140434489484,0.03905886038169393,0.4620251082898623,0.15147549615989658,0.4880078009715952,0.0752825211357296,0.14101441599690312,0.7084702116967185,0.1551324093777301,0.5497053371897488,0.08185432395871342,0.37950845586336746,1.3541172632020704
2025-02-04,0.16928007202878234,0.5292535060580552,0.03935759369018354,0.07454321128430696,0.29393195605528954,0.15167836310329058,0.4908138789135701,0.0684622037480141,0.14674216158977949,0.6147916263992199,0.1549131508880232,0.5510771425696158,0.07929782269856088,0.4003019512111001,1.2662932202561974
2025-02-05,0.16835596202208847,0.530427356996088,0.03586492498664266,0.06918469502317759,0.27284927616006094,0.15074556247985346,0.4887213186384627,0.05414338765165689,0.16667341088295884,0.6448746440468716,0.15483935954451897,0.5510955449618804,0.07724568262541136,0.4161241203321995,1.2648490895983087
2025-02-06,0.1685943343513115,0.5304177277126096,0.038263656354177535,0.06750033362321206,0.26190731592259064,0.15097370923631306,0.4874649479503423,0.05780971379428507,0.1541887593827702,0.6781294821954078,0.1549734282874762,0.5510653583068833,0.07724747318290417,0.4023106600937254,1.2419411050696323
2025-02-07,0.15653877533122318,0.43806332737026216,0.3233898484462658,0.10310583776553317,0.08824656788614305,0.1490031051443179,0.48675696645687244,0.049048438053475536,0.1378359374646736,0.6390279667074608,0.154987916366492,0.5505052121734393,0.0775647011875167,0.40741831962657327,1.1780901884585622
2025-02-10,0.15878191647104978,0.4378731038515377,0.3220160019614073,0.12588721458342755,0.10780120060285903,0.1505804220996977,0.4867383954253724,0.05076215058454548,0.15468454962525668,0.6377861692239752,0.15565089433841425,0.5502162703977603,0.07907844097701563,0.4328824001959388,1.1508650233793478
2025-02-11,0.15761671811382263,0.4357348246227163,0.345987103788616,0.13381020593707627,0.05699964975597105,0.15056008738582052,0.4874270858125735,0.05268324700806601,0.1497686761444954,0.6224859877112174,0.15555069466426033,0.549346592348515,0.08232796585172455,0.4384657712727855,1.0308190364237388
2025-02-12,0.15703601239279183,0.4303723320926204,0.3288832733895128,0.13828755969247464,0.12189544195475421,0.15056401507927306,0.4859112974560548,0.05374309557166586,0.14963687975343332,0.6000907741336352,0.15551740223837338,0.5469016439051787,0.0848445364071951,0.44058039900239443,0.9593543198789909
2025-02-13,0.15705137760728693,0.4228552638946329,0.3402630304697748,0.14602536493802054,0.06103110818740887,0.14943620974050922,0.48590570432954594,0.04532521379102546,0.17034209857724636,0.6002120616363176,0.15491709222292757,0.547081074271405,0.0831887255755208,0.46741728477230904,0.9424834096574812
2025-02-14,0.15798808153682437,0.42294034856539636,0.33599065489077007,0.10942394355912644,0.07693974990029884,0.15057837969484372,0.47909813970573345,0.025762479392993677,0.13918230198630854,0.5213347265429913,0.15579970803335563,0.545760462754848,0.08295560715588438,0.447238377740824,0.8814429158959327
2025-02-18,0.1606202146361624,0.4234480835050639,0.30518664492896364,0.12086659064994176,0.03460717656210899,0.15219291160388249,0.4792303364620049,0.016357863353959227,0.1541171166066735,0.5193788779824675,0.15647941714603017,0.5462411467010675,0.07850060407200096,0.46359619051449874,0.839472573887265
2025-02-19,0.16064405409399887,0.4218443287857714,0.2940925834397013,0.10725200879484387,0.024338875843601837,0.152378054706992,0.4716193871761026,0.011734045734502551,0.15010388576563005,0.6240150861370029,0.15656015063163123,0.5463120926765855,0.07776514747171476,0.45057068972410796,0.8526693453132526
2025-02-20,0.160333615328591,0.41390484629375623,0.28651763667844576,0.1051255021042512,-0.0017338159138134968,0.15223827822331792,0.4716815678059696,0.011353903805223718,0.16482781967841742,0.6658968999684476,0.15652535874032966,0.5465172841198828,0.07869197547897129,0.4492107201166784,0.880733912053915
2025-02-21,0.1583896671198532,0.4163567465271415,0.28781121299006884,0.0888577554526786,-0.029011969269160165,0.15187053659346603,0.47328820484077766,0.01265456290493939,0.15345853800361442,0.6185972929430015,0.15648879910571362,0.5469881019148738,0.07882801961413644,0.4517032297536847,0.854303008930112
2025-02-24,0.13886534067555217,0.4099491359913588,0.15840345283545493,0.1316402334053366,-0.018088973704495692,0.15050749692080695,0.4796212475730372,0.005775465536841083,0.1723373305451037,0.5463291827077399,0.15646616517971546,0.5493716327395369,0.07685113482125883,0.45920127169051517,0.7818579202354072
2025-02-25,0.14324189472056156,0.4137085581860049,0.18743083819676243,0.11349330273464875,-0.0353224669595299,0.15231392494487897,0.4797379430239781,0.018629697134470925,0.15687675339996954,0.5450912514482382,0.15715230817505443,0.5501424417294664,0.08377245121532616,0.42422181512261137,0.7491181246038938
2025-02-26,0.14289872993975433,0.41641359810008893,0.16198605300115357,0.11011788555104318,-0.12104211572159751,0.1523687329899768,0.48607733975441025,0.0140421477191642,0.16017422710065166,0.45497298849637624,0.15703669817671212,0.5481920486433385,0.08788621911489279,0.4373436963876822,0.5470159019353804
2025-02-27,0.14524858850255115,0.4150111999704611,0.14759388082187677,0.08991339945191834,-0.1308957260777992,0.15333616541371317,0.4834014692579231,0.019263789600732165,0.13872824157123897,0.5082530290389171,0.1575989182168533,0.5463991148911769,0.08687308600576807,0.41671148032455685,0.48381669313127773
2025-02-28,0.14982515739319585,0.41397513089820115,0.14479195183674548,0.07146887342486341,-0.11987962602802293,0.1549727645030822,0.4793138273140109,0.012561693564522677,0.12829750844279997,0.5639472963382974,0.15859792655204658,0.5390462235900271,0.09074951519660714,0.39447793023436484,0.34986469161800504
2025-03-03,0.15383005285534446,0.4163686700787,0.1644910913585629,0.08740964948033847,-0.10350279376026461,0.1569569511629951,0.4739466466254084,0.017383719465424132,0.1454574776273485,0.5094067610189237,0.15944093109367324,0.538901052518584,0.09515780194230825,0.41193369669456215,0.4063389900136498
2025-03-04,0.15417642993365213,0.4128274280117808,0.16751944695600068,0.09132357482382947,-0.11690298307944003,0.1571062419828941,0.4740391450730635,0.018296105875328237,0.1484408735416689,0.5129947208544205,0.15846058535491078,0.5387076604136667,0.09247522959635474,0.3936155774700001,0.3968819882786181
2025-03-05,0.15216950495418502,0.41877206163469854,0.1514386636240125,0.10481804406146611,-0.06180543687520579,0.15709547535022525,0.47653139466387867,0.018508718439313978,0.15088110147527067,0.5803723361788644,0.1579082992798873,0.5325836498036552,0.08009562327205472,0.37609929586965474,0.3262551346038829
2025-03-06,0.15210359535880286,0.41256058881834534,0.1481356799736316,0.10039103255985382,-0.09966887026283511,0.15581148908922457,0.4765874458769978,0.01506689492284424,0.1340773412797438,0.547675063665471,0.15779511697422902,0.5280380302656058,0.08604741852574746,0.3663570806711576,0.410031906360498
2025-03-07,0.15159487948175565,0.415914666470361,0.17410857779872654,0.08500262293454641,-0.10971721832405446,0.1552330483056743,0.47691156929727874,0.009598185880459366,0.11621410049369518,0.43207543434251994,0.15776225879615008,0.5282691566749591,0.08589192811487022,0.35024565081373726,0.3121595013561753
2025-03-10,0.15048768463093662,0.46135190979355806,0.1988616292793935,0.06658328667682212,-0.18767363896026068,0.15545759459567865,0.4956568188530366,0.024078186498272338,0.11134961511517605,0.3495208052046008,0.1578722746334036,0.5376207044448175,0.09145373301094026,0.3390910621323897,0.17342445457646272
2025-03-11,0.14866441290690108,0.465355680433732,0.18287125562044512,0.05956395475759879,-0.18098519028508386,0.15537988288192234,0.4988777500159709,0.039533543977595446,0.12671656086046168,0.3739714512339072,0.15778317627265911,0.5398762424712079,0.09312273767236622,0.33649046092141166,0.21320786528935054
2025-03-12,0.14453615237190007,0.46588871224079464,0.18493343868469986,0.08762093269399363,-0.16313625765920736,0.15578195197623007,0.4982056410694427,0.04040707257662508,0.13399520437404822,0.35803397194252495,0.15796966024690062,0.537265636836552,0.0941790065941692,0.3464314709589107,0.16081288061127386
2025-03-13,0.14423224439560506,0.4683159476248815,0.17549793021494406,0.1179086606782036,-0.20099254742416917,0.1569181031498303,0.5000223836065288,0.024490595054652325,0.14407555155740503,0.28799037930007976,0.1581460453726342,0.5381845477456412,0.0872984211074797,0.3809611347438393,0.13409682713078985
2025-03-14,0.14401415627587538,0.46478285481469617,0.19294576553447945,0.12400752721207708,-0.20806069701566632,0.15614257295776257,0.5023078743949209,0.025923134636671227,0.1341169046304307,0.32877269168436296,0.1580630267474664,0.5388672203905328,0.0866488812270767,0.37614638227329134,0.14894745821560273
2025-03-17,0.14364628448076594,0.4647932037042906,0.1949027408386786,0.1292637481804102,-0.2078838233219099,0.15613313581120045,0.5023103226908248,0.02591352640455675,0.1333082366281806,0.32758490414977204,0.15788949138634245,0.5383329195515324,0.08473964157647325,0.3868973922289489,0.17758681589764147
2025-03-18,0.14450020794548882,0.4511075650540167,0.17206368142013426,0.14604454561071845,-0.17315846222315312,0.15642030995822373,0.5026754845423181,0.017800373271594373,0.1358984119641855,0.2864069577962973,0.15816346245784854,0.5378172506081981,0.08124175716213244,0.40680085534495536,0.19184441858179735
2025-03-19,0.1387878247851992,0.4609114222999012,0.13704203624287908,0.1660595212219127,-0.10910475507262551,0.15640355990589186,0.5063085401107856,0.017535858845557507,0.13278951334743483,0.37551316468750207,0.15816818073112177,0.5392319268066949,0.0803184299750959,0.40516558820878235,0.2858036228548426
2025-03-20,0.13672807550741187,0.4647381328076232,0.1372429681854337,0.15073151731578993,-0.1390067530270508,0.15635198401212622,0.5068961308161454,0.015506789597957264,0.129466829614314,0.29128381111233415,0.1581304613676161,0.5329337805028285,0.07781976363847964,0.4093624659187127,0.359447988507015
2025-03-21,0.13700941398758731,0.4606794280718342,0.12011559172043255,0.14960808099724354,-0.11240281327169444,0.15600842171045398,0.5068135686803685,0.018477517828247327,0.13241624817518916,0.27743416767552964,0.1583705897865443,0.5249981090075545,0.07996238422579713,0.39814895989992793,0.2375010784601319
2025-03-24,0.13728115614920525,0.4602909338121259,0.10652527124168583,0.14422314462388508,-0.11327140407298486,0.1559420448542433,0.5063929619517308,0.010808672449258304,0.13394006482386334,0.3816454268942595,0.1581110633436552,0.5251432103319758,0.08287163960013988,0.38032689387788676,0.33603689320805374
2025-03-25,0.13695321022126947,0.4566833735915376,0.11676531500365922,0.14017107415071428,-0.08689146298438677,0.15522527523660565,0.5025308342860807,0.023041668653773453,0.124744395578406,0.43780416345570905,0.15761393616819286,0.5244114218680972,0.07894449543736388,0.4008795844184001,0.37148638148119906
2025-03-26,0.13537894145319776,0.45564592884732225,0.10806495175857772,0.1484099366045093,-0.07714105464302945,0.15473995908723312,0.5026377467024061,0.022154726019780923,0.13214970044602214,0.43323257522407,0.15750878633398635,0.5164036788461157,0.07340568994427621,0.38876131943632575,0.24217206820798975
2025-03-27,0.13608053808335516,0.4546626419722785,0.1027552499377484,0.1691684373489899,-0.05900172629689637,0.15561378743780063,0.5026360324772882,0.022145198237531805,0.14250524626246008,0.434791953174428,0.15791442928081384,0.5164086567126046,0.0735329504261521,0.40593425897902136,0.24560361661061014
2025-03-28,0.13600409143402212,0.4588732018834845,0.0854661810460805,0.1686861037485783,-0.09714365941189673,0.1557596018981527,0.5045964490857353,0.01788201073949996,0.15694577686052225,0.35905554904522363,0.15799488673612452,0.5174453844481195,0.07096832852932926,0.40897464731343525,0.21449472255329516
2025-03-31,0.13631009676700886,0.45369404872626984,0.05293022070033965,0.17002624534586874,-0.147986617769434,0.1564712727594698,0.5058111855220433,0.011055448524896618,0.17134285402405158,0.3263712071832663,0.1579634947139039,0.5176242279262678,0.06577905551772481,0.40831612986334864,0.16685233951096867
2025-04-01,0.13562440281889265,0.4579756059616607,0.07193004948758842,0.1850680144139245,-0.13187847091409888,0.15557946275048926,0.5075030472564288,0.014264327297731349,0.19374672405586346,0.3707785796663656,0.15722310519503627,0.5182939816670592,0.07142953808687533,0.39382387306028965,0.22190167425569207
2025-04-02,0.13531184518835837,0.4534166999234317,0.08254961194390302,0.19596587896253448,-0.19193517217785572,0.155565372616493,0.5083825471556129,0.005917574281885648,0.20571209107839605,0.36155248514122484,0.15701301146629013,0.5153840408866565,0.07743729517588059,0.38758869463516143,0.26034417773215046
2025-04-03,0.139538480430356,0.4426071329908077,0.08305539783778013,0.17119384165463702,-0.142586561810772,0.15713402673169763,0.5083071685008,0.004588430724000631,0.1827756956083615,0.3787394026495443,0.15721364074282532,0.5153750706622313,0.07491368252655865,0.34846650158611947,0.2594999209050357
2025-04-04,0.1530402268472294,0.4417759060368189,0.05461131648069576,0.13583296410153212,-0.11783778994015082,0.16174834135702992,0.5061427986919048,-0.011076590960342298,0.13417772557783936,0.3426805037400682,0.15985871629366252,0.5141213712103944,0.07276843152414213,0.3148797497698681,0.22383914394263837
2025-04-07,0.15959726415880676,0.4528255715301493,0.13037699021278437,0.10509887159816511,-0.14325394153737891,0.16460047952965243,0.5071876362488612,0.02796703092076149,0.1155462142542718,0.19969696840654816,0.16062784908786754,0.5172027278430427,0.08881292283885958,0.2678435326464961,0.1680143237219187
2025-04-08,0.1590868527144729,0.4552212064483429,0.110432204472757,0.1013627812787754,-0.19460630636442477,0.16463355080091735,0.510033242488478,0.02178072244606084,0.11620443472179276,0.1376893049064365,0.16068805783081397,0.5158147796426463,0.08592224971393894,0.2718842837821658,0.06478438759909588
2025-04-09,0.16583237951168145,0.48596818900731126,0.2196991436121273,0.1496303255712541,-0.12635431222136662,0.16965199445296017,0.5224140844968114,0.07291844706133935,0.14420534554837539,0.22127840222369377,0.16314158077120505,0.5205992222669446,0.11196331889185462,0.30350492280695285,0.19431774344126018
2025-04-10,0.1761635017013875,0.4884295718500054,0.15914248905151857,0.18461765729312085,-0.1751496678875767,0.17508915301713163,0.5252699962330455,0.04450358687541743,0.17359187442289725,0.18139962089577555,0.1657791980551926,0.5215229957060661,0.09867034316125987,0.35304894061219416,0.12804262505659758
2025-04-11,0.17879945389502294,0.49088611344592137,0.17771116531555406,0.19383326196320994,-0.17013822842962223,0.17709272702572137,0.5289442702084223,0.06137407581582836,0.18849820426968789,0.21903408523220702,0.16669971307163264,0.5234736846413174,0.10896719444864485,0.36747172606200773,0.19046689261686
2025-04-14,0.17862124753143116,0.49197704990038443,0.17276599024711217,0.17281622863824952,-0.1525159129020197,0.17736983481487192,0.5286260178299891,0.06015986515879759,0.17795471315592537,0.25493671928318085,0.16684119592802196,0.5218908173385266,0.10787930481187223,0.35895704313949417,0.25814866543945625
2025-04-15,0.17850774757439047,0.48153117815051677,0.18461183254020938,0.1788845490255282,-0.1990488321078958,0.17719058043393024,0.5289181513641575,0.059630270205413706,0.17414299768553576,0.2420909367149684,0.16685174824553603,0.5186869610967604,0.10984309448575345,0.35979853224664016,0.3191548249657725
2025-04-16,0.18843062572848912,0.4800863919753064,0.1858741414045479,0.21281529485475614,-0.2083200789712195,0.18180371963190112,0.5284320849056369,0.055460834860183356,0.2260570169545959,0.2649569503491618,0.16946012946323055,0.5186733504200085,0.10878959638593923,0.38981636119346086,0.31690038288212374
2025-04-17,0.1892397198062482,0.4791267089834135,0.18094051841918868,0.2011981737515809,-0.18096251520528273,0.18191786462669646,0.5274347775440208,0.051365316924377936,0.2108116048554205,0.24551696550506819,0.16933142905029103,0.5170638397778446,0.10401936750028885,0.39356893252154546,0.38544931280902883
2025-04-21,0.19605478289912587,0.48394974815934516,0.2127096579756665,0.23880652760510657,-0.1581496579744851,0.1861094209905453,0.5278384523202188,0.06687800908382048,0.243483601028887,0.31326134386310156,0.17151120125451516,0.5167291038240197,0.11075305649932267,0.42839868591664576,0.3779737275946984
2025-04-22,0.19632878105540874,0.5033923650508804,0.1881568173172892,0.2304868913989282,-0.1085446452807931,0.18617019701228305,0.5316705505551725,0.06290402549943157,0.2407562043293816,0.3366455104399295,0.17146153475914144,0.5206906227430331,0.10747065623993414,0.4166044548734795,0.463606909319495
2025-04-23,0.21026028282836026,0.5008732821134182,0.1512871222725466,0.20292879605965575,-0.08217032171484973,0.19429538526279125,0.5289106765890181,0.05445464517228181,0.18445938009650265,0.28848288228591024,0.17325632456400267,0.5187878330354666,0.12089897649661963,0.4038954290638441,0.40189051764050987
2025-04-24,0.21148571987324538,0.5007823148970034,0.15438025743938666,0.2099729350158066,-0.07291521867565176,0.19534070065094708,0.5288015499845953,0.055167016718727986,0.19558698917379758,0.2986507529973925,0.17387948207432233,0.5187301836850718,0.12040811927360401,0.42974252082872155,0.41466125639710705
2025-04-25,0.2147373281517449,0.4986099391708748,0.14790456294269136,0.19084404801684962,-0.08661940991310024,0.1946529872913744,0.5267987425783999,0.040232998250629176,0.19972350917087978,0.3490030201799279,0.1746379862316145,0.5176505887221572,0.11776904494089135,0.4105371365427275,0.4736320871502835
2025-04-28,0.21356311009424495,0.49812483715990086,0.14348501944176098,0.1858660825971914,-0.09315440210548698,0.19559245885581214,0.5264569253996505,0.03967958890386015,0.21769969832309854,0.3669455289756094,0.17515646501689275,0.5176493308953203,0.1175905796740337,0.4291141733924726,0.47295650771109576
2025-04-29,0.21363043050813355,0.4963773167908443,0.14005115784670893,0.18528003472222165,-0.07929527382956947,0.19573754889762815,0.5251887162035829,0.039437939022747386,0.21389562192429334,0.3903951129238856,0.17524609919886586,0.5175650412492636,0.11818785600884121,0.4202454699233842,0.4788536642959085
2025-04-30,0.21241314308897322,0.4960668408108114,0.14531150203865087,0.1617024200093624,-0.07098347644441383,0.19592847639906166,0.5244121967928763,0.040014223332484736,0.20707719263758384,0.3582454834544275,0.17531293289673067,0.5175704508687587,0.11829890635737228,0.40777035517454907,0.47565254002444
2025-05-01,0.22218390416386413,0.49349168561761186,0.11488168434343136,0.12045340303993202,-0.014094806560208117,0.19675818482603044,0.5108090950780904,0.07753520230806615,0.2039755977969584,0.2756942354326186,0.17628742589124913,0.5153027393472362,0.09592313646648613,0.39919236085446586,0.5913149715889952
2025-05-02,0.22223099706826563,0.49286352464506805,0.11783214960068338,0.12108539537785057,0.0030494606638413746,0.1964134037421293,0.5108154295528533,0.07761793349995387,0.19864734655200555,0.2767307799587104,0.1763506240443026,0.5135852366287051,0.09735864323267711,0.403418454707104,0.6635776224370811
2025-05-05,0.22622461976644698,0.4950380302219702,0.09647230421948667,0.15489974805148665,-0.01910321158090278,0.19893626252791669,0.5119676745098588,0.06581534309043553,0.2328558663463256,0.23780083347103242,0.17779651769899,0.5140102611389412,0.09066558965252412,0.43847415498446685,0.6025465526669938
2025-05-06,0.23308408445689102,0.49704335031866004,0.11491451202352371,0.18534420732506507,0.0028322098188828804,0.1979300313456465,0.4666362151950529,0.1893845558997511,0.3075601148618379,0.09132871050107605,0.18003292456152953,0.5108663006549067,0.09743073322729347,0.48263012390194127,0.5392388152944547
2025-05-07,0.23267827673376998,0.49668970535525103,0.1095042994950589,0.15590922001959884,-0.004158913637556716,0.19837906320903181,0.46644927606857084,0.18723131082104635,0.30142341203916834,0.10319395108197016,0.1801575980340269,0.5108600405719241,0.09705384687282585,0.45500170443923804,0.5362464507934352
2025-05-08,0.23962428678752365,0.5112947729704004,0.04185366888599802,0.12732724882679114,0.07826874595442468,0.2019563132275372,0.47302688150494454,0.14991574033460203,0.2781751401507817,0.13972968681663733,0.18213705292623789,0.5141850847050394,0.0771828888856532,0.42242495028583527,0.6562407156965426
2025-05-09,0.2402931677694733,0.5094993076980664,0.04320974040852993,0.14180354961318176,0.05194817944049901,0.20212496755315829,0.46969046072378384,0.14367085249025627,0.2997007761373942,0.18017586768689786,0.18239898153938955,0.5137916700485683,0.07613718571010818,0.43995174167413764,0.6828618383945497
2025-05-12,0.252152307297069,0.5087126722346649,0.0460723391800843,0.09594625756298036,0.0640533867837223,0.20925441655500343,0.46578867118902806,0.14498385950861262,0.25598220977607244,0.12899374414969866,0.1859531323064882,0.5130387519007208,0.07428436324243423,0.3793103160495912,0.6306584745851966
2025-05-13,0.2498595120695875,0.5090493379360153,0.05284302580177795,0.11966080721862382,0.06831006250386529,0.20815693278367625,0.4660103524106661,0.14908843875178457,0.2421785081930805,0.15050557152888544,0.18552727534887878,0.511707005102285,0.08069655866913109,0.3674947574013139,0.713522840237691
2025-05-14,0.25139858533799314,0.5073075135706995,0.06840996295822468,0.08114616779522721,0.08373356844539659,0.21011681002965316,0.46533625406790274,0.1491946344455904,0.21182061909088623,0.12123852739487107,0.18598668375122387,0.510763814469825,0.0873508646389089,0.3607768027435432,0.6460576878352176
2025-05-15,0.25204737077170153,0.5068762073111192,0.07051842108931285,0.09894076848125599,0.07356533782917407,0.2104586463848433,0.46438102055266905,0.14674291643273002,0.2168043734474201,0.09969471129659291,0.186200391405045,0.5102115356147527,0.08883148707138849,0.367261422593274,0.6854579980065381
2025-05-16,0.2533892174511202,0.5057923015998027,0.06894630676380267,0.0781772761006474,0.052426981910491444,0.2111621444817456,0.4602456727189928,0.14184267632940809,0.19152120360812197,0.050602267261128375,0.18619598010292013,0.5051209849432485,0.07997378592175092,0.33082804339869987,0.5616901386532467
2025-05-19,0.25477134326731415,0.5049054403185345,0.07505766534416623,0.09491400970560693,0.09862760858805153,0.211235109810573,0.46109747992160194,0.1458870642528332,0.1922056110217396,0.06675425816944403,0.18659878483575637,0.5051500502299349,0.08143841323958631,0.3554810312303487,0.6189424876574057
2025-05-20,0.2563984626260073,0.49356163641001627,0.08372340796121659,0.10846387411597735,0.16816037498015146,0.20533433959010514,0.45236420063211696,0.10400369612106887,0.25438231722598825,0.1470295526745018,0.1867697758854041,0.5045817997375529,0.07958759866561685,0.3587326178311325,0.5926636792408873
2025-05-21,0.25437010230733187,0.4913035325619387,0.07121065148053962,0.1352267865454999,0.23600191226978118,0.20557166970149945,0.45345079538579636,0.10731773361669711,0.26406742390339066,0.19234327556171626,0.18677258392763374,0.5013973252323988,0.07715926918312574,0.35882714783678327,0.5350713568801864
2025-05-22,0.25482516003892786,0.47892116412498903,0.07304206131529342,0.12434310045753971,0.32397418069824546,0.20572354585363492,0.4501689553573811,0.1003197833351786,0.24815338531382802,0.16371754470576128,0.18678743702057146,0.5012491690991201,0.07459556215469124,0.3582588452295876,0.5922270357503581
2025-05-23,0.2561805866163046,0.4876211886807687,0.0424492673752,0.1622639463829778,0.2666168056659657,0.20753632514039946,0.4536353449360781,0.07931687612782913,0.26676704886267344,0.10082207922597641,0.187256013574596,0.5027335577246016,0.06265822572000065,0.4065778704455856,0.5521436800401103
2025-05-27,0.25724652363634104,0.48793682120286197,0.028279715002716633,0.15864486654160137,0.29181883461137303,0.20987444280788511,0.4534393144134894,0.07084701534334872,0.24145190985283072,0.13695607582220548,0.1867717953132926,0.5025597442861848,0.054585125507770685,0.41211705087060313,0.6045244016550242
2025-05-28,0.2552407914538395,0.4878229402872272,0.02183921673939719,0.13574154335648192,0.25255895616047597,0.20991900558752596,0.4537760232568343,0.071684829673406,0.23501631356153063,0.12291560484842612,0.18677944676161973,0.5026766797839777,0.05517337851944804,0.4113942610168104,0.5731571717483108
2025-05-29,0.2552420229518556,0.4898546603079382,0.01648238705119885,0.13575977084921287,0.21117976260521965,0.21003316749070203,0.4530220215110639,0.06863515663134993,0.2394814132642562,0.06958923531122152,0.18668366939049832,0.5031340236861574,0.05433131712437823,0.40763848829036475,0.5468170822048604
2025-05-30,0.2561753394038693,0.4858194782816301,0.023471739748442105,0.12402594065063144,0.1475886341645407,0.20981633189892987,0.4524190561141643,0.06630723415036431,0.24184414122398046,0.07666141727698084,0.1867802856037106,0.5032852489550129,0.05509195960448555,0.4047924017329234,0.5389390931510225
2025-06-02,0.2636270948937058,0.486441653897896,0.03763966425841148,0.16080087398770448,0.1769619736726571,0.21442611431444553,0.45052557823380923,0.07509692559014769,0.27733487232371057,0.05965550341438686,0.18934204623886403,0.5034508002807725,0.05969358671565533,0.4499979054903027,0.5487682783551815
2025-06-03,0.2638300866473365,0.47980318815995743,0.031201943434971013,0.15888266857146838,0.21546254537712062,0.21443231068763227,0.4490150750984325,0.08062557575425859,0.2573907350734297,0.08210537592126821,0.18921980355665213,0.5032737671094449,0.058673587999247115,0.45382936830331455,0.5621612054588889
2025-06-04,0.26348841003803636,0.43008868691665847,0.0035730985345910024,0.17238051516250263,0.3336217640579635,0.2140264675278106,0.4489727390061644,0.08193612023357084,0.25044146309788773,0.08333611460060353,0.18839569237655213,0.5030364710586095,0.05510136864818459,0.4346852999277755,0.5221614322769172
2025-06-05,0.2640504727517006,0.4238151942621186,0.007196825736943244,0.15550008918417335,0.22584169521635178,0.21367883062150955,0.44642250066849637,0.07640847293818895,0.2243262442187408,0.003982502748230754,0.1882841513004336,0.503505381887766,0.060691055061380665,0.4378036287240148,0.43941007945155475
2025-06-06,0.2646351393647134,0.4264277676101254,-0.004227038875845025,0.13567260832207295,0.24686337711084239,0.21239629023495374,0.4478571262894539,0.06561884422157967,0.23518130149827332,0.0434547519566586,0.1882505368142239,0.5041375616273895,0.05728152349770077,0.40879818886813024,0.46857346530527244
2025-06-09,0.2632753892646245,0.4324892101955712,0.014513628093863981,0.12155245130225945,0.3605351804233743,0.21137639418548992,0.4543956776581361,0.07003978150275958,0.2537931987156652,0.08707774864987883,0.18818427577534624,0.5069273701573228,0.05795345415720151,0.40319546588086075,0.5587693913944463
2025-06-10,0.26348604235290773,0.4280526393035536,0.01406230092133742,0.1140581098760498,0.3130691209424592,0.21143565566307945,0.4499559617918116,0.07473656738717381,0.2522097012523392,0.03987104440942302,0.18593624550053303,0.5064525726236846,0.05193791326922708,0.4380214633736532,0.5900363807368987
2025-06-11,0.263509269260146,0.4297552708332929,0.015191585930594637,0.11230492749687104,0.29272359503453527,0.21133216581039596,0.45045646334605177,0.07535939809075502,0.2560856315446558,0.023987271600311777,0.18594025910628234,0.5067107698094818,0.05214670383020825,0.4369144611825815,0.5635600363784641
2025-06-12,0.2647183856601082,0.4321081716245407,0.005026312645218629,0.11891602463469364,0.2805969001795232,0.21238179260829812,0.4436726989584889,0.06007753324680995,0.2823276070290188,0.05885071021670041,0.18661679796671884,0.5063370297081384,0.046755703814161914,0.4623913691790964,0.5732342054881925
2025-06-13,0.2659906569820458,0.4219787657472177,0.007251580338931693,0.13534134692381827,0.22148308664814786,0.2112839702262721,0.4420063026556758,0.049269747538545274,0.32387558741742906,0.08821347365404719,0.18678627004667908,0.5062027994306069,0.04538928722046894,0.4662816278377513,0.5546471659802241
2025-06-16,0.26720292045445987,0.41575063439099325,0.004336589601242351,0.12270845456612656,0.26886440038758486,0.21137211749779952,0.4420804426890918,0.04702192127627609,0.29193600342614445,0.09248368005809104,0.18636153926708868,0.5056635698595021,0.040548821262005263,0.4742450598913359,0.5997980764718354
2025-06-17,0.2667043546949378,0.418700663654365,0.007138319668994437,0.1275898631296577,0.2446106845109035,0.2111403632926136,0.4406317916721323,0.04341031237168233,0.2962864187044303,0.10471294214386861,0.18604084747775676,0.5060016985995233,0.04333856887399028,0.4503000130743193,0.5845990612373404
2025-06-18,0.2666022033061804,0.4116758289756341,0.012974164985721908,0.1301565152173363,0.19868148363627025,0.21115467891407455,0.4366618603513041,0.04313886897783703,0.2931512417591522,0.06290514894850152,0.1857696521878798,0.505973364917069,0.043977026752872066,0.46333194403445277,0.5774230685445398
2025-06-20,0.26717027890609596,0.4133028415520993,0.019034124345988734,0.11890679151330685,0.18106310808727466,0.21141334193547903,0.4350446829930317,0.049768190479130746,0.2757451583542563,0.07843880674868475,0.18584292083657095,0.5057634566727359,0.046911430392104936,0.4426264826167976,0.5859444012786965
2025-06-23,0.267102550326438,0.4146373371358563,0.01846621368081404,0.12324234904879905,0.21492175937151115,0.21087320880217056,0.43532531381299705,0.04587700832202417,0.2899426748626315,0.12120141354482827,0.18567749613054316,0.5061094670307852,0.047763534943138154,0.4330941325453743,0.6285664325720148
2025-06-24,0.2692778255834381,0.4146443120388081,0.017465558094475572,0.08915383938051269,0.21643907530548678,0.21265099368447807,0.43462200033666143,0.041090815048224906,0.2734042924211668,0.1446670699274628,0.1858855914121001,0.5059391915348479,0.04472145648012209,0.43012181373280245,0.6544761484309429
2025-06-25,0.2689129915880219,0.40809242393729855,0.028084608111186935,0.08313627009760327,0.2727593433225255,0.21242899082514619,0.43479684990379325,0.040188245732554854,0.2658463073291357,0.14911884316149293,0.1858420737657169,0.5020170699853019,0.048123924991252044,0.42599395875851775,0.7811191717876291
2025-06-26,0.2680453118484284,0.40492720525897635,0.03892952046755284,0.07211475203363804,0.29571662104503993,0.21205941027463102,0.43179822905493104,0.033541930070210446,0.2544023979018346,0.10396790070894513,0.1857004140104072,0.5015333317448524,0.049982993758961536,0.436416650876291,0.7306143829713414
2025-06-27,0.2706235165939178,0.4010555211689481,0.0341877601216926,0.04500956696002811,0.25736140589308665,0.21379824566525205,0.4314604529717351,0.0350434562494252,0.2384074125608755,0.09154250629750504,0.18652058320295214,0.5011948469046998,0.04823082645569827,0.421234725511183,0.7609962224959919
2025-06-30,0.27059695254151084,0.3941263794105988,0.04220482157084659,0.04469079722764535,0.29883509179762124,0.21378527645247553,0.42769061898921734,0.039483297926904116,0.24941454755043146,0.04954295482280413,0.18637750611469694,0.5010824037876577,0.04718613162243895,0.41560378880823046,0.7390744646334027
2025-07-01,0.2698744994718578,0.3957601909330308,0.035846316297879495,0.07306919346000096,0.2718975230423304,0.21424028591917102,0.4213391181345633,0.04245716427865713,0.2567720310496613,0.09054202825608759,0.18671779138703537,0.5007865684298355,0.04520072922285918,0.43178317191209903,0.7522884893784496
2025-07-02,0.26293175566037924,0.3990779260596021,0.043682680452963314,0.10683931582712525,0.2983585456103397,0.21424314395394514,0.42232837869267587,0.04339929859830531,0.2571845808800357,0.14536284404570887,0.18671595814499956,0.5000132213895807,0.04644081619532252,0.4364445215484445,0.7319950700141362
2025-07-03,0.2592126091985599,0.3783857812436368,-0.0138477430169802,0.12419282773718421,0.3838267392339838,0.21435268194332527,0.42036544607906345,0.045980121114425135,0.24234422539111278,0.1855881044338974,0.18678907606028844,0.49980015156441926,0.04546891635900666,0.4326305143777598,0.7676884834894537
2025-07-04,0.2591084096566174,0.3698555745114699,-0.006290840359350237,0.1191559275788514,0.4164359441595178,0.21410044891023425,0.4197487998638594,0.04257226098084933,0.23259668508287157,0.1407885768648276,0.18626848920588332,0.49902283417886323,0.0506333688027962,0.41238293995442477,0.7953680360392825
2025-07-07,0.25273418123067903,0.33658763997431546,-0.1102223388467238,0.08553619368627596,0.3115497982584916,0.2129826721303239,0.41972953420729775,0.041593323023218394,0.24796532776693336,0.14582982555546775,0.18598570410731438,0.49506822436641973,0.05829915289951021,0.39416946110972884,0.9113186053796705
2025-07-08,0.24552143441629928,0.32563433287374877,-0.05103048979548462,0.04387093700826217,0.3682726876165212,0.21343810684037737,0.4187753466326268,0.040685608117819266,0.2365879439151024,0.1286201808008458,0.1855440442744461,0.49507660716901536,0.05778420879951537,0.4033847693436625,0.9213488370651179
2025-07-09,0.24189819177464253,0.31608152905000053,-0.09971808737338407,0.023546785441736606,0.33477337897916737,0.2127904018788955,0.4159231154408096,0.030082801362968523,0.22194419763586604,0.1076774009246313,0.18554335467942068,0.49503050484788025,0.0576536345706728,0.4025086097232691,0.9191180659434413
2025-07-10,0.24157741717331138,0.32422977181946827,-0.09261309316489547,0.030809255444127492,0.37194136891015894,0.2122434653607323,0.41978494807648803,0.03180413257412725,0.20894982341538348,0.16269847858277964,0.18550760545653752,0.4964648154742426,0.057819919070161686,0.39752910846350153,1.008697423413849
2025-07-11,0.24249585304281812,0.32295653346581893,-0.08481063551979146,0.03814347036822574,0.4045465245254458,0.21269437603410907,0.41501960959766876,0.037547904576905974,0.22385129688884242,0.12497317917745177,0.1850694136166939,0.4964765274936899,0.060822138577696215,0.3889921696369625,1.0493010427989908
2025-07-14,0.2334238836156554,0.3242118235973407,-0.0865907363847162,0.003795181593093444,0.42620716071040854,0.2127197639745611,0.4153338735539498,0.035346726447801104,0.21741814913761104,0.1290995723618975,0.18508130522403565,0.49671529006732107,0.06041568218060936,0.3876565313392466,1.0699621913333983
2025-07-15,0.2335685195744299,0.32758403741378694,-0.07556615730404109,0.00249370540549676,0.38731547221150375,0.2130265633540182,0.4146353122100313,0.04059486525582778,0.20419360813053777,0.13626337497690577,0.18524158185730133,0.48450872214608265,0.061063011730480114,0.37374946903005135,0.8155836427806264
2025-07-16,0.22627703411449454,0.32348467312145346,-0.12019052460309676,-0.01932675976649656,0.3567183697808154,0.2130874614375534,0.41475301244498725,0.041600102980755276,0.21486441144891488,0.14215382363227858,0.18474000627261533,0.4845417211058734,0.0613927004763594,0.36117190663456267,0.8240201093677884
2025-07-17,0.22639331039874622,0.297988939712164,-0.12510322230637694,-0.02167042628293725,0.2766206136467495,0.21319043273634158,0.41465487503848986,0.0405197434693766,0.20382171592674703,0.13805028198031488,0.1847641629866863,0.4842269364329791,0.060419318370771614,0.3599334044612039,0.8604505516524459
2025-07-18,0.2130097512259863,0.2995444709329959,-0.1391546477698273,0.019489374721052943,0.25938471933848106,0.2118914377699385,0.4130806557765473,0.029401797575404433,0.22637312612880733,0.15590067178767253,0.18476407187275481,0.48438707352449734,0.05986442945064569,0.36716340267878755,0.8445478487040738
2025-07-21,0.21235003615730175,0.30005787704728143,-0.14607628501555608,0.017260886042485657,0.25010424284599697,0.2122807212936183,0.41298162593195414,0.0293892634224437,0.2308581399616063,0.1589526186115211,0.18352527084456394,0.48281670256283343,0.07058738282661764,0.41986568450043027,0.7604446708592427
2025-07-22,0.21098142562895017,0.30214211736233426,-0.1290865490202898,0.04405167751941663,0.26683678889469586,0.21269054411073898,0.4128088421320885,0.03430830403204605,0.24330272599600478,0.15710413378443078,0.18374172838244576,0.48308202813706924,0.07292657801998291,0.43805070421730785,0.7754674882833148
2025-07-23,0.21086852317640034,0.3035601441044201,-0.11423995589140722,0.014905800164948024,0.25033189989866234,0.21233602660826226,0.4129520180797027,0.03489687912835812,0.20354236544677495,0.13385797933018506,0.1843055520944369,0.48248389810625886,0.07610471074837447,0.4113737501522483,0.8012915906186002
2025-07-24,0.21121408430942995,0.30304116354372695,-0.1140972332185802,0.011969012831443804,0.2554305013244025,0.21257109348818973,0.41156773272050834,0.03288864578747642,0.19946666666666601,0.1558807959478905,0.18448818495055253,0.4823950957013459,0.07683958678048296,0.3964896585618938,0.8106797943934663
2025-07-25,0.2123293823831024,0.30359137613402476,-0.10711240460146408,0.004971226993620181,0.24869163221803836,0.2123516174241083,0.41139651460807847,0.03905482371905894,0.16747750643826653,0.16005515915615276,0.18286788302970375,0.48245551544157256,0.07994075261311233,0.4172934343132533,0.7883983402785315
2025-07-28,0.2038085597552909,0.30064522634734003,-0.06948743075131607,0.02724847934908281,0.22211236174116422,0.21260989931946728,0.40788699610849166,0.04387706359575795,0.1509840544542751,0.2048869244075835,0.18280308957046254,0.4815373893575986,0.07662233057787989,0.3901721965560656,0.7364290263235607
2025-07-29,0.20356941201702164,0.30071653600331444,-0.07086366975674187,0.024882049134195006,0.21682037849362445,0.2125417293057892,0.407345687872856,0.045532900120750466,0.14898029726927065,0.2205310243728016,0.1828067459523663,0.4811882371406225,0.07604180309656385,0.397930831752735,0.764775517777551
2025-07-30,0.19828069225322947,0.29600020082742323,-0.02595200097933265,-0.007976401773025832,0.24362645638090719,0.21277692341126578,0.4073517753583696,0.045742325044663544,0.14568780365346168,0.21986919705705454,0.1827917478236372,0.48105807201145023,0.07774228803179821,0.37039503069776325,0.7798999968136804
2025-07-31,0.18820999605105823,0.2968228010321516,-0.06849958158211737,-0.037863765282060924,0.1958186116267504,0.21275954225689367,0.4083091576921942,0.046682275495800986,0.14046261248045822,0.19920542084020276,0.18264138700199348,0.4807455389711153,0.08064241276679467,0.357181104954406,0.7913888373046707
2025-08-01,0.19877643748122925,0.30096133727989693,-0.1194907917455461,0.002329121351404728,0.16785917900905645,0.2163117777387991,0.40947540052529396,0.02629919269790882,0.15860147286423176,0.16300215354272996,0.1840135718421686,0.4812370209685776,0.06962831613169944,0.37044501044496214,0.7338497637991046
2025-08-04,0.19201671977314816,0.2757293841043632,-0.001749835314339211,0.03641860324977242,0.11458983404120815,0.21650330869289963,0.40905505131551345,0.0276337405281824,0.16838293263447146,0.20182738260516397,0.1840402752690132,0.47704810095679745,0.06697717270762617,0.38731874427223656,0.8736751345560612
2025-08-05,0.1907292489326397,0.27633584631265884,0.0005998954145220366,0.027123191139913905,0.10848306662026408,0.21647512987814904,0.4081817277299495,0.02875395800681687,0.17277290553357227,0.1660667438718082,0.1836722185289308,0.45860216483020944,0.05138206589186078,0.40513012943528337,1.1140649204268618
2025-08-06,0.17559775775607875,0.27652315439418945,-0.010484341069593011,0.0636307008499839,0.11880844294151127,0.21639497299723437,0.4077531406044468,0.03004657721290454,0.16568208602562984,0.19047191287413834,0.1835610431079174,0.4573436595861957,0.054159781119448164,0.41199200709569794,1.0528134789053967
2025-08-07,0.17557111331644623,0.2784286335257066,-0.007172356520909126,0.06339672986273936,0.1279361613279264,0.21513385871716076,0.4086127861679988,0.0353681157701714,0.19064364095175979,0.20498555100860716,0.18361376205779287,0.45722438699446966,0.054881878036471564,0.4198734130206301,1.1352411402545424
2025-08-08,0.17189533486572997,0.2785369121128973,-0.029137491190443666,0.095034970159527,0.12699813514554426,0.21444766256794104,0.4075433444553282,0.04168189597679057,0.1838928615897335,0.22136571063258814,0.1835122379915146,0.44338303259077305,0.03999330725908266,0.4173263425578415,0.8909166753967854
2025-08-11,0.17892687828951706,0.2803103583544667,-0.061833312806879245,0.05519737436473582,0.1444585917615937,0.21771317912573376,0.40793529130649486,0.032465076991167616,0.15959941348378637,0.22865107469603618,0.18539445069231525,0.4433352463157879,0.035367286102361305,0.37652627379245707,0.9502500720389933
2025-08-12,0.1768979924481105,0.28084825168679156,-0.07015513564260999,0.06645332959115047,0.16121105226091847,0.21760135767889244,0.40757236518150336,0.02969942764519766,0.14982574598705267,0.22208984309206437,0.1850862783569058,0.44253907026422584,0.038964297699793364,0.3574281150159715,1.024663245661856
2025-08-13,0.17473898795234205,0.28265936384515905,-0.08758828466487027,0.05405908422085082,0.16796254598914895,0.2175903885775082,0.40751953643738,0.029332882229739426,0.15410405837087193,0.2831558988204712,0.18509227596318373,0.44277924447514627,0.03930693679261007,0.35907966443368866,1.035059311813204
2025-08-14,0.17277739719617666,0.29596518694832014,-0.0666006767155091,0.030018830476800096,0.10832825685722947,0.21792090769490016,0.4052856194610013,0.04112963758141238,0.14173866324272177,0.2947051521314388,0.1848701885954815,0.44365394234898514,0.03869596207393068,0.36435859893976863,1.0150677596960658
2025-08-15,0.1719195815889107,0.2919997766319342,-0.08527784404699433,0.020854111258863828,0.07039030560602355,0.21664071078836963,0.40288245990754235,0.02932367379971735,0.1589009322561623,0.32300446460408083,0.1848344978517045,0.443188459018429,0.04002989133103544,0.35716587634086494,1.0395787419195335
2025-08-18,0.17151277008347487,0.29069085589325333,-0.0754971105525642,0.02518968133535715,0.041003821135596086,0.21663383166492067,0.39577123092040045,0.03435066649517711,0.15266494486967241,0.37826218119174393,0.1840767042626748,0.44290763116832194,0.03642489448977822,0.3310741331098348,0.9739210159442018
2025-08-19,0.16634350257898373,0.28529117334447657,0.0144027543223785,-0.002109482902504678,0.05166834415435417,0.21602689775886727,0.39856246498868164,0.04028308492914062,0.15981217045988538,0.3320607986928037,0.18420446310978422,0.44403870053532674,0.039015163308923524,0.32164635684034004,0.8965310258665511
2025-08-20,0.16220307266506484,0.2846728467068526,0.05175304851332373,0.02669376447189986,0.048443680645420484,0.2147374807531883,0.398733742563372,0.039593452893882934,0.18957345971563888,0.35439929368702594,0.1843491471836026,0.44402548372295914,0.04027721445927296,0.3285108877372396,0.9364401587976623
2025-08-21,0.1622254031400117,0.28583370052063917,0.05316107985297961,0.026313453483314042,0.0428256347084337,0.2133759560703136,0.3988552753595174,0.03405165209363769,0.16562682562665998,0.30620058846778186,0.18436147296015276,0.4431616897709308,0.04205061034181236,0.32741907660696445,0.837657204919092
2025-08-22,0.16312890663533944,0.2929160726933233,0.09853270976225259,0.030568840058638136,0.10632469922486387,0.21368415097927518,0.4020630255673284,0.04087055876179045,0.1704786296293379,0.33995808657146176,0.1841325552887755,0.44438183375492296,0.04375842090223685,0.35832640613681566,0.9355810055396072
2025-08-25,0.16204898894865713,0.3167936617936044,0.08320024872050863,0.039101250106337915,0.058902552521568285,0.21369529508045015,0.40852196600380736,0.04212477779296637,0.16797676008202345,0.21518453396157278,0.1838376779152913,0.4449990603259985,0.03751227604932706,0.3421434765996343,0.718159902804427
2025-08-26,0.14819231672099417,0.316200131113357,0.04686751987104018,0.010538104716435903,0.05592217009045264,0.21374037936445936,0.40877562724203825,0.04289121561943632,0.17303351515271714,0.24278024135437426,0.18385373217937226,0.44467353246083996,0.03867603541349884,0.343534778335268,0.7780133982719852
2025-08-27,0.14790175781525372,0.3162728181643313,0.04165408749767862,0.021172010876912006,0.054912815934607284,0.2136320756417441,0.4050757982489889,0.037447328862156556,0.18341854503552835,0.2822070164068238,0.1838725468845377,0.4409809552880404,0.037195877473563774,0.3508559793081494,0.869148532093815
2025-08-28,0.14807400827203562,0.3166554139599715,0.05282555765809566,0.022093462795666374,0.0745982266938201,0.2135984546080445,0.37715768591158577,0.024225289777960506,0.19828246045660936,0.43310758273697214,0.1838379916986263,0.4409524522388309,0.03698446371313004,0.3690204042798557,0.9066463319081517
2025-08-29,0.14911517407004216,0.3198754544645281,-0.009274579458087217,0.04177653874559528,0.06728839456804381,0.2139673848885418,0.3743310491380306,0.005408775306980309,0.2037728834305148,0.3083266148820294,0.18399429724968003,0.4427461238977795,0.0312011323549971,0.37331563902660414,0.82546150611042
2025-09-02,0.15378131115602128,0.31922525560856524,0.05586217099371294,0.07338787018133108,0.06523823892954539,0.21564497197037424,0.37565659549322766,0.01579888975939022,0.2190172022701069,0.3282065480192995,0.18454548243035118,0.4432882157051153,0.035514374426849106,0.4211899874916072,0.8809467269207083
2025-09-03,0.15534931420171413,0.2989056965818677,0.056967018405033,0.0836388881409611,0.012957260222932643,0.21529492271411324,0.3722502320481103,0.028821822815242072,0.21535785132094998,0.3781639887985748,0.18481996889329852,0.4421646622940359,0.0345688040486568,0.4409433214427254,0.9453459863741431
2025-09-04,0.15621609259730304,0.29949903358168933,0.06404605951044602,0.07875218535585593,0.004229810317151417,0.21572724981967883,0.3695760736168536,0.03040851229135672,0.20179262064220294,0.318623154257355,0.1850588791467856,0.4422652665225321,0.0358709645883568,0.4278305428233842,0.9099648440095232
2025-09-05,0.15798163742805982,0.29799450401432853,0.06108809039918287,0.09259206931762609,0.018073607263082492,0.2163485380452129,0.36959802539764175,0.02944122292788304,0.21529554244599813,0.3160877735909098,0.18533514805434728,0.44093483042678316,0.03771179112094551,0.4365537763122429,0.9702639304142653
2025-09-08,0.15484642332142506,0.2940602436561032,0.10860862082756069,0.08082530210824501,0.05798574355374586,0.21599214631306876,0.36890392499818947,0.03581431016203205,0.20935275035954914,0.3548532636290551,0.18519768202883385,0.4389406524922369,0.0338870080640724,0.4566266973362276,1.0773682721616353
2025-09-09,0.15230450200839266,0.29429514069043955,0.10944150924603609,0.06643880302932836,0.051272772688296,0.2159821302460127,0.36279907676561873,0.038304331479993674,0.21077206704314233,0.28411191129245683,0.18518980668911803,0.43583456941994253,0.03302615854097897,0.45386347461653376,0.9560058946354786
2025-09-10,0.15046198839480227,0.2971128603702004,0.11358066571787075,0.07745879711752157,0.06703013938932623,0.21599273364416524,0.3605479202498355,0.037008366641797054,0.20967210097049027,0.35391655801171873,0.18517753697764178,0.4361634511974804,0.03237502926305248,0.4478391957097425,0.9767199911641546
2025-09-11,0.1503770318385605,0.29464225716830666,0.10128194123062181,0.07828236900327545,0.10426678192595085,0.2156701858368789,0.360850925496545,0.034880091838764865,0.21586026887952658,0.3743822353355104,0.18520741903235435,0.4362226936736806,0.03168872962890882,0.44493401461732107,1.0143207165848787
2025-09-12,0.1504332250945113,0.29472127931515946,0.10203965284103184,0.08165834239401892,0.10695932519065421,0.21562390268223883,0.3566561241815322,0.03914789868698217,0.22244322289578466,0.32689164624453815,0.18472588367608767,0.4360945372185197,0.030024623742396797,0.42850490693688026,0.9973773757158262
2025-09-15,0.15028821887038268,0.29305088378357436,0.08424587008993689,0.09844346918951241,0.11746510734685578,0.21585747236665417,0.3568256360051148,0.03764678758274127,0.22905585776958337,0.3197968128621578,0.18459244314916873,0.43446162407056893,0.024473984599723813,0.4245221854509287,0.9059335611253057
2025-09-16,0.15026828118148639,0.29091199454828115,0.08264585088405994,0.09723125115058973,0.10670251602880043,0.21581754220142135,0.3568649547232668,0.03692395820085997,0.23245660799214107,0.34455696787458856,0.1845806116070135,0.43244915980470083,0.02348885138429383,0.42784324316534206,1.007873382540518
2025-09-17,0.14476039997594645,0.29102642773482645,0.09316724296354689,0.1151504717386651,0.0982866971846792,0.21529088346259131,0.3569581451492204,0.037350276568931216,0.21457041778115715,0.3359988543436485,0.184447651047661,0.43122155410511803,0.027062682317373563,0.4341151785520845,0.9312108968814354
2025-09-18,0.14699013536215785,0.2902965637286663,0.08561699321836239,0.10026620244092355,0.0910565460174928,0.21580053385845618,0.35322891978486387,0.04324894037628372,0.19173823062631645,0.3886524130369673,0.18484215569841905,0.43079406007372556,0.026311499884710484,0.41549292334194843,0.9000456080025752
2025-09-19,0.1474786372813193,0.291506229625078,0.07691597675720549,0.10686978758307131,0.08160863290014975,0.2154618528482241,0.3521372780308327,0.04787917107641098,0.18669142784814996,0.40145828311452725,0.18488066481191967,0.4306658655667284,0.0240781973073153,0.41734869976866684,0.8380683082355171
2025-09-22,0.14551106112024942,0.29673198418737184,0.03295139178685972,0.14828445842532467,0.052854245239349895,0.21671486334568874,0.35207666891450895,0.029487199840287588,0.19996824464597895,0.3238182939946539,0.18537079756109368,0.431582183466628,0.017702879567033345,0.42661180837239154,0.7841936548278885
2025-09-23,0.14632648324557979,0.2971176624082799,0.026841285398838507,0.1535810404507889,0.045542061541174794,0.21700906988877008,0.34873217196548856,0.03211835305901394,0.20513549681523124,0.3579867194801061,0.1856009522929613,0.4316724705294367,0.016654944059982805,0.4385296705643247,0.7687486557381362
2025-09-24,0.14788062496487936,0.29643948266463616,0.0260089176838309,0.12487313951006063,0.07218993035896615,0.21677588984068202,0.3489108452622235,0.030691796460338976,0.20706671255887987,0.3637157166544982,0.1859628477445051,0.43157950525864763,0.013718622648132454,0.40758315190745065,0.7624442146260104
2025-09-25,0.14788496880287197,0.3013991108681967,0.0270894337033745,0.1224514547321025,0.0017450848439501954,0.2124208848097171,0.35381986670025095,0.03734894246474889,0.24237340020484188,0.3006242914302979,0.1859574500616877,0.43302009160054367,0.01434230612237776,0.40466352525173366,0.7270170795585063
2025-09-26,0.14807697300113298,0.3012909424604661,0.03653424104420278,0.13942986965582294,0.0005914524328953785,0.21020879276483498,0.3432907395305669,0.0007993771339656357,0.28093888717659077,0.38464520692560966,0.1861428788163153,0.4320180826104921,0.013887263928862807,0.41341056737851956,0.6832020872640663
2025-09-29,0.14943238664345634,0.31157737875607067,0.0704742822554712,0.15200954763839136,0.05892614435731658,0.21064772299174678,0.342705949519441,0.016337692084981304,0.28927831386693703,0.49990105307795374,0.1860969765325182,0.4337866249234665,0.020106982336090876,0.4449232825104308,0.7388543563539891
2025-09-30,0.14932846169595843,0.3116664576359028,0.07019095090587359,0.1586693474321601,0.05315089810329221,0.20688092787319004,0.32431328237464185,-0.04890992490783815,0.25777751315246844,0.3812598479431222,0.18606361641859048,0.43192687663559504,0.017594309663792832,0.4564187761902183,0.8009945750005918
2025-10-01,0.14798448526829483,0.32142337727638326,0.08585957422531232,0.17504299639732435,0.08901910884660369,0.20246494206305546,0.3235974057611132,-0.007247117502095208,0.2265932336742711,0.4900751029272916,0.1858513268520041,0.43140276097981084,0.025224236499847077,0.4487231644283358,0.9502755634066768
2025-10-02,0.14944734890304875,0.32032934805583874,0.07361590835785313,0.16473956568992532,0.0840293957830569,0.20094676883338183,0.31807599476868054,-0.03922923872634223,0.19216543833872746,0.4469335795220961,0.18584568426535247,0.43159778637822355,0.02290188548582818,0.4488894514000801,0.9903630931929934
2025-10-03,0.15031042900095556,0.3105153831541948,0.08850327198907397,0.1753615659062595,0.054138111410726664,0.20109751803095155,0.31804221926246773,-0.03375300802871009,0.21157358062947496,0.4462156835892024,0.18605317624088855,0.43172058092804383,0.024046405282574818,0.45898028276463476,1.0123063515053934
2025-10-06,0.1521492510434733,0.3120268588387618,0.10226293452160996,0.18201547230324722,0.06157015192284421,0.202310979787852,0.31838139255817616,-0.023710820389332237,0.22710164444583025,0.4910246674231804,0.1866141792249674,0.43167169352376694,0.028681981279783483,0.4904790374281498,1.0099501084819833
2025-10-07,0.15213358054486043,0.31468090207514443,0.09850600696546132,0.19210496440333524,0.013364068877413038,0.1975123982429351,0.321359515536631,-0.030687157419902453,0.19662921922127397,0.4452670914396024,0.1866799506595149,0.432684556238427,0.026607260963928417,0.5020254697463398,0.9514444140734191
2025-10-08,0.15324308269041328,0.31403420609633653,0.10007771657695333,0.21991790079009044,0.047357895071998835,0.1984210571284935,0.3217041576931393,-0.022755211631806015,0.2229600166535528,0.4530158127762569,0.18679164625772424,0.4328543485458354,0.028212249613528577,0.5445473745293659,0.9853687187000653
2025-10-09,0.16319764234071818,0.3149891169355573,0.12340051404180376,0.18263820135281184,0.024988339332049803,0.19801310040357203,0.3200953677335344,-0.03381569578576094,0.15978163694458458,0.390620508782924,0.188530042319496,0.4322488658875881,0.031374056557747255,0.5127951628546228,1.0089363491614995
2025-10-10,0.16277337613900403,0.3483038056754989,0.09226643425132595,0.19582693449130417,-0.05093037572613934,0.19813893365590018,0.3251537028538586,-0.040996973144865174,0.16991285506025955,0.21160184613398614,0.18857471602104228,0.438657105779086,0.026381383395917092,0.5157048567175824,0.8783128385552743
2025-10-13,0.17373093609951168,0.34979009803271566,0.1250437836766311,0.23068217250039935,-0.023153167223381677,0.19515589782787082,0.32601819452191666,-0.02324092421735416,0.254667398522779,0.23022597433306569,0.19070952020574644,0.4376927230211825,0.027078982049357696,0.544296201694467,0.8459590403894199
2025-10-14,0.17247706460580325,0.35172677966772503,0.12344958843366736,0.22222875226104488,-0.036792336162869144,0.1941664258800747,0.3273753639448971,-0.027470454632104884,0.24332550347167214,0.2041099873045782,0.19070440352762302,0.4348784807982762,0.029572671806992558,0.5618996660468463,0.7127221932020977
2025-10-15,0.1721860746115407,0.35105088012624125,0.10371758390460552,0.22008309586509034,-0.07677168391786882,0.19286631289933773,0.3288290836463525,-0.02903625534487528,0.2738298029510309,0.16957959536214462,0.19081984969986987,0.4352932920256623,0.026989820637376063,0.568405035955351,0.652466152414412
2025-10-16,0.17380677386764873,0.3535744573975341,0.05949416597328509,0.2669531357223809,-0.08899772937117523,0.19465792453191944,0.33081482881610924,-0.04739885023390215,0.28583808598181304,0.13905519984733417,0.19211420933634185,0.4360019089441845,0.01965938991652992,0.5994500871541983,0.6000841418982266
2025-10-17,0.18006430792202896,0.3548005854280355,0.0802909438943724,0.2489402118534152,-0.10053571013703055,0.19742031617146052,0.33152058222155123,-0.03538012887362231,0.26388879327479486,0.12921490434606575,0.1934756321141091,0.43633990280429175,0.024689777991392204,0.5561587459602924,0.5796446323879421
2025-10-20,0.1877712372047652,0.36387754902244657,0.14430873892335622,0.30693121918507726,-0.05990479228376322,0.20261142629714737,0.33580611845818253,0.0021924776823900732,0.3134282709406948,0.17388901936354362,0.19605378739011,0.4376399333611855,0.03694079958318379,0.5968497810782916,0.6163532152911668
2025-10-21,0.22739810128166954,0.36571109735225077,0.17939763033678813,0.24141996908043772,-0.08011556390070362,0.21648318579852213,0.3354825947857462,0.05970929090539424,0.27524677547146514,0.12420214073025027,0.20531422610014965,0.4378081119218487,0.04995507930871218,0.5002739217084842,0.6102174569774024
2025-10-22,0.22927144029353935,0.36589830459717143,0.18200143261271273,0.22304449528993553,-0.08678236137653184,0.21716207928791534,0.3356595162042619,0.062060867730094484,0.2534763485150464,0.11122183267686259,0.20559300177374895,0.437900053399623,0.05126365009593036,0.4730776978100295,0.5986689104712668
2025-10-23,0.2302718334584381,0.3690232421214873,0.19860324129342863,0.2578433267304172,-0.06586932629784548,0.21627948441698275,0.33526408329068974,0.08844500551201658,0.24781026298889608,0.16170961953292018,0.2059860257683854,0.43806869517646496,0.05289391213727667,0.5188687059365649,0.6568732381148461
2025-10-24,0.23037633600049787,0.3679189717851115,0.19243703569193873,0.2564678325150207,-0.04081163254493847,0.212446299629179,0.33414536607613604,0.07256275861830339,0.20889322942021216,0.1470153018586411,0.20594314800518299,0.4374757092996327,0.051263340698632025,0.5052566305377457,0.6289936002906713
2025-10-27,0.23245094964254998,0.36980766628597717,0.17515228154540818,0.18233422361336182,0.007052961360625165,0.21647426565237227,0.33630316927390275,0.047925255591162,0.1850880234980763,0.1760960446732589,0.20820036675590964,0.43752188704524825,0.04230573331722641,0.45926806384419616,0.712412878950845
2025-10-28,0.23348425380140217,0.36902554000867904,0.1767461109707053,0.16247379499739623,-0.01838606181014235,0.2134037811594232,0.3248022047999624,0.10455490186569527,0.2048094669256637,0.09409691645957041,0.20847005576993027,0.43528029016463166,0.04442206405990047,0.4452992629626422,0.6157886849333722
2025-10-29,0.23351658439790282,0.3724503907714085,0.1726929848009388,0.16478877574353712,-0.03579892136298857,0.2129578214943258,0.32707775165723113,0.1026920975668722,0.19638156434565524,0.06880056848612082,0.20835013992242163,0.43453363645008386,0.04041678425315875,0.4385314482364109,0.5134015375437384
2025-10-30,0.23345018317064808,0.37335925416746146,0.17265264000807184,0.16965690469157413,-0.058441884801960886,0.2060766243666022,0.3279468238332669,0.10238506749359404,0.24408299329112193,0.05342316880366238,0.20828734574220545,0.4348387874613547,0.04036819625810096,0.4338402714695824,0.4971832593711438
2025-10-31,0.23384198572456105,0.37140743467115916,0.1650155280636707,0.15716479616127166,-0.06758250201152172,0.206204725787779,0.3278218680476904,0.09834431409458683,0.2305252601501795,0.05170741343611396,0.20741559192295947,0.43380363630314606,0.03291296256714651,0.4536427196091164,0.5602915546227083
2025-11-03,0.23322540672257844,0.37524932827733004,0.16347650844175715,0.1497149897922181,-0.08690816519938727,0.20410843067325962,0.33024472688755757,0.0922883094185721,0.25897811953908256,0.029052795036913936,0.2074299493280884,0.4346423100500054,0.03169172225568668,0.46006113461808673,0.5334446998545952
2025-11-04,0.22853083133134944,0.38480874600118026,0.22372521007316165,0.16324494281406987,-0.14436716263231997,0.20477875314338448,0.33744081158801253,0.11167262456111814,0.22745300940046365,-0.02076364788120799,0.20795026740619038,0.4366633870768699,0.0388455886188382,0.4421746669647788,0.4981310210414345
2025-11-05,0.2286471765296608,0.3870667591276648,0.23198406363652188,0.17472783240475032,-0.13548037424200987,0.20396097596126983,0.3390036874757676,0.11494487809469567,0.252792408231441,0.0038897443266512344,0.20805789579515638,0.4366551262804197,0.040406345557344,0.452122039949135,0.4978732880199461
2025-11-06,0.22873879329270952,0.3852219554374786,0.23629788209265234,0.17096498043715957,-0.17870964350229657,0.20316168214786043,0.33966924711795,0.10904186882550335,0.23426627493427898,-0.040763624228606354,0.2060862001575539,0.4290417646928265,0.06981106545002422,0.49123787586804135,0.33927186282057886
2025-11-07,0.2278163799377865,0.3799105841746328,0.22358268362789904,0.18520930086890086,-0.12662407312040247,0.20218863609936014,0.3405743248577959,0.10623893890712319,0.220787897951211,-0.03201278138046859,0.20589518824467679,0.4294597404205162,0.0702370825528318,0.48192770214663416,0.36186809515447993
2025-11-10,0.23329439398082996,0.383789131525814,0.24682776524715794,0.21858921569122747,-0.09712025476294739,0.2054060452124719,0.3403130696799278,0.11877781136307285,0.244001810774104,-0.03356627357022246,0.20745491922013087,0.4300623091937814,0.07702873189672475,0.5296125594893417,0.38475320175781746
2025-11-11,0.2332963569217628,0.3874294837012822,0.24869196201129667,0.2185612210442558,-0.1140178931924476,0.205174369890205,0.3417228119068759,0.12532345834894806,0.24925638988998422,-0.07768924135557198,0.20517510418805296,0.40534317019340654,0.13815100345510967,0.5724872527291498,0.161169618250822
2025-11-12,0.23609161859543892,0.3837796676970127,0.22542485780365837,0.25453305115453717,-0.09897966340891895,0.20561777025390587,0.3373424459573657,0.14187795974524828,0.25188663513249976,-0.052425434567858864,0.2062101395104977,0.4054720943256708,0.13322138362021838,0.6166980081786104,0.15584387899321483
2025-11-13,0.23645986554664267,0.38428169521145883,0.2279677732279739,0.23786336136933706,-0.1275631843131344,0.20342925461401937,0.3376248407622009,0.15795191955071852,0.2709065943861244,-0.0852991338306921,0.20609007677373237,0.4049282143058536,0.13835565483025605,0.6216895418519208,0.10060619556760475
2025-11-14,0.2429729987736172,0.3980250698872635,0.27426765576548306,0.21072859975652403,-0.1603041939351345,0.20688099697101375,0.3462395167903251,0.19183285861554655,0.24258705044713547,-0.12434368807839657,0.20761701655078757,0.4068939614678808,0.15049771235264567,0.5912783654903604,0.0819177555984465
2025-11-17,0.24298446705964333,0.3907830839865091,0.2720388277440631,0.19189703086148868,-0.2120248534029312,0.20697734549713495,0.3468219543253778,0.19879699832173314,0.22833194056425898,-0.12824363294432972,0.20770353837050348,0.4054140471460757,0.1544465785492546,0.5853468134239779,0.011287056632769854
2025-11-18,0.24310325509677116,0.3741084556282924,0.2726893224739162,0.1899049012435967,-0.15596438316144923,0.20650658345886228,0.3464904538479569,0.19386031762290143,0.2364316703898799,-0.10624853091054198,0.20716556135216066,0.40547589036148934,0.15548537810479968,0.5553047686509442,0.026575703540235862
2025-11-19,0.2430906278958851,0.3731782790162683,0.2713068503887945,0.18928052689429697,-0.1818978613265283,0.2016297015679521,0.3460725211602683,0.1799689899190096,0.20181328962392708,-0.13614781437626733,0.2071286787928891,0.40531865162691877,0.1540800175273035,0.5518054157461472,-0.009505748940038306
2025-11-20,0.24368421948324995,0.3875107384745056,0.2799639827864943,0.17728930146445987,-0.22109070367671002,0.201604083113659,0.3544980571184679,0.18626463485136904,0.20221488336033744,-0.1783186008579547,0.20716766501949974,0.40835742519084667,0.15603695068296125,0.531093289120341,-0.0817006067266205
2025-11-21,0.24352679658555706,0.3870679485170296,0.2757044850835437,0.17419334618954663,-0.2439394449502228,0.20152897224338404,0.35521352840288883,0.1851243524033458,0.20013534319850423,-0.18753866827036392,0.20707136319216196,0.4063850146019416,0.15255701518932105,0.5251037978750288,-0.13617660320075053
2025-11-24,0.24276711395535186,0.3900624837984313,0.29034497389873104,0.16441507279641265,-0.18577730965114192,0.20115446911428556,0.357012503392374,0.17935930096990618,0.21306030420104727,-0.1309895719966937,0.20671976318832957,0.40805414382299354,0.15225194668761205,0.5095494524298863,-0.10835711795914382
2025-11-25,0.2402531500717608,0.3856477419370499,0.2685378241941307,0.15249709266585,-0.21455548198198926,0.2010782918065359,0.35482367681044025,0.18659635237087702,0.23707639968677285,-0.16331446484962864,0.20360712071518305,0.4035740155563412,0.12761164208732098,0.5810578575520309,-0.061871795254783146
2025-11-26,0.2395468289979245,0.39380103281301576,0.26676207369828303,0.14570215797345498,-0.18979801575755262,0.20117225893237972,0.3493783582517096,0.19305062132014258,0.24152741260705457,-0.1793000178145867,0.20365003625046177,0.4049964614753279,0.12887886933041687,0.5889826108135092,-0.015947687305065572
2025-11-28,0.2417105064598982,0.39396269101267894,0.2682301820541777,0.17972106356151452,-0.17886282290339917,0.2029950147344745,0.3494840592331811,0.19496661875139196,0.27262667542731833,-0.17538956839991926,0.2045130751949834,0.40278069939786637,0.12742708459654914,0.6117656198123904,-0.05255452893235435
2025-12-01,0.2408330931273147,0.40630273023838076,0.2555142935546086,0.17012009622881474,-0.21987526093800303,0.2030117132196835,0.3565462450464621,0.186506790756843,0.27846393728878027,-0.20577559278798163,0.20448080517240447,0.40576785893519696,0.12390231830403875,0.6088821244589733,-0.11430103626631516
2025-12-02,0.2427161689346556,0.4236671616703343,0.20225891458516237,0.14776742175835134,-0.18489303313323546,0.20287861798180093,0.36478139131537635,0.16873133115948521,0.24053607037197167,-0.13762844958362752,0.2049974177572254,0.40944096606713537,0.11230167452010749,0.5876621420678929,-0.04709839057225318
2025-12-03,0.24270914032718316,0.4272393593631417,0.2010099765956298,0.14944871438961016,-0.1614153493542606,0.20200586643462698,0.3665274445714406,0.1683855272363483,0.22581671111725643,-0.11841878918180726,0.2049925105743903,0.4101263469281696,0.11234957551285901,0.5864538232044387,-0.025773995817313544
2025-12-04,0.24265874992522346,0.4248553575340324,0.20457156920379285,0.1523628462791955,-0.19142350561342347,0.20124170233800145,0.3669023013226967,0.17125777387583951,0.24162348619490537,-0.1372245104877583,0.2049895496119669,0.40939067411238916,0.11200226415376775,0.5854570201834259,-0.06709532040348065
2025-12-05,0.2425170161544411,0.42683554273293156,0.20969773954779192,0.15499779159604854,-0.22613053192888888,0.20113453981060056,0.36824138641648296,0.16952318376064082,0.2454137549157389,-0.14544165286236665,0.20462761286782483,0.4099055690854091,0.10949156726558741,0.6020994398334902,-0.07459929762082229
2025-12-08,0.24311166818535737,0.42803997649792513,0.20198053653888284,0.1441244322491848,-0.21930257461778202,0.20144212104733203,0.36885816367661023,0.1657783303695474,0.23755173687915132,-0.13579970482081882,0.2047642138847177,0.40871951926526257,0.10742363308786126,0.5858399911435193,-0.09287872079197801
2025-12-09,0.24277043345737348,0.4314546142908205,0.20346693969573512,0.13906969489446097,-0.19709115768456553,0.2011038392479118,0.36986680183274795,0.16394091109587558,0.2512036673085112,-0.10277738433224315,0.20462393643026275,0.4085880298120603,0.11061763979801717,0.5772582166572087,-0.048659299189473204
2025-12-10,0.2429753077698393,0.43026676139974146,0.2048599589422577,0.13411722760700662,-0.21244064560888398,0.2012091954251774,0.368495064815266,0.1646945813529861,0.24438886459867404,-0.12840608097333406,0.2044138993756564,0.4085782964238187,0.11205638416809709,0.5541128410393337,-0.04814547388147494
2025-12-11,0.24577599901420327,0.4306864584166023,0.2092958408744738,0.16009466441302633,-0.20569656403229664,0.2009139213208279,0.36852591685276964,0.17158150332342897,0.29368011228169477,-0.12762710274858868,0.2049253809986343,0.4060373683236305,0.10700272961889433,0.5645518469162849,-0.085612689522931
2025-12-12,0.24424780295250323,0.43227570429949097,0.21431887399887298,0.17671199935591253,-0.22936170871204453,0.2009221934273686,0.36954188334806437,0.16994471992372825,0.29469644289799635,-0.1591900476785406,0.2040347612048781,0.4066118489521518,0.10430320811416914,0.5975123498540473,-0.09768385531721357
2025-12-15,0.24405753390866622,0.43942388335442606,0.21415300329201678,0.16984190679241018,-0.2529982427272931,0.200921349062523,0.3745449654785375,0.16829542686606347,0.29486266287709006,-0.19203645054225782,0.20352660280173346,0.40863465177475616,0.10672716050529216,0.6201510263112173,-0.14823168320719782
2025-12-16,0.24187249309082035,0.4393466679036066,0.2272248737684892,0.14759865768252833,-0.22088561454769773,0.1987539183488437,0.37544190071135086,0.16992974084767606,0.3177697031266118,-0.17970611174949624,0.20350189561143553,0.4065253114512582,0.10897919142749556,0.6225841965121683,-0.17151544481485315
2025-12-17,0.24171447715402355,0.44045474777677324,0.22310867885199748,0.1462903158830482,-0.23095886860629544,0.1989570870524163,0.37632220344321016,0.16547835850539913,0.3223387752550304,-0.1959351500726686,0.20358441375322264,0.4069553974679576,0.10719976895839808,0.6430878671464089,-0.18839957052838918
2025-12-18,0.23992227222397186,0.4392360401732558,0.23581642461756971,0.15827602422629528,-0.2458877717699458,0.19848691068669627,0.3760425444771998,0.170212947286621,0.3029135877906637,-0.1914484625311733,0.20355848426152948,0.40278360000158797,0.10493302629890973,0.6449326950141381,-0.1457297777165537
2025-12-19,0.23996293164277743,0.4393029449383591,0.23720338060288212,0.1634005173753461,-0.19207742141257933,0.19853189008976718,0.37621493424622493,0.17217919040990365,0.30586060316403807,-0.19066752796560105,0.20267241966923524,0.40317844462997166,0.10053002835875635,0.6821822937816329,-0.09629170719526603
2025-12-22,0.24173136483107857,0.4391586780628827,0.23777346590754758,0.17337881395215016,-0.19343966300658944,0.1996446395262529,0.3760938551660989,0.1759497588893786,0.33698286903840247,-0.19296262093299765,0.20298633624384382,0.40319479619986354,0.10087678757792656,0.6896902715719335,-0.0947862098199127
2025-12-23,0.24120923553457016,0.4291388066789745,0.22416672688291664,0.16873320512023882,-0.23589416529077634,0.1998032707414987,0.3759222894686916,0.17372215152196463,0.34639181094053373,-0.1908683545704326,0.20289519927693508,0.4021298183000387,0.09700787299435099,0.7143673537104613,-0.07680357800132565
2025-12-24,0.2412606208929646,0.4293521771526403,0.22300000407889686,0.16255289204088985,-0.2318519418112479,0.19978682832826328,0.3759178148235944,0.1738104998335934,0.34701440077638823,-0.19102418264221566,0.20291324948457645,0.399965365845317,0.09710227952066586,0.7085182336131637,-0.1121257681777652
2025-12-26,0.24177381518593968,0.4195145906715125,0.22127448728323015,0.16810781149775522,-0.2642038161032181,0.1995995725936766,0.3757552461935098,0.17590739043844628,0.3725769029374433,-0.19870389551999468,0.2030510504303464,0.39890563589329336,0.09869559433516847,0.7154754749008605,-0.08866893071227666
2025-12-29,0.2615596279751729,0.4170449404845801,0.20775837903554428,0.12292856647844208,-0.2779480243702406,0.21217036785781035,0.3741932057461297,0.16683599812146904,0.30791933082091116,-0.2172744331341092,0.20866238485756375,0.39855196372780366,0.09492474971873488,0.6503667536095112,-0.07462145429450506
2025-12-30,0.26146440516979297,0.41737439604735815,0.20766960967254497,0.1221315240273877,-0.27674293276803774,0.2124480245340045,0.36969972454613453,0.1730571876922016,0.31891026523360777,-0.2375871610836382,0.2086800968285018,0.3985097457442156,0.09492025982969175,0.6753751350508517,-0.04547638280631616
2025-12-31,0.2607111935092279,0.41407861370916904,0.1965104728997713,0.09174359186893799,-0.29854066087336373,0.21281067640468762,0.36920326669929765,0.1718961114135891,0.29045781737700604,-0.2553517027956388,0.20893996878126506,0.39854741091269197,0.09562155592865147,0.6437334712821814,-0.0633674996893534
2026-01-02,0.26058211027430295,0.417299773597789,0.19462280207304508,0.0812107190198863,-0.25941810435078205,0.2128603172767455,0.3703637142719486,0.16960888002653268,0.288916665709706,-0.24952091688796063,0.2088130289448054,0.39782662371008387,0.09050565309410116,0.6221806285710914,-0.0716524264767543
2026-01-05,0.26441467106925093,0.42668791808742673,0.22360220199317057,0.09360029480407883,-0.23892298027610048,0.215679627654073,0.37544609190829814,0.191555395333497,0.3341025759408156,-0.2028799746343063,0.21027555594784522,0.3999579707142222,0.10377718920870138,0.6768373382592434,-0.04306376197457695
2026-01-06,0.25939780740277263,0.42632124444292274,0.2199246135814473,0.13177767384863537,-0.22987075303073512,0.21586991790750865,0.3751608525195631,0.19046557603180514,0.33848351253161946,-0.2106265020779311,0.21036855920769418,0.397954022172674,0.10643610561475395,0.6983078731988448,-0.08179086246397582
2026-01-07,0.25992314263875105,0.40484470504683695,0.2535911706079402,0.11551347588662697,-0.19349410365664832,0.21614280581364168,0.3766650430460205,0.19681778993014412,0.33396106025324457,-0.23456975198276198,0.2105344757401639,0.3954406551229068,0.11293924229984192,0.6742328219026386,-0.057929135862613945
2026-01-08,0.25190302660951464,0.4023408987030602,0.23474848556720607,0.0792886995675044,-0.21032121430069117,0.21616989964279623,0.3764569155718799,0.19730267425077969,0.328261361538867,-0.22860477927874423,0.21054788696143797,0.3949743614911769,0.11328676193955924,0.6691739104616654,-0.04225851791091351
2026-01-09,0.2520942044604454,0.4011590439454467,0.23849952188578802,0.08106355572761781,-0.1998393694563969,0.2156935589721316,0.3764719651436798,0.19793823565055882,0.32130696083185506,-0.22927914835965035,0.21060703219163715,0.39407400989087865,0.11463513055710793,0.6726995022554485,-0.021311109678807005
2026-01-12,0.25625103086091616,0.4001890612118031,0.2515238253023907,0.09831970869542883,-0.17683347502105873,0.21783230474035425,0.3751473524269545,0.19713268210263804,0.34004131043476304,-0.24002935528851244,0.21174070869850645,0.3934248515057302,0.11433259810787787,0.699705412638117,-0.03704759348168685
2026-01-13,0.25203696790413593,0.409484057904162,0.2606868114957429,0.06841518220481047,-0.1189086681052085,0.21675912617507398,0.3809670776008737,0.18470006928166546,0.3536319653477835,-0.1973237960124693,0.21123347809021592,0.39592072989885113,0.11059543908784311,0.7169789927508827,0.008519757003467188
2026-01-14,0.24797165858487125,0.4102325120648783,0.25604511486123416,0.10025405506511853,-0.08959011003694806,0.21643817895214207,0.38190789541706854,0.18666892460427714,0.3741515326256084,-0.18111881484015913,0.21131110530294248,0.39570995237922735,0.11196728515101022,0.7282556428904321,0.004094734063223804
2026-01-15,0.2386600957669381,0.4026322492398815,0.21489364776538727,0.06062767786608858,-0.13597872978781222,0.21561631476141174,0.3822930552666157,0.1872841813534566,0.3861674241349644,-0.18773774450862646,0.21107628547944013,0.3938921645055771,0.10805184112271285,0.7012657709334305,-0.0492844108724928
2026-01-16,0.2038182918492964,0.4011168816717517,0.19799090469881336,0.11834703295859672,-0.11939661399655721,0.21546795327104562,0.3822503214795131,0.18822369672635034,0.3883383390766604,-0.1899466508390919,0.21099725621386659,0.3938246277347303,0.10900190509520195,0.6705078576027024,-0.04242101345740146
2026-01-20,0.21402745675903348,0.4305277720529922,0.0528984371382944,0.17228315028490937,-0.17994181573473644,0.22091842483182514,0.3980965318523561,0.1144676270168424,0.43375445387710254,-0.2511084014314269,0.2137580066114795,0.3988123022414129,0.07629158386837866,0.7338377739831696,-0.1546124597743762
2026-01-21,0.21268002006873704,0.42853288173132253,0.04233289367348701,0.16689981813125798,-0.18799688407738635,0.22094229527183584,0.39863762138400993,0.11882681138974234,0.4677771491993403,-0.24148298227496012,0.21413198898309302,0.3986647264580147,0.0777685147801756,0.7532256036556657,-0.15798299251283732
2026-01-22,0.2141206374749598,0.4278842067588418,0.04743187978777088,0.18744263479775114,-0.19427818441182998,0.2215878078959509,0.39802391555408895,0.118091476812604,0.49198347358025574,-0.22716100708305498,0.21453818773132521,0.39799337739806434,0.07853995376560294,0.7732145063009188,-0.13690493822051986
2026-01-23,0.2046208853323681,0.42307999879250857,0.10193134206053775,0.23882385645743165,-0.21569924682729924,0.21814458678358478,0.39705586466684534,0.1343193019091681,0.46470384251830854,-0.21016760392006284,0.21478030237146856,0.3979788991365191,0.07877624979816829,0.8009765624999958,-0.1390561078754462
2026-01-26,0.2057461829613219,0.42337621260510483,0.08937152869198867,0.2760161370261971,-0.2185717233088692,0.2194755992303269,0.3966185506871594,0.12676987337153803,0.48333532128676104,-0.23293911190430527,0.21552563080109985,0.3981019566914773,0.07539776087850909,0.828961163989159,-0.15791285225924856
2026-01-27,0.2059111771041558,0.4217704654455357,0.08745050242031721,0.2704277150720735,-0.1903836842258062,0.21952320437314038,0.39687951557321316,0.12561988212139816,0.4797799429094598,-0.21936707504839892,0.21485649372389612,0.39738907649725463,0.07029555167853277,0.8560474287579853,-0.127195722672237
2026-01-28,0.22056168742426618,0.4210534203454396,0.08904025009003572,0.320650471034144,-0.17654660462190597,0.22671562786348043,0.3966458933556397,0.1253659101773478,0.5447079421292662,-0.224670773094376,0.2184221036056626,0.3973315285360757,0.07046958335590808,0.9163866658197777,-0.11988166737943429
2026-01-29,0.21971397625535896,0.43213022368869447,0.09789590436553972,0.33076439443106276,-0.2281439692497912,0.22669442560313846,0.40200256139212653,0.1234233149837668,0.5399137092204989,-0.28030793100057216,0.21841512426676576,0.4000987114733744,0.07034201062854814,0.9201385690616546,-0.18458083242510537
2026-01-30,0.3279925843691213,0.42934579753788266,0.07002641107225246,0.1821375430135137,-0.21041190319783154,0.2834073066488202,0.4019719579060626,0.10455691978335943,0.3591212531987795,-0.279033555954184,0.24703145958269576,0.3999770220613216,0.06546670422207386,0.6808714479830826,-0.19674978269251475
2026-02-02,0.32956330687144336,0.4393828255492711,0.08885409749331571,0.17475068745265676,-0.22543202887018698,0.28239170555314336,0.41147176722151635,0.13870065368721832,0.36652279624665485,-0.3372542091280707,0.2479207974986905,0.404814008952028,0.07752544633861796,0.6542578124999958,-0.2315927189545981
2026-02-03,0.34901501813271,0.441682755780881,0.025808169004401353,0.23594383047349954,-0.27199720562739704,0.2938699884988503,0.4141548803185866,0.09857765006985998,0.45189761694615815,-0.37062729665822614,0.25401119232678976,0.4065539970592386,0.0552239036684732,0.7272758500999987,-0.2541469136804969
2026-02-04,0.34891608996799583,0.44405885423454483,0.023764735848618795,0.24049105604798382,-0.2791828830534536,0.29386950433787473,0.414295268492909,0.09869493879238771,0.4525715851776988,-0.4079998530533241,0.2539757095592147,0.4065289213045842,0.05634792988022408,0.7215382573989884,-0.2539251554548436
2026-02-05,0.3504520321390527,0.5332836618299448,0.07180228156772679,0.21938748577475065,-0.3934348639944708,0.29434439511492366,0.46357921170536137,0.11773021554293622,0.445229389503379,-0.4702406121283218,0.2543662619636125,0.43358223411398594,0.07317784631861052,0.6901140684410612,-0.351013728152452
2026-02-06,0.34821030104470657,0.5892219723463568,0.08824693574171871,0.20810281530507035,-0.3343617174018856,0.29512967455485356,0.49679030774418664,0.1362761719931658,0.47218106217696953,-0.3990086769877852,0.25476247529905577,0.449805895068479,0.08744093019426301,0.7310807137389788,-0.26956224802736894
2026-02-09,0.34973570657367653,0.5874486428949344,0.08610485998281937,0.2339722914641691,-0.31919898516923473,0.29602584356836015,0.49673200813456575,0.1350406436036433,0.5036707822213562,-0.3968224825635188,0.25536683598404364,0.4498325335177946,0.08646389501975268,0.7590385547037792,-0.2735787294681181
2026-02-10,0.34825846640574537,0.5878723125116125,0.0925493996010242,0.19399085898028368,-0.32331493208886397,0.29632918243212303,0.4957984739499663,0.13456975837001453,0.49790099536716204,-0.3902929923445496,0.255259792080363,0.45005761919787984,0.0869871366845675,0.7144902424450232,-0.2939687253222354
2026-02-11,0.3485406993036693,0.5887113777520332,0.08602903923007582,0.21552032423411593,-0.3280476040058363,0.2965762057980074,0.4962389950693154,0.12982206654384973,0.504648074369189,-0.413763991345692,0.2554894409162491,0.45047352674710095,0.08399025672365822,0.7385595820155442,-0.30032619185028697
2026-02-12,0.3506395430603817,0.5802703577360486,0.06261399265758143,0.20863659844638893,-0.2984809876621677,0.30037875741365416,0.49604319769248667,0.13068742211563072,0.4633308964514846,-0.4109374274651555,0.25747261418577283,0.4499672311145386,0.0869422881410405,0.6896233772134,-0.3234789562779985
2026-02-13,0.35183368114712066,0.5861242809371742,0.07342934336787055,0.23850774443183043,-0.2523081068094909,0.3011178798581459,0.49607463463875817,0.1357583743178014,0.47617370328725817,-0.4108373708537685,0.25804290343566627,0.45164403552826293,0.09287988885583852,0.7132817179331008,-0.2873619556503534
2026-02-17,0.3576611605575305,0.5861862359956993,0.08336498949132282,0.2064182718169807,-0.2738565286562099,0.30451256152533285,0.4900544218672491,0.14022120248075332,0.4355230145848552,-0.38710904725105755,0.2592402035890223,0.4519054637792318,0.09880081844929287,0.691281409634172,-0.3078152746846683
2026-02-18,0.3595088980795588,0.5861769861890413,0.07929872130863802,0.2269765700227866,-0.27377029731080804,0.3056070854229725,0.48954499763118603,0.13650484863866502,0.45921934168365675,-0.4058699270617724,0.2595220602283072,0.45174036112765326,0.09873314973946855,0.6987114276025732,-0.304734819399885
2026-02-19,0.3592273637565005,0.5777911478230091,0.06977000855641347,0.23088667545412545,-0.2271031266178919,0.3057064262020545,0.4898683573042654,0.13542835561619468,0.4491097143272984,-0.3979834402234711,0.2594801763222194,0.4516554877777504,0.09911696187389632,0.702053654891716,-0.3071133522046975
2026-02-20,0.3602232540223599,0.5784846300395564,0.07505696358802562,0.24547123479439792,-0.2007889009593431,0.306267759336736,0.4901548987532645,0.13787281651307132,0.4624240367660606,-0.3957480128573784,0.25984137015287034,0.4515800148296719,0.10034217223598128,0.7187847956745934,-0.3084236876510713
2026-02-23,0.3636835511092795,0.5802616029676023,0.05147143138733943,0.2763421816173215,-0.2679695648110314,0.3081332176475235,0.49251594842370516,0.12417296279757417,0.4861920743210655,-0.40396420964319246,0.2611120024618191,0.4538093243034231,0.08791836692397997,0.7694704673087371,-0.32778808150473815
2026-02-24,0.36442620765978223,0.580191185319197,0.0530146452516015,0.2503139624849031,-0.2663309379931341,0.3075395784859077,0.49062795293423833,0.1179380759496517,0.44098320668336943,-0.4237436572072911,0.26137336231851405,0.45122843169795906,0.08948922387937817,0.7468614639523021,-0.29904479979790655
2026-02-25,0.36459469561508084,0.5889922818338709,0.05773149247305919,0.2547296528973664,-0.2492117665000826,0.3074120681910827,0.49898770835499834,0.12061078123880153,0.43754647099779653,-0.39170988347248503,0.26089737044514244,0.4543195175960768,0.08857293913722084,0.7905303919022355,-0.234132783012846
2026-02-26,0.36329673659300143,0.5887034700672673,0.05517430200668264,0.22075731850973557,-0.2580915279747671,0.3072862524547669,0.49896147428155163,0.12035394462970381,0.44015312214280766,-0.3907913716171477,0.26102832937160947,0.45162291642071645,0.09026305735290649,0.7724015635796069,-0.2002827048487107
2026-02-27,0.36356778587343924,0.5818860899202817,0.05438166076281195,0.22763641389456435,-0.23678639491269904,0.3071361336303117,0.49972879305743084,0.1178070698243898,0.43648203876030456,-0.4045981854827033,0.2607611249914177,0.4521625560787711,0.08933739777081216,0.8121827685053746,-0.22221358309212114
2026-03-02,0.3624166272903898,0.5764152950640263,0.0837433526587709,0.2584345013846261,-0.24711878890526573,0.30737371833223887,0.5038207134194678,0.12176343065224543,0.444390123105989,-0.38632127961359475,0.26025079492678194,0.45428655759532055,0.09220660336678059,0.8647007539604123,-0.18485954992455822
2026-03-03,0.3715047220604352,0.5734043520244714,0.08417180377747426,0.21056118022740522,-0.2698037908011818,0.31254069695388764,0.5038378851857035,0.12127819700315681,0.39147799230236036,-0.38766866700616565,0.26259207019851255,0.4538536899067499,0.09068502191735829,0.7661232025230151,-0.2064937512288485
2026-03-04,0.3715080573674636,0.5896277628490462,0.0803525854256929,0.2101579531728719,-0.21088239842742085,0.31251511360835055,0.5117350745128676,0.11982001133922583,0.39454106336569605,-0.3619380560617007,0.262554214109606,0.45807061166138896,0.089281863415348,0.7580976592560644,-0.1663752802312275
2026-03-05,0.37258706800549407,0.5888716027243432,0.08469000284134377,0.19695974435835506,-0.20748515530956024,0.3130653050318452,0.5121197723226479,0.1246819714630074,0.3824858613632711,-0.3866969587009501,0.26288586273240117,0.45708951616251603,0.09225506545470061,0.7357143524649663,-0.21829242808678984
2026-03-06,0.372995064609635,0.5920023065559455,0.07904220539730734,0.2231073704683444,-0.24827516004642614,0.3136240532226178,0.5144174767508454,0.11795312506282091,0.3993870258168879,-0.413130352852385,0.2632213212901331,0.45861992128369516,0.08749911401024639,0.7626939189415729,-0.2426057747995437
2026-03-09,0.3741000514341133,0.5895901577997908,0.07614700825256492,0.20478257872701833,-0.2620442311327891,0.3141082845325918,0.5145557975490159,0.11638031766932919,0.3723313243647468,-0.40748878793883125,0.2634603135649958,0.457271513745731,0.08522318489466334,0.7513812238012296,-0.21143329650865683
2026-03-10,0.37700585763414607,0.5921767763246337,0.0869755445179866,0.24082179925396674,-0.24009776646468273,0.3160421484849215,0.5154344677658782,0.12393557631375476,0.4072373789242465,-0.40153188755655833,0.26449635817867106,0.44702186398387594,0.08540406522852238,0.8079948521136207,-0.1095741624433344
2026-03-11,0.3766439446467487,0.5920870560975191,0.08125397799142542,0.20081152275823055,-0.2411212950169691,0.3167086857620249,0.5155708895505807,0.12211903042234813,0.3930550405175046,-0.39722003714925747,0.2648409002326125,0.4437299609565198,0.08301674019316738,0.77311796734304,-0.15275151340756388
2026-03-12,0.3776403485230057,0.5908779659746756,0.07928872974370103,0.18425248619245793,-0.2190856586888722,0.31667879688477335,0.5155099680732452,0.12246440620558112,0.39352411076973737,-0.39819750636973317,0.26505835300911357,0.4436188963582289,0.08183772519204995,0.7394460838039911,-0.15800914518243026
2026-03-13,0.3789522600406476,0.5854941695192334,0.07582590596991143,0.1675816495823037,-0.1787960511066442,0.3173812578081304,0.5156112803541597,0.12053430984644728,0.36588594328319,-0.3865592070973769,0.2651565000727718,0.4425462026903971,0.08456002104375053,0.6921405785740111,-0.12456948550663072
2026-03-16,0.3800490935721662,0.595637387991029,0.06024529510612593,0.15462927794151704,-0.14779496319380148,0.31720305650831365,0.521291539095889,0.11334952041454413,0.3250510094866319,-0.33603479646938195,0.2655182972631921,0.4443938416641314,0.0773597032139725,0.6667888549332406,-0.10846865639285974
2026-03-17,0.37976241333363947,0.5949677111931259,0.06288683764948469,0.1450193893620797,-0.1418707699819728,0.316972017800065,0.5214432220501704,0.11386191831372919,0.31252463752407333,-0.34006332606492773,0.2655193450355421,0.44455666581073533,0.07742187924482342,0.6660124522191404,-0.1207627465133706
2026-03-18,0.3830787914548888,0.5990307907049673,0.07718952266257129,0.12182385045537858,-0.16635282595136403,0.31830114528405595,0.5232037554936725,0.12637848406184563,0.29938166938769006,-0.37133647202049525,0.2664880600120039,0.445766486176851,0.08574227213236546,0.6101684151180562,-0.13869837914130378
2026-03-19,0.4042092965970867,0.5957805898313587,0.08836534865380932,0.049780138205200775,-0.2064687321792501,0.33127272342103864,0.5212237709801856,0.1330927734043291,0.22131475591829286,-0.35888817191251443,0.27384225333567364,0.4433703824630646,0.09401002294291519,0.5144351799485474,-0.1950559940546932
2026-03-20,0.4027884577750627,0.596099984505505,0.08438769946627647,0.023604958675701004,-0.20304471143548863,0.33126753467481856,0.521341498638308,0.13079840455050318,0.2010763723664335,-0.3572074738867269,0.2739686790276726,0.44240754055430886,0.09331973940467744,0.503022481422557,-0.16211315256899794
2026-03-23,0.409771598349925,0.5961370307194557,0.07816596570319048,-0.021839089677420875,-0.18874711859656224,0.33564339780800667,0.517267848075675,0.11970791334883735,0.14320913584463835,-0.3801169398949633,0.27657948868785426,0.4424509474773403,0.09038325911580841,0.458694627370801,-0.1562098566260759
2026-03-24,0.409774809979796,0.5960311619298121,0.0782367662210802,-0.02238602848444793,-0.19511150509111952,0.33561985667500926,0.5172712329300742,0.11971807658688423,0.13652794988498518,-0.3817264655772761,0.2765715060157328,0.44056078278257954,0.09203905956076143,0.45974262416998357,-0.19407160499581144
2026-03-25,0.4150271073813319,0.5968010987943735,0.08569526385218404,-8.794574819837031e-05,-0.18317623127413296,0.33883368366453426,0.5138469020203509,0.12270748791806102,0.16800508138229664,-0.39898418805531943,0.27841921922514057,0.4407245845455276,0.09453011791992375,0.5044449425314601,-0.18476626994908496
2026-03-26,0.4116330907501323,0.6005107297343413,0.10935732161376675,0.007528249907004403,-0.21054518140287537,0.34370880749990607,0.5149411608915291,0.13824411065564593,0.13138225335460585,-0.42997258856151277,0.2814172055472952,0.44208774680237595,0.10471302265706997,0.44790729683622454,-0.20838980257050987
2026-03-27,0.414643856879583,0.6028408868882911,0.09087629806900231,0.024211795828229965,-0.2498216061638341,0.34537525740409103,0.516307979160286,0.12583951452236353,0.14930034337955944,-0.4574281749732707,0.28228281404074745,0.44348128247857926,0.09669277364503641,0.4676576282260678,-0.2390389929121468
2026-03-30,0.41427514365374934,0.6030730473890511,0.0910110090625148,0.04259286774879456,-0.23788894513321301,0.34471417055484466,0.5152202434548581,0.12231760238075817,0.13824408229300555,-0.4654100831120398,0.2822632597340183,0.4423716381311714,0.09898109496466184,0.4663858739672766,-0.20937811394302686
2026-03-31,0.41756717933888987,0.6021041562930747,0.10430611818031535,0.07344789191319068,-0.2413859176137838,0.3465771013799198,0.5158386970011575,0.13140229243853246,0.16062336704584212,-0.43818414480022394,0.283187082062484,0.44251915055111984,0.10505393918531826,0.48827975694451453,-0.17341962308142933
2026-04-01,0.419788292002356,0.5939609065490148,0.08501089314536157,0.0812310676527579,-0.27485404595019647,0.349337597605374,0.5149952085475421,0.12799127617764136,0.18243461433638486,-0.4481080784269317,0.28509416754451833,0.4413532257523351,0.1027650668567969,0.5299110291342171,-0.2006667061713756
2026-04-02,0.42366522944451684,0.5944376304248868,0.08957020630103474,0.04083541150517411,-0.28636229970103344,0.34996665650183045,0.5151766945106134,0.12953695210652805,0.17799428089261315,-0.45040673525987884,0.2866058257349707,0.4405686137862976,0.10755413037348445,0.4780178976316527,-0.18908900035811127
2026-04-06,0.4233234082217319,0.5970506036839086,0.08651566518232542,0.04979276085434092,-0.24585154770111595,0.349870866728627,0.5080132012930754,0.13583770519622446,0.17105797162124436,-0.3917748265027371,0.2861723016551879,0.44150435089773854,0.10839782039721045,0.5006888133351433,-0.1713900756611586
2026-04-07,0.4233192772352635,0.6052580035846392,0.08471645948159832,0.05021633156054528,-0.2096783994331355,0.34687285072606927,0.5117502749139413,0.12707481286283226,0.13348661875453582,-0.37589979815242414,0.28462556538392547,0.44364149834182814,0.11012908420489882,0.5433551907592991,-0.1419675741918538
2026-04-08,0.4247429285484468,0.6054440355579139,0.08232393474618284,0.06138778887859142,-0.21422028250917025,0.34779295808780114,0.5114049127191178,0.1262793689127846,0.14742765705096406,-0.37125000578416323,0.2842984189033329,0.44021250178638377,0.0995084141816202,0.6065375431880755,-0.1023782693229014
2026-04-09,0.4221052341258895,0.6055769272047131,0.07985583627578761,0.044054823950212096,-0.21301158780446983,0.3477635543776937,0.5111352448062186,0.12910551312029822,0.1467059901030543,-0.35217748353431066,0.28435181992123254,0.4386818374617019,0.10145413181606293,0.6112634869490212,-0.059053489722734054
2026-04-10,0.4222735274162985,0.5987918444517292,0.08156997110247463,0.04094274981826551,-0.23439274929621634,0.3462869234300811,0.5111278756313228,0.13350308203375688,0.11215903771185864,-0.32543008776909366,0.2831255634616473,0.43168184495660555,0.08433061125511045,0.5546535215189261,-0.11619773411447687
2026-04-13,0.42211394351473736,0.5993978370722673,0.07689796732027314,0.028409884479678738,-0.2315572379812154,0.34483113915095176,0.5119323619655453,0.1289422183168364,0.13151214566781677,-0.3004021095875745,0.28162077187057233,0.4306787557013959,0.09280672632340958,0.500361889014554,-0.06457050360149863
2026-04-14,0.42344776491219316,0.5990405146160168,0.0762213433336498,0.048965091329508326,-0.22364534323552954,0.3422612538026213,0.5084232603706672,0.11404239370659047,0.11256140897940603,-0.3292130633272151,0.28139062111591934,0.4281421969282207,0.08543682630660793,0.4948221511673272,-0.11058383436436925
2026-04-15,0.4234037008482293,0.5995453067233626,0.07529481645622436,0.04965839756320456,-0.2169067117900526,0.3309824998815539,0.5081647005951456,0.10483812961920869,0.17388235453488488,-0.31040539884575036,0.2813860888536552,0.4280033654472492,0.08579197442804541,0.4950872592920461,-0.11517668743472553
2026-04-16,0.41690918057424736,0.57931961917634,0.12636803371831393,0.00891770568251693,-0.1490050775863252,0.3305831023654816,0.5082498999530716,0.10386217675868323,0.1827372263957241,-0.3021346491064828,0.2814126901401012,0.4279180549250616,0.08582937509920442,0.48386000172685395,-0.10179230264796235
2026-04-17,0.4168771502033415,0.5815290205290589,0.129421683245609,0.008702862564598846,-0.13706089140876299,0.3300969101178772,0.5087052494217623,0.10309704285578444,0.1770551868751098,-0.29929075497243285,0.280043091367767,0.4287037241837085,0.08778010874340883,0.45816406886656713,-0.08219295884704114
2026-04-20,0.41617668712376565,0.5821811106543363,0.1310409139206779,-0.017218239780541378,-0.15190651734657623,0.33050940410540774,0.5087856769402536,0.10540674110574652,0.1669969627861656,-0.3166725793679892,0.28021425349391793,0.42887210667051706,0.08989916954229947,0.45078714889013694,-0.10628596322548622
2026-04-21,0.41771647176876064,0.5824420146508128,0.12619958418131855,-0.052232079734656156,-0.14693332062438547,0.32944648133175497,0.5070156652930027,0.11495089665928386,0.17411751000975295,-0.33093916085917063,0.27993002251298627,0.4278055826433917,0.08174795511614089,0.37786472144854466,-0.12758537887349242
2026-04-22,0.41569357708955157,0.5844786382022263,0.13445877112994553,-0.06483030004918744,-0.11401795720625751,0.32919100971484444,0.5084497218542599,0.11571579280802576,0.19329162799518373,-0.30766857912039813,0.27997328468510085,0.4233625523497336,0.0854797052478207,0.39000998296284695,-0.16308305579620697
2026-04-23,0.4158122816234334,0.5840258368736595,0.13402886717289617,-0.07055445849883157,-0.12158591104055094,0.32934569714657624,0.5073707326729987,0.11641554939411142,0.1807933755732556,-0.2888216215725058,0.2773763317990283,0.42335121974749007,0.08732754543025562,0.4340790686236644,-0.16467772589220542
2026-04-24,0.4058352304097973,0.5842344771118563,0.13399678460138686,-0.1060977798007734,-0.13151667122912714,0.32934243143622494,0.5071281083962872,0.11666407083912761,0.18053238816457573,-0.2848444540943552,0.276977105159141,0.4234497133258107,0.08682304431842795,0.41578563103489063,-0.17551434925436582
2026-04-27,0.40605511163763086,0.5745318316864301,0.14054677564803414,-0.11746008545840059,-0.08508545408334411,0.3296339805956288,0.5067053847983859,0.11753997001101678,0.17445269493619353,-0.2938176901131402,0.2767192316509428,0.4233534438808311,0.0882338153010231,0.42302338536248385,-0.18321139563241262
2026-04-28,0.33436704264712613,0.5749900770697612,0.16598759089086823,-0.02880870634952859,-0.0924534483456706,0.33083265023602354,0.5056225321286392,0.12092776835356689,0.14808168967208424,-0.28341204551988697,0.27709048627938415,0.4235202543850036,0.08975443945922162,0.37658690132326855,-0.1961289038337517
2026-04-29,0.3326047680898585,0.5588739974657082,0.14401683519540787,-0.01958047021968201,-0.03701459527755879,0.3305674496834192,0.5014098046364532,0.11437182958644018,0.15174851660143895,-0.2541023488365167,0.27727506790590734,0.42352368657305156,0.09004776228118656,0.3683404926724836,-0.1963058562684048
2026-04-30,0.3105966343912493,0.5531219425210241,0.2169423934290504,-0.06188447869174141,0.008868729091981109,0.33100642561239313,0.5002872119493009,0.11391101999577471,0.15945809083237283,-0.26554074606590106,0.27754904958380233,0.4235957542157098,0.09084641169097507,0.39483593788731786,-0.19003824344845877
2026-05-01,0.310597618629329,0.5503185206740112,0.224385892781811,-0.06186875187267504,0.0706562291299373,0.331009265795838,0.5006802383366037,0.11398519006950218,0.16374342270107833,-0.2282526636776976,0.2758098292449144,0.423613836483664,0.09841961340840841,0.44140651430115274,-0.18979057517440445
2026-05-04,0.3133676260617069,0.4491946214734135,0.20656504419258195,-0.07285002460629875,0.2731297553654144,0.3330226271537541,0.5007410559413683,0.10484974153368179,0.13055507743144745,-0.22776387678409116,0.2769544067785392,0.4241391193879648,0.09291985094094786,0.3977429582333827,-0.17626820419607836
2026-05-05,0.31129208531731345,0.38198340234467154,0.16690683417358448,-0.08259364247943113,0.1470003067182375,0.3309033431757045,0.49970046642849564,0.09781264325202207,0.10832120329936923,-0.2365126856965618,0.2760884682998203,0.42381767941866544,0.09834761633781626,0.3751015660405044,-0.14587106875792455
2026-05-06,0.3137926578452444,0.38165261230573677,0.176035635331486,-0.07581606194829371,0.16124677732394788,0.3330728755328063,0.49834435422640033,0.09940182067253527,0.1404173717720436,-0.2094220155289005,0.27582722717309255,0.4232935876674677,0.09465613582482826,0.3714794138485211,-0.15882801616726472
2026-05-07,0.31346833608323393,0.3812930159397037,0.1665261896875511,-0.06362554117595831,0.1630380210290534,0.331501296022747,0.49860034957677146,0.10248672883602451,0.1180225444185159,-0.2129895377567217,0.27564153541158704,0.4236182356690831,0.09459696551263339,0.3888676075283306,-0.17542946587465136
2026-05-08,0.3122297933185426,0.3764556657742041,0.18466539192475082,-0.07213882606403954,0.1969608763737083,0.33143762722393566,0.4979766219693305,0.101559668377244,0.12783411498688602,-0.19569927120941255,0.2743239773410925,0.41891347390956163,0.11104267790632005,0.4309437977351753,-0.22330849547408815
2026-05-11,0.30647438224019447,0.3766251641719131,0.17255636378366915,-0.044398130985168094,0.2341591874659925,0.32939317920708583,0.4928495475562176,0.08531221720240986,0.15497539243509806,-0.1342138657411952,0.2741458885121089,0.41938928926215596,0.11081644792900429,0.4140849866365113,-0.20629677588522632
2026-05-12,0.30394896842940033,0.37118029336902175,0.15404566803502134,-0.0712600565350795,0.16874836336274246,0.3296053701539218,0.49209468271786977,0.08542282666657115,0.15025161254448438,-0.12613632353400195,0.27186184477987385,0.41963970714930915,0.11280860376954062,0.4518897754995339,-0.21724364740641766
2026-05-13,0.29887875024204663,0.37002483564714483,0.12975224206494643,-0.04060411157922039,0.17457641047959904,0.3296035323651223,0.492268929268298,0.08527207789638927,0.1574327296969138,-0.14708900793581536,0.27183639837697593,0.41963504183008515,0.11190027424222877,0.44919641743671024,-0.23896265832771946
2026-05-14,0.2955598077745406,0.37006221060979566,0.1446093937517027,-0.06471707661692727,0.2201860618615279,0.329683855527457,0.4929574933573906,0.08393730781274547,0.1475702333334472,-0.1138646390688065,0.2711653998103914,0.4202458272897649,0.10989018262231579,0.46952913243206096,-0.2171942372488741
2026-05-15,0.300167023667482,0.37437134081807305,0.1678126366204835,-0.087145317267036,0.18083339449228686,0.3320063939599332,0.48803345113319163,0.08821686621508833,0.12362066560190832,-0.08733756141172988,0.2724248468312393,0.42090988542135316,0.11479244620790591,0.4138411220087157,-0.2378817911828871
2026-05-18,0.29779645798273385,0.37832844231054236,0.15740865376387483,-0.10291482068019964,0.13158877267828029,0.3319696431286129,0.48889167223627095,0.08954991759321987,0.11729378600318552,-0.09562169332572346,0.27208898462623266,0.42170962125065997,0.11506726062194594,0.43009540343526353,-0.2564044784525932
2026-05-19,0.2916690726781167,0.36191562264307015,0.23519231849628808,-0.13671155254765122,0.18778676069867428,0.3323448103063686,0.4858111860989332,0.0889072757187799,0.10185146038636117,-0.13050394065405413,0.2720268642530047,0.42116297364255967,0.11293315395790682,0.39514464057909215,-0.27323470579928033
2026-05-20,0.29172351662180146,0.36137789677133053,0.23411638884282962,-0.12383363100791211,0.20876594098530554,0.33206982722515016,0.4858437783714862,0.09087480616061121,0.09548304461050727,-0.11316582589146407,0.27167502782727415,0.4211087380391143,0.1118946353512807,0.380776858626926,-0.27467941020065556
2026-05-21,0.29080050947730574,0.34228427977541204,0.21912613544289694,-0.13082166196498246,0.1409509896428245,0.33198160193613047,0.4828830042510796,0.08888632970299216,0.09058383438858719,-0.14338742197608123,0.2715714264894208,0.42017983806670217,0.11034525331454612,0.37090689603138394,-0.29302944398215314
2026-05-22,0.29072083798455084,0.346879070366896,0.21710892464851475,-0.1291825449095204,0.11911073822199847,0.33068943583962124,0.4842195423042561,0.08902592416319696,0.06305678138772608,-0.16972226217868658,0.27154077048442005,0.4204929816976333,0.11267847597970007,0.37274664501137966,-0.32402593223255804
2026-05-26,0.2895665410277983,0.3428263652164777,0.23438238993704893,-0.14207589922270802,0.1509360395689714,0.330716436756152,0.47866705364056733,0.09249542438953143,0.05321886647195351,-0.12158995601566491,0.2708594584549714,0.4187528533444428,0.11997639017489115,0.337661102671581,-0.293249217678094
2026-05-27,0.2885813986227371,0.335071714274613,0.222514713299399,-0.16251227115034172,0.08097103032507436,0.3306615636767833,0.4719161642969727,0.10728970622633756,0.05392345247066266,-0.18615722153053527,0.27038144267297337,0.4187973776093554,0.12549358171209316,0.34783663615574234,-0.31790496579748695
2026-05-28,0.2816530121995672,0.33557999834668883,0.2074119350457869,-0.12186513004727262,0.07677004186997238,0.3310252134424868,0.4706493822753938,0.10532332117382459,0.06303598456881265,-0.21374659724769318,0.27055791456124456,0.4187958001832594,0.1243225357926314,0.3655345952959068,-0.31785745292780454
2026-05-29,0.28537824514126203,0.31023149078300927,0.20580947325770793,-0.10549792095106414,0.009103837839963935,0.3322941820138888,0.47027032338551944,0.10526209384924788,0.08248880509073864,-0.20369839974604287,0.2711965656366179,0.4183742614680005,0.12493125287113724,0.384643171680364,-0.30545908212047634
2026-06-01,0.2869585202272551,0.3111069131580715,0.21614253807039902,-0.11270608002285842,0.006756646474770145,0.33351970492966404,0.4700269307658826,0.1117325379955049,0.06205510362656219,-0.2021304126779795,0.27178272072697546,0.41900019336723554,0.12806889671351723,0.37015413618280046,-0.31422352035037626
2026-06-02,0.28480611850573584,0.33077268080166483,0.22053859098121725,-0.12382969910699504,-0.021028906706219375,0.33340417324652105,0.47878758186732334,0.10899789504091992,0.07165035280770149,-0.26408311157455755,0.26998411464180033,0.42361476392847686,0.12110219529515956,0.33047803111635754,-0.37001613536827205
2026-06-03,0.28495208385599363,0.3410253575485194,0.2325538185850708,-0.12477227670105251,-0.06415004046025963,0.33383720977106185,0.48062896732604354,0.11337809061424488,0.054459113449483176,-0.30938412356350253,0.27020167861766564,0.4254295414159399,0.12477152162343119,0.3227028436153916,-0.3928400999573479
2026-06-04,0.2794239780046626,0.3376165917678456,0.20775072028653405,-0.14061160296916098,-0.08759641482860592,0.3340077688587823,0.4805903578349012,0.11312424596854373,0.06634785706178814,-0.30666247774262634,0.2702484926996131,0.4254057268853577,0.1248911507026628,0.3253118571171123,-0.39081098673444237
2026-06-05,0.2850370763214381,0.34955704678070604,0.25371416035192457,-0.15713160155700057,-0.13221608628762394,0.3358968728444905,0.4844683457575415,0.12707895824336915,0.012126085019129151,-0.3414572673568458,0.27208830695680086,0.426741143909053,0.13407532692335042,0.2933838044444561,-0.4002254855164561
2026-06-08,0.28464724232671496,0.35762513306474647,0.2539301461492639,-0.14873774462407607,-0.10501500416206544,0.33586004400978964,0.48666205540935814,0.12721657503081465,0.008109442330737071,-0.3010933814918768,0.2719251563255566,0.42733647728462576,0.1359113016633892,0.3038306863731941,-0.3956281052695547
2026-06-09,0.2856221029627646,0.3598136447970904,0.2683556122890898,-0.15316993560518022,-0.1313894920903248,0.33684828688288104,0.48394824231512407,0.1330951201797742,-0.011256756498007725,-0.28669362085431116,0.27257407145649487,0.4240048357665319,0.13936608901419306,0.2776535894108929,-0.44109630182654413
2026-06-10,0.2932729906818018,0.3405382024179948,0.2979120080726665,-0.173703641737338,-0.1791557884452445,0.34092581262410604,0.4831376085122206,0.13195171680499748,-0.045934032493477606,-0.30047242847982447,0.2750870784407884,0.42400104162114977,0.13843956123672777,0.23625648304590086,-0.4426734045087457
2026-06-11,0.2931455362227625,0.3483011218344229,0.2909704248589228,-0.17854721465596335,-0.14016605445083608,0.3406702138099189,0.4854411746561409,0.13159658491375117,-0.059420633335591666,-0.26215135836253356,0.2751415187740364,0.42536035798535365,0.13618963033031678,0.2303735562630702,-0.415189728381942
2026-06-12,0.29805680715603383,0.340873761211191,0.26624146227820145,-0.13426746546319346,-0.10811027307177234,0.3434949278586046,0.48538742228424475,0.13125980204701443,-0.02880059464142548,-0.25647864958327327,0.2761777989873241,0.4247052091783622,0.13968191920609224,0.2458264537826922,-0.4001343691189533
2026-06-15,0.2775886995786729,0.3507828012484808,0.285728031106385,-0.05517078552243926,-0.05182584060923168,0.34555152515522825,0.4873936190188804,0.14258409693199364,-0.008137056645434959,-0.24759415718376965,0.2769997005064562,0.4270000257693242,0.14764208201256165,0.2603104831202645,-0.37516359044463876
2026-06-16,0.27734548079052196,0.35074423385480014,0.2878684012068331,-0.048197775843584645,-0.06979246786075144,0.3444822232892354,0.48743234140445035,0.14133103165245342,-0.025730523674932226,-0.2586661877990831,0.2767693975355546,0.42700033444631585,0.14860344884530743,0.2742222924899371,-0.385743144560876
2026-06-17,0.2670305040825247,0.35216200672989856,0.30435866974312675,-0.005876591902416184,-0.09160864337538632,0.34439589508540625,0.4877603514757809,0.14102438908448806,-0.027587342162282646,-0.2630648944963043,0.2767890418274717,0.4268935296854398,0.14726662955920744,0.2860371680804574,-0.38415145990239863
2026-06-18,0.27463410252606546,0.35503680564840745,0.32354103410216656,-0.035461176205417444,-0.10807739750324796,0.34734767601837807,0.48868793010915107,0.1478129437849999,-0.05705336978923892,-0.2821017589011775,0.2786799377184526,0.427433244431515,0.15208608226505838,0.2458260557733194,-0.40031963343792853
2026-06-22,0.26588427476341187,0.3560738980100741,0.3051808639556688,-0.07679626219147861,-0.1031803314429276,0.34722130604943263,0.48949452559469614,0.14542643223224344,-0.07687745403493984,-0.2674563784617292,0.2788012870825659,0.4276368139390569,0.14938314667095548,0.24130911064869687,-0.3809664880949093
2026-06-23,0.25495649649892455,0.3510702257557998,0.27047861033686255,-0.051847431042250425,-0.0890167294165547,0.3410313076133777,0.49016371122556823,0.1510649682868963,-0.04470950155316844,-0.28081986737653086,0.27912705053033177,0.4273701290737704,0.1510124700845109,0.22220910231038182,-0.40642791100014775
2026-06-24,0.25772669891485184,0.34765167941949904,0.3563717108692226,-0.10766832524693892,-0.08054526791619421,0.3442529644216269,0.4907496458648259,0.15744257037551576,-0.08606337292675525,-0.3102449258803083,0.28071129355728597,0.42804886204819886,0.15829666050651828,0.20243563581795376,-0.4248218319339374
2026-06-25,0.25810651123895123,0.3496818377266484,0.3401167151109623,-0.10570037612544292,-0.10450769957962902,0.3442903012294878,0.4913291808068539,0.15403457215313882,-0.06760959051795723,-0.3175354183015453,0.2808452687757676,0.42821532762456355,0.15651711745440028,0.21073254746212822,-0.4437315937044034
2026-06-26,0.2529449206548239,0.34618623298072443,0.3207295766968649,-0.11862042374230164,-0.12042333152886187,0.344755210388248,0.4894350271454786,0.1565284919257558,-0.05388495189083242,-0.33274075275944237,0.28106776902977215,0.4282742506888832,0.157054413796561,0.22350651275014832,-0.4388890268558331
2026-06-29,0.24196698955176574,0.3462913985353275,0.3330568876463383,-0.16085271022921455,-0.11663255510781001,0.34283006372027325,0.4848246160770211,0.1411607316787476,-0.09268787996321548,-0.3594296713971157,0.2808195591134526,0.4282818499651705,0.15720638848987287,0.22852530185258857,-0.4384231883711166
2026-06-30,0.23625662923435842,0.34849812669269464,0.31523034176195197,-0.1370173661882802,-0.1245311553017796,0.34246993332242537,0.4859482496481697,0.14046375504958403,-0.10177711521475963,-0.3752324269861689,0.28077097477338586,0.4289627900377169,0.15704412989011,0.22093903909549195,-0.45341227651386784
2026-07-01,0.23771677029622976,0.34683630018099265,0.32740448861692434,-0.12856752147584882,-0.12861011352546092,0.342749899805215,0.4865672451034723,0.14241182631270874,-0.08517649247199022,-0.34284266576632594,0.280699138958484,0.42964995815024676,0.16016463305920892,0.21869957694098874,-0.4323109410778617
2026-07-02,0.23913075261166788,0.33800498163676124,0.3466817193660923,-0.11932460492548369,-0.14533361351199714,0.34314017770750405,0.48824293020252746,0.14570905391697675,-0.07510031728920774,-0.324538693480103,0.2808608510736076,0.42930357451139667,0.1617969137335147,0.22799662329174142,-0.43518570017940983
2026-07-06,0.23623481847309624,0.34855085535464975,0.37760821124836846,-0.12762709754361,-0.10022507109676382,0.34320978747219827,0.49223806295768335,0.1506017987455862,-0.0740740539842133,-0.2929751105610836,0.2809519562000587,0.43127850669324463,0.16469106607776896,0.24667208763209114,-0.41635935626662024
2026-07-07,0.23516407588344046,0.34831659381022767,0.37340533121085795,-0.13711085464015105,-0.11802549714890176,0.3411707191322207,0.492140680489233,0.148310065729742,-0.09909642525277396,-0.3058962864042719,0.2809712701962134,0.43118164706818113,0.16497979060659387,0.2423128350048549,-0.4140992862873819
2026-07-08,0.23724644054529354,0.34731196004177506,0.38648976430857857,-0.14726156460312867,-0.1469116563636943,0.34207681022663233,0.48762881383683904,0.15367804913362015,-0.11234810818225549,-0.3468693786211633,0.2816110063710442,0.43139838274360365,0.16686164853049393,0.22125159827459528,-0.4251370309328526
2026-07-09,0.2397201697215999,0.3459307294191166,0.4011864254095675,-0.1314343479656912,-0.15159490725541835,0.3425440663224117,0.48747663763136395,0.1547830035777433,-0.10675849812837956,-0.34804924722055053,0.2817971575216752,0.4316607447775255,0.16911683683704248,0.24839456317676833,-0.4199817362206879
2026-07-10,0.23636751998513708,0.3477503515588844,0.4026755984159264,-0.15183189779930595,-0.13553856319257074,0.342633031721848,0.48793233574317946,0.1530860927913992,-0.11030126921227312,-0.32887133794124723,0.28189526301256074,0.4313346406458612,0.1680794498845101,0.23869322352077416,-0.4239726469124224
2026-07-13,0.24132443504064682,0.3514940792068705,0.42399902162286723,-0.16956217968437737,-0.16798267371971798,0.34456442591786796,0.48942488467090745,0.16044681811114947,-0.12832396825162318,-0.34845281611552514,0.28322820659914855,0.4300300704675975,0.1737973901790179,0.20446823525387114,-0.46339665569248467
2026-07-14,0.24442809531804033,0.36352256379455555,0.4459209248600331,-0.15360935954858312,-0.13567172546770523,0.34108990049981147,0.48157951090060697,0.2114227624323507,-0.14606149692460024,-0.2644610270744443,0.28342941284226814,0.4321225507502082,0.17706061623162764,0.20978000926631135,-0.4472619484881667
2026-07-15,0.24170732462420327,0.3586870142466169,0.43220409217455885,-0.16964505948463504,-0.16096205116569284,0.34028940751493064,0.4811118684571925,0.2090813763771879,-0.1624185945574942,-0.275961340358703,0.28346789849340287,0.43155927794803306,0.1777247870478948,0.20621593016986406,-0.4600539399542204
2026-07-16,0.24244276273723586,0.35838536489439177,0.4329906543141391,-0.17327280916037002,-0.15925715450143763,0.3399171595263942,0.4813782658036451,0.21035964873851568,-0.18750759616534018,-0.2869714721451747,0.28379963968330973,0.4314628842072643,0.17816690676541655,0.1964216609450269,-0.4583901806111631
2026-07-17,0.23973250764516388,0.3580056335804007,0.4497444045471169,-0.14848716720218458,-0.16310229398797116,0.33942178326583466,0.4813999742800676,0.21050895972239025,-0.192963453379963,-0.28607045295524913,0.2837991140842635,0.4313530048863669,0.17789776733807694,0.19639187043939477,-0.46184719587007417
2026-07-20,0.2389127234195049,0.35699838261215056,0.44173541812480027,-0.15508102201898866,-0.16588951025659693,0.33786993701642043,0.48231207767015194,0.21468581735960982,-0.2098573728787505,-0.26099308438145075,0.2837614300139733,0.43191220453368623,0.177698875668315,0.20046030063896092,-0.453180377363433
2026-07-21,0.24155382434113998,0.3598601874720691,0.45327389405948343,-0.13708723489759667,-0.1503000571147589,0.33874736156227137,0.4830476253165271,0.21827105742693942,-0.19796957777112623,-0.2536115987815649,0.28410088278332163,0.43237483038153857,0.18003332236414407,0.2138283783684547,-0.43641265635413895
2026-07-22,0.24500406402055336,0.35957105154990643,0.44604518500231066,-0.12423801643836008,-0.14659440725902328,0.3338080137297279,0.48305138974743383,0.21855204385689656,-0.21715441852817152,-0.2588314700246367,0.2843271911520468,0.432384457294379,0.17961334229070433,0.21885275404307647,-0.4371504060500271
2026-07-23,0.2488599752040429,0.3606105044353629,0.4527211302976417,-0.1370987104764969,-0.15926521933714943,0.3353534933116131,0.4777616998131397,0.22739641393553098,-0.2384551696860916,-0.23079951991350867,0.28529206806611623,0.43194134556438474,0.1800673026292655,0.1761187120247234,-0.4579391803579991
2026-07-24,0.24709718090272262,0.36079824106754693,0.4436375427922307,-0.11665651091655749,-0.16047240293194842,0.2930213277505316,0.4780852397032504,0.25385197714456215,-0.14210449409933046,-0.23808962426224434,0.28497315532907364,0.43204129164003124,0.17887135048745162,0.1981398433665762,-0.46024573973389904
2026-07-27,0.24661241479752571,0.36072143334219403,0.44226561293033045,-0.10621506083525223,-0.15903733705729484,0.2918090111734145,0.4687162617776926,0.24127294174929306,-0.12371579021936785,-0.1901652296696571,0.28486559264184935,0.43205390576119795,0.17885987366282644,0.2085371276122694,-0.46163744899381465
2026-07-28,0.24460280619938438,0.3603056498845174,0.4364683107084596,-0.1276352458138933,-0.16293909676846008,0.2785441728395968,0.46547408520939465,0.29146291038283356,-0.1816210838557497,-0.15551543038421034,0.2847926785840288,0.43206350702431395,0.1781375920156015,0.2107866149811095,-0.45704183320445924
2026-07-29,0.2443622053614308,0.3559008369854222,0.43518172203959293,-0.13095057620236428,-0.18254047802159024,0.2784580711168909,0.46285857568783695,0.29595383604354886,-0.1847175793683914,-0.12478187073223457,0.2846692686338701,0.43204634590220764,0.178525908461371,0.21942599662480955,-0.45805849784816466
2026-07-30,0.2427741641304798,0.35391388785759187,0.4815224441025202,-0.09555946566413187,-0.18918944972642304,0.2791413413110408,0.4071043404822162,0.30910243343998195,-0.16144798084543388,0.032267037517496266,0.28503859375634844,0.4323049569893091,0.1799527571770416,0.23348378389176982,-0.4511183060063134
2026-07-31,0.2420881379695092,0.3561681348739226,0.4672080373499677,-0.10101783955346422,-0.22382265935285228,0.27768431103878055,0.37138765467065765,0.2904411261664568,-0.17526805070877205,-0.10972435220997556,0.284885043792848,0.43318155310778783,0.17962686396707456,0.2461314215528041,-0.4669174823197798
2026-08-03,0.23448263084323986,0.3567748558213157,0.46463860439431454,-0.12862403975233305,-0.2206456776558603,0.27593535584119977,0.37166255604330445,0.29387602697714743,-0.19468833353472415,-0.09497730478437838,0.28492238556615307,0.43309660352456636,0.17892713652455092,0.2421049619366138,-0.45178055010950136
2026-08-04,0.23688656549612114,0.3567156905418951,0.47552228178905137,-0.11851234716529069,-0.19940058268112704,0.27677529617769847,0.3709859852403501,0.29400702765388753,-0.1745974761168244,-0.06887243804444465,0.2835801029059881,0.43283725859012107,0.18605251821506785,0.22142480087545202,-0.4347343403857884
2026-08-05,0.2492054511296531,0.3573820621335209,0.47143740803167467,-0.08994440197702902,-0.19441195194110406,0.28130317504409663,0.36926305018290506,0.30531063984927054,-0.15559474447141375,-0.035742623999238665,0.2856851601726797,0.43260989979498915,0.18684683070404867,0.25647919624548865,-0.43863350089390496
2026-08-06,0.2491946683858114,0.35426096831543796,0.4743156465684807,-0.09074377311583659,-0.21371035812068484,0.27820912056373487,0.36896738358718056,0.30229793197772464,-0.1311130501761194,-0.029593414465298062,0.28568960248853603,0.4325803102360236,0.18698097001747385,0.2518124315893391,-0.4369957984559306
2026-08-07,0.25373259394169845,0.35452412184372106,0.4767399770489934,-0.06123711524945652,-0.1938094783683204,0.27879375588665983,0.3647710038290972,0.29311472401105293,-0.1281334114898146,-0.057766147284418645,0.2865416781618899,0.43262685931668954,0.18863004257274782,0.28144123039938296,-0.43596175360564293
2026-08-10,0.25375800850329344,0.3545281684152677,0.4765285197915354,-0.060976902732369886,-0.193833123543786,0.27608523637584675,0.3642810921234122,0.28349905988723534,-0.09910510134928985,-0.05309540400450952,0.2865215073812856,0.4321689453096538,0.18753738127603914,0.2797001064938627,-0.4560657618422498
2026-08-11,0.2539328460505447,0.3504667126706625,0.48568407084521414,-0.05212040151346031,-0.21590506007001709,0.27437917376148996,0.36365665279509557,0.2923198460141759,-0.113464398112336,-0.04325828312128277,0.286377246931127,0.43215755080838253,0.18789508986612335,0.2720476715104805,-0.45537262362734854
2026-08-12,0.2485196083161364,0.3477995691248564,0.47358685146899077,-0.0206931112835802,-0.19810423632172125,0.2745545066983893,0.363462552498165,0.29226302534014037,-0.10603512080256661,-0.053094703346793226,0.2852199810426002,0.4317017143750062,0.19308072768125578,0.3121567433460053,-0.46600133244503683
2026-08-13,0.24940510863680673,0.34443217326831965,0.4742750513754978,-0.030188700670525037,-0.1761048123812321,0.2737080105742398,0.3627122689758209,0.2876373684247487,-0.12999665663464932,-0.06768945582693697,0.2854459671708011,0.4314617511102023,0.19312186152549923,0.3005001183712104,-0.4724087662230432
2026-08-14,0.24871191624066252,0.34450523767449986,0.47506997153919267,-0.016381536492615867,-0.17948077974649201,0.27045770509604505,0.35524508577231384,0.3293011914976932,-0.15085354375324556,-0.02539813328408358,0.2854544628035453,0.4305258489520327,0.19304704687628446,0.30190996717356744,-0.4894314937129619
2026-08-17,0.249053332715052,0.3481244095093438,0.47737386663673587,-0.013582257409164522,-0.16720748553016995,0.2705453694251501,0.35676875607704706,0.331304429652198,-0.13573394816481565,0.006651227398642989,0.28541676362483664,0.42959953555066405,0.1923461191430082,0.32232805033083856,-0.45499760198431305
2026-08-18,0.25017275763898705,0.34822385250928645,0.4714535272392833,-0.02683542153962526,-0.16583180638334682,0.27052309385915574,0.3463211104700435,0.32610798711111205,-0.15414642905926312,-0.04825497396451217,0.28571222350932685,0.42959091708532154,0.19154939092134543,0.306864533208999,-0.4490492406695714
2026-08-19,0.2566422348985222,0.37422211916315007,0.5112690213830352,0.004885834900232755,-0.08242415649374124,0.2737186788828799,0.3602573759887782,0.351879657228411,-0.12492787459570742,0.02686897960096224,0.2869511031001219,0.4353267060376493,0.2032295442578064,0.34555944484531986,-0.40417368041603396
2026-08-20,0.25670766630790515,0.3903323705534484,0.503954984290281,0.015347733525942653,-0.03683415116940558,0.27339619274119503,0.3665657378616656,0.35964437805746174,-0.12890870873849425,0.10854228750117101,0.28690289894652005,0.43788462568032865,0.2025099524196844,0.36106230648818327,-0.3527253901379618
2026-08-21,0.2597917334339374,0.4142283359520058,0.5233487432666918,0.0521985883486229,0.05367543627540794,0.275084011738547,0.37516389148305057,0.3729363649452821,-0.11879659394509534,0.1389926219788502,0.2876756506490804,0.44350698876390304,0.21116382830387115,0.3813191965932543,-0.3145012974829633
2026-08-24,0.25893618575549915,0.41374132838100774,0.5315485100588794,0.044117975822192346,0.07381267331011654,0.2703739911531509,0.3751074847487375,0.3741401445104545,-0.0831235970860742,0.1562493172006416,0.2876661227441964,0.4433560342353121,0.211028051815496,0.38922393808288835,-0.29758793064675093
2026-08-25,0.2556054799961725,0.4138824523400442,0.5413567024876166,0.02209884607010615,0.07076835962201877,0.27034151944333235,0.364292586569559,0.3814664131344433,-0.08573045719677186,0.0805164611321818,0.287513091134344,0.4415230752328785,0.20901851912074743,0.3732631271025293,-0.32778103946401094
2026-08-26,0.25313147146417386,0.4093773591716237,0.5270062164286152,0.03262099868434998,0.10807168988351412,0.2701872544606873,0.3622707434530435,0.37698875877716703,-0.08376166622665238,0.11555853856075826,0.2876855155941562,0.4377376199719152,0.20940319300770008,0.36160930641916345,-0.2823801388728374
2026-08-27,0.25310576113650585,0.38444577061168106,0.5698111048085976,0.03188125860520086,0.20319550043405532,0.26916674429022475,0.35815418671942223,0.3981815079635689,-0.09589628716202847,0.17789361450608498,0.28766847945606583,0.4377498300892607,0.20912040494679515,0.3585785027672568,-0.2821499796656216
2026-08-28,0.259151776433056,0.3798824598079755,0.5832320479038671,0.014103741157698302,0.2158253292504273,0.27191558816661743,0.361134739479289,0.410925313847164,-0.11242829143760258,0.13783008518640427,0.28924865557432167,0.4387192778023065,0.21466097714476184,0.3135474610182756,-0.30022616634626786
2026-08-31,0.25953113987135623,0.37982157931685706,0.5821839157685506,-0.005216426193119239,0.23113941582676545,0.2692280670561486,0.3600329927775485,0.40177068239551095,-0.14509453911349535,0.12329601684615676,0.28941916804936285,0.4386473427143152,0.21291255919790752,0.28990010563756563,-0.30206789171118287
2026-09-01,0.25433506016178603,0.3675280655877108,0.558230555625653,0.007124389858138125,0.27052257527040413,0.2700230924703305,0.36071797073661266,0.40658612390189613,-0.15112667848738826,0.10253905282807851,0.28991061660877376,0.4373613995390814,0.21843816103017166,0.2503625551713622,-0.28601579048219805
2026-09-02,0.25446475330732315,0.3619474135626469,0.5664813257307847,0.011734013947472421,0.22522989171510632,0.2698184741309415,0.360699032034108,0.407315850101953,-0.13874902144653822,0.09656236953715758,0.2891964062223223,0.4365363989447879,0.21501134592543453,0.22894052604618542,-0.30485549234473797
2026-09-03,0.25791221600966235,0.3700336630260645,0.5808820024075133,0.05914053886138526,0.3184094249166465,0.27259911283691335,0.36762609231164967,0.4271508104843184,-0.10308794927284903,0.14518428020975116,0.29025772175263315,0.43952832483275145,0.22322584194647244,0.24876905579528108,-0.27256170400468527
2026-09-04,0.24797670600559915,0.37310659596158474,0.6030377529492474,0.08305719623324248,0.2965482589874362,0.2728059523134143,0.3608363393802898,0.4530429694682851,-0.10507378296230252,0.06426413339123327,0.29050749177836543,0.4398553962672797,0.22451268378909878,0.24119005136585425,-0.28044276355093245
2026-09-08,0.24848421220261074,0.3701681888266733,0.6236983959210294,0.07899854156538688,0.23406665466213328,0.27300425021848573,0.3610922680823473,0.4555878230725584,-0.11365364264895972,0.061092400748799625,0.2904055609995376,0.44008708552296427,0.2254457110596887,0.21506581465267316,-0.29111721356974973
2026-09-09,0.2413662726518898,0.37027853053680104,0.6460394106597327,0.05234981618608381,0.2315955822131095,0.27129718111665985,0.35696528198517413,0.4455598394409169,-0.08894652641387912,0.09844744750606194,0.2903764574535443,0.4398595226941442,0.22491046922611355,0.21300383797517286,-0.3016996066194666
2026-09-10,0.23686471694423156,0.3648404511120824,0.6334580058034881,0.012799822084120782,0.15505660775839236,0.2571105950962534,0.35733693991870064,0.4481869768588585,-0.04307713967724691,0.0951948281100663,0.29065827233303804,0.4403207697360484,0.22651681666684909,0.1969202822038092,-0.3134784402535453
2026-09-11,0.23686323426087705,0.36401599979418997,0.6352163511132954,0.012516075974250418,0.1764183419512153,0.2569453330620402,0.3573010140120112,0.4498010696393969,-0.036284946893582415,0.09431320262978682,0.2906574654540448,0.4398166359362821,0.226890142652833,0.1974198539771188,-0.32277167745099766
2026-09-14,0.23805879981819886,0.36194616383192857,0.6357432651908043,-0.006733007864499374,0.21336959365166286,0.25189468945423393,0.35765743323775456,0.45892038070013497,-0.01257003262742018,0.1022144512642904,0.290966447487484,0.4397902326641674,0.22547838491025887,0.18464171021779263,-0.3233049249693857
2026-09-15,0.22915834899143422,0.36539630302048753,0.6190475585674864,0.020466780739644808,0.20217405872261351,0.2519667298522676,0.360921953187842,0.45785617560146596,-0.01572017158393879,0.07224621510995677,0.29099680297314623,0.4408732713090564,0.22600017682278034,0.1753472003763823,-0.3487383286806638
2026-09-16,0.22942648351862202,0.36440332141359477,0.6300275328716168,0.04397168394110418,0.19073984748962958,0.24781847008823496,0.36071681689057417,0.45926823197425065,-0.0362014392193164,0.06787891536334878,0.29112619291815117,0.4409425410333191,0.2269346023657722,0.17975262167249206,-0.3403750464236708
2026-09-17,0.22773062517595904,0.36118326536606077,0.6238691540470255,0.060322046286108266,0.21918283055682908,0.24116721422323295,0.35676945803617693,0.4418820724486443,0.005347072108711437,0.11065516241984263,0.29113227391823643,0.440756936562684,0.22700297687227586,0.1810958309766466,-0.34609988761646837
2026-09-18,0.21558074945362976,0.3720460481500964,0.5930620448439762,0.10379660957080272,0.32635928814504456,0.23827057576830885,0.36182844358985516,0.4731300411529184,-0.015047322794935036,0.21952732392826957,0.29116400096779516,0.44466967200064933,0.2272420307170041,0.19019308306763527,-0.3053790895325835
2026-09-21,0.2160779593167858,0.3900930345781323,0.5410030946981401,0.08308622308864866,0.45010857330445875,0.23838119544448774,0.37439552287359573,0.44211173322418756,-0.03139639806810701,0.29856106216771217,0.29111341166392113,0.45002235804949536,0.21987078828374496,0.1918277041429559,-0.2606711467228394
2026-09-22,0.21501932939869775,0.3907588123674696,0.5450412031748003,0.06837880795144113,0.4358115219230976,0.23515410703453843,0.3733113936061213,0.43621439316393384,-0.058352738965053885,0.262906315005593,0.2910442173867392,0.4498970816499725,0.22063838416666448,0.180959534966731,-0.2551376017056519
2026-09-23,0.21479223054748714,0.3945918907414622,0.5569274713011737,0.06920201212162014,0.40314736358366177,0.23008238678112475,0.37474094934423985,0.45484958504606765,-0.10278202931067204,0.23949470137611217,0.2908246681076382,0.44966105632873415,0.22642653261242568,0.14391666197799613,-0.2515820435262123
2026-09-24,0.2151140704643907,0.38903152299696353,0.5638474933516818,0.06425653089018213,0.44092735754383905,0.22669852811730354,0.3736757169757565,0.4498365020091599,-0.08156509592106675,0.2614870090029646,0.29069261613646047,0.44962989746501764,0.22692362373915148,0.1263988403176186,-0.24671303715143877
2026-09-25,0.21434693369740912,0.3876877078403428,0.5562355787454539,0.05849507610257776,0.40049431799909385,0.22685636371802934,0.3716647891862571,0.44985422865995517,-0.07759301232632065,0.22037658476946764,0.29043896042866174,0.44945599321579444,0.22838748304718395,0.14678487389447858,-0.2584846407347544
2026-09-28,0.22633471505706082,0.3864457633170371,0.540091376663833,0.01034968732816921,0.35809060562430095,0.23255735969179842,0.3667033440395045,0.450716910434669,-0.11020988994885061,0.1607143904322248,0.2927287965246323,0.44792429068939554,0.22892989312093853,0.10535382100687807,-0.2342672740659335
2026-09-29,0.22541977467461732,0.3795406803715945,0.5346636752089524,0.001991554814037455,0.3118472849814242,0.23065372636355336,0.36628197759560793,0.46182342277815364,-0.12588971909008728,0.18036729757606462,0.2925734195927818,0.4479136184117775,0.22860026965248073,0.09629818973155557,-0.2348051824500339
