date,macro_score,crypto_score,adaptive_state,baseline_state,gold_log_return,btc_log_return
2021-01-04,,,,,,
2021-01-05,,,,macro_stress,0.0039990049848821,0.0612800117132046
2021-01-06,,,,macro_stress,-0.0237132772438304,0.0800218282308797
2021-01-07,,,,macro_stress,0.0026162958065825,0.0668709242585272
2021-01-08,,,,normal,-0.041723817311448,0.0355928898794495
2021-01-11,,,,normal,0.0083555497283374,-0.1372149091811056
2021-01-12,,,,normal,-0.0035724517865656,-0.0473164778588302
2021-01-13,,,,normal,0.0057852467661101,0.0953397207362574
2021-01-14,,,,normal,-0.001888676574639,0.0489216127788516
2021-01-15,,,,normal,-0.0116807889445347,-0.0621664989723083
2021-01-19,,,,normal,0.0056129009387326,-0.0207308533639221
2021-01-20,,,,normal,0.014190784540518,-0.0145792169753384
2021-01-21,,,,normal,-0.0003214958670989,-0.1425281308183592
2021-01-22,,,,normal,-0.0052121626316701,0.0683334114753027
2021-01-25,,,,normal,-0.0005388802341492,-0.0195615254057361
2021-01-26,,,,normal,-0.0023204601686757,0.0062663834606837
2021-01-27,,,,normal,-0.0032469317560535,-0.0678743452244088
2021-01-28,,,,macro_stress,-0.00380145994189,0.0950202595471694
2021-01-29,,,,macro_stress,0.0051015112416479,0.0250900708478187
2021-02-01,,,,macro_stress,0.0089459398393847,-0.0229684386344786
2021-02-02,,,,macro_stress,-0.0164988999921815,0.0571679388794201
2021-02-03,,,,macro_stress,0.0009267827687358,0.0537738978015394
2021-02-04,,,,normal,-0.0242132035881503,-0.0146786767038236
2021-02-05,,,,normal,0.0120971727303134,0.0324588533084337
2021-02-08,,,,normal,0.0116254607490544,0.1915267149858497
2021-02-09,,,,normal,0.0017975595830863,0.0061426193854519
2021-02-10,,,,normal,0.0028259087556818,-0.0342032034296284
2021-02-11,,,,normal,-0.008666031803056,0.0644676160583941
2021-02-12,,,,normal,-0.0019726568896949,-0.0084784646579247
2021-02-16,,,,normal,-0.013362217199389,0.0350591594663551
2021-02-17,,,,normal,-0.014670709854629,0.0582141521695209
2021-02-18,,,,normal,0.0012401778136119,-0.009038226589304
2021-02-19,,,,normal,0.0013512131306869,0.078285135436932
2021-02-22,,,,normal,0.0172908538806124,-0.0305361040243425
2021-02-23,,,,normal,-0.0013833939434624,-0.1045852445010098
2021-02-24,,,,normal,-0.0044397652658938,0.0178814957381217
2021-02-25,,,,normal,-0.012593567325938,-0.0539697592520518
2021-02-26,,,,macro_stress,-0.0265982089489051,-0.0161420754568872
2021-03-01,,,,macro_stress,-0.0033605969086867,0.0686201412803875
2021-03-02,,,,normal,0.0061331996113498,-0.0255549252084907
2021-03-03,,,,normal,-0.0103206845424796,0.0436647276939012
2021-03-04,,,,macro_stress,-0.0088395703090373,-0.0399061221991274
2021-03-05,,,,macro_stress,-0.0012943936871234,0.0075114201765362
2021-03-08,,,,normal,-0.0121429005734876,0.0656377328366062
2021-03-09,,,,macro_stress,0.0229177452758664,0.0481568402532346
2021-03-10,,,,normal,0.002849930279603,0.0213741797980286
2021-03-11,,,,normal,0.0004644795996542,0.0315730003902974
2021-03-12,,,,normal,-0.0016267298137329,-0.0082168728531151
2021-03-15,,,,normal,0.0054508121875267,-0.0251673398143985
2021-03-16,,,,normal,0.000982672981121,0.0159294715476097
2021-03-17,,,,normal,-0.0021978313231869,0.0357241870803566
2021-03-18,,,,normal,0.0031217648500554,-0.0173391519166123
2021-03-19,,,,normal,0.0052961676389298,0.0083943190505788
2021-03-22,,,,normal,-0.0020690711799629,-0.0676666643096535
2021-03-23,,,,normal,-0.0075075428755857,0.0038401154329434
2021-03-24,,,,normal,0.0046843770460753,-0.0365517577776586
2021-03-25,,,,normal,-0.0046843770460753,-0.0204854329155548
2021-03-26,,,,normal,0.0041650278243308,0.064288419319892
2021-03-29,,,,normal,-0.0116709686811553,0.0463001342354374
2021-03-30,,,,normal,-0.0166665186758292,0.0200146099199844
2021-03-31,,,,normal,0.0176006096113781,1.9359447593458867e-05
2021-04-01,,,,normal,0.0084829834568527,0.0029992328786878
2021-04-05,,,,normal,0.0002314152535998,-0.0006420398652888
2021-04-06,,,,normal,0.0081802120834044,-0.0147638975496207
2021-04-07,,,,normal,-0.0008035496178635,-0.0375288708531655
2021-04-08,,,,normal,0.009486313743265,0.0397876757042272
2021-04-09,,,,normal,-0.0076505667730621,-0.0013545498361153
2021-04-12,,,,normal,-0.0069591065359286,0.0279088834859244
2021-04-13,,,,normal,0.0085625467707979,0.0585271434502683
2021-04-14,,,,normal,-0.0064869636351971,-0.0062199381491705
2021-04-15,,,,normal,0.0174135878868142,0.0032322511169766
2021-04-16,,,,normal,0.0075556617375349,-0.0278866218745683
2021-04-19,,,,normal,-0.0054072317080144,-0.0998043363173213
2021-04-20,,,,normal,0.0043956389897248,0.0133475005589662
2021-04-21,,,,normal,0.0082318545046655,-0.0465197455418273
2021-04-22,,,,normal,-0.0062096228520029,-0.0405818837468068
2021-04-23,,,,normal,-0.0023596567577035,-0.0130013026852058
2021-04-26,,,,normal,0.0012928564953416,0.0557265463428784
2021-04-27,,,,normal,-0.0007305216818149,0.0185483191486532
2021-04-28,,,,normal,-0.0027584808287528,-0.0037942553737355
2021-04-29,,,,normal,-0.003161865583861,-0.0234296738251345
2021-04-30,,,,normal,-0.0003394217545311,0.0754151877209619
2021-05-03,,,,normal,0.0135414894949246,-0.0095673730245096
2021-05-04,,,,normal,-0.0088570838622414,-0.069993636223776
2021-05-05,,,,normal,0.0046625642506903,0.0738970864744761
2021-05-06,,,,normal,0.0174448325816385,-0.018055093557642
2021-05-07,,,,normal,0.0085550824255529,0.0168770967814353
2021-05-10,,,,normal,0.003434235279049,-0.0264395494909539
2021-05-11,,,,normal,-0.0008166154576008,0.0150099573442901
2021-05-12,,,,normal,-0.00726993645429,-0.1429671467730369
2021-05-13,,,,macro_stress,0.0006580844571208,0.0114429281100925
2021-05-14,,,,normal,0.007700524483214,0.0033001867597661
2021-05-17,,,,normal,0.0159217549068655,-0.1360079447719844
2021-05-18,,,,normal,0.0002141687644323,-0.0145319340846281
2021-05-19,,,,crypto_stress,0.0072009912447033,-0.1481070763518861
2021-05-20,,,,crypto_stress,0.0002125867104076,0.0972750161239606
2021-05-21,,,,crypto_stress,-0.00276702846475,-0.0891398168367931
2021-05-24,,,,crypto_stress,0.0041476444280412,0.0368750284655536
2021-05-25,,,,crypto_stress,0.007138166462683,-0.0078787825810238
2021-05-26,,,,crypto_stress,0.0016845398871883,0.0229615658127677
2021-05-27,,,,crypto_stress,-0.0028971023668491,-0.0220571810715348
2021-05-28,,,,normal,0.0035806730456284,-0.0739361115014425
2021-06-01,,,,crypto_stress,0.0013131978249605,0.0272823161961817
2021-06-02,,,,crypto_stress,0.0025688888712078,0.0239777887023144
2021-06-03,,,,crypto_stress,-0.0193492898996971,0.0425566169513693
2021-06-04,,,,crypto_stress,0.009932863079511,-0.0608403872671257
2021-06-07,,,,normal,0.0035876627805935,-0.0947039983599307
2021-06-08,,,,crypto_stress,-0.0023199548152392,-0.0026277750634573
2021-06-09,,,,crypto_stress,0.0005804773792119,0.1094741023821388
2021-06-10,,,,crypto_stress,0.0004747089454726,-0.0173547429931293
2021-06-11,,,,crypto_stress,-0.0088983896621686,0.0170675784159861
2021-06-14,,,,crypto_stress,-0.007315451752154,0.0744113942205721
2021-06-15,,,,normal,-0.0051043819692244,0.0046584533275275
2021-06-16,,,,normal,0.0026897643492631,-0.0523070315961433
2021-06-17,,,,normal,-0.0476411378509213,-0.0076847607876686
2021-06-18,,,,normal,-0.0032733528568718,-0.0614015913917374
2021-06-21,,,,crypto_stress,0.0078268505743954,-0.1220103903521803
2021-06-22,,,,crypto_stress,-0.003089629693977,0.0258330476093924
2021-06-23,,,,crypto_stress,0.0033700323501921,0.0367666751556132
2021-06-24,,,,crypto_stress,-0.0037639848310169,0.0274756998576446
2021-06-25,,,,crypto_stress,0.000618988713672,-0.0913046539742641
2021-06-28,,,,normal,0.0016298457134702,0.0847022504244776
2021-06-29,,,,crypto_stress,-0.0096493573460492,0.0407851211241396
2021-06-30,,,,crypto_stress,0.004525918627773,-0.0233252029658519
2021-07-01,,,,normal,0.0029309417929068,-0.0428182456008752
2021-07-02,,,,normal,0.0036515867780844,0.0096320209134397
2021-07-06,,,,crypto_stress,0.0060936050715199,0.0099263198500576
2021-07-07,,,,crypto_stress,0.0043934250659063,-0.0111578266503009
2021-07-08,,,,normal,-0.0010548952774005,-0.0293117785379646
2021-07-09,,,,crypto_stress,0.0057605258581157,0.0276173634478738
2021-07-12,,,,crypto_stress,-0.002599172580024,-0.0191828749075497
2021-07-13,,,,crypto_stress,0.0022125126266496,-0.0137820864258007
2021-07-14,,,,crypto_stress,0.0083083784125888,0.003672599836431
2021-07-15,,,,crypto_stress,0.002189382374274,-0.0322494683568432
2021-07-16,,,,crypto_stress,-0.007683901691915,-0.0113665308584867
2021-07-19,,,,crypto_stress,-0.0032007360840564,-0.0194001306581892
2021-07-20,,,,crypto_stress,0.0012153088039612,-0.0333385557342111
2021-07-21,,,,crypto_stress,-0.0044262548152529,0.0744341723569324
2021-07-22,,,,crypto_stress,0.0011084017832514,0.0062837888821682
2021-07-23,,,,crypto_stress,-0.0019959950698789,0.0385039422719053
2021-07-26,,,,crypto_stress,-0.0014440978106673,0.1060222928459406
2021-07-27,,,,normal,0.0003334802232899,0.0539428534880368
2021-07-28,,,,normal,-5.561753369942579e-05,0.0148351265164539
2021-07-29,,,,normal,0.0173515057779072,0.0003128737005972
2021-07-30,,,,normal,-0.0102091978222089,0.0541722306526182
2021-08-02,,,,normal,0.0052822703319117,-0.0745358385956738
2021-08-03,,,,normal,-0.0044550719941796,-0.0271224912051319
2021-08-04,,,,normal,0.0002204841637958,0.0409431646384774
2021-08-05,,,,normal,-0.0030910084489006,0.0278383573712464
2021-08-06,,,,normal,-0.025645329764746,0.0465381406264153
2021-08-09,,,,normal,-0.0209773716094305,0.0796299996467553
2021-08-10,,,,normal,0.0030073189314157,-0.016974141392609
2021-08-11,,,,normal,0.0123961975638886,0.0001887605723425
2021-08-12,,,,normal,-0.0008558957232471,-0.0258917535442009
2021-08-13,,,,normal,0.0149577306256345,0.0730094797189178
2021-08-16,,,,normal,0.0065023198023483,-0.0381470091655646
2021-08-17,,,,normal,-0.0011180680644855,-0.0288691990345864
2021-08-18,,,,normal,-0.0019036030295476,0.0023649666500116
2021-08-19,,,,normal,-0.0007288290879738,0.0418858533323494
2021-08-20,,,,normal,0.0005046252918745,0.0545979069838526
2021-08-23,,,,normal,0.0124225470306802,0.0041861208450786
2021-08-24,,,,normal,0.0012171912215173,-0.0378448943309503
2021-08-25,,,,normal,-0.0097236493314412,0.0259601219504297
2021-08-26,,,,normal,0.0023422860683979,-0.0421022974523754
2021-08-27,,,,normal,0.0134453289231055,0.0440994303022677
2021-08-30,,,,normal,-0.0040201882083694,-0.0417000891442569
2021-08-31,,,,normal,0.003250436453043,0.0023710718587306
2021-09-01,,,,normal,-0.0011557061356501,0.0350056537880174
2021-09-02,,,,normal,-0.0024810488261062,0.0097927247881717
2021-09-03,,,,normal,0.0121805255917895,0.0140441280061871
2021-09-07,,,,normal,-0.0193827727912427,-0.0664094048971382
2021-09-08,,,,normal,-0.0027839661633413,-0.0154947935729907
2021-09-09,,,,normal,0.0036176469119189,0.0064883905339527
2021-09-10,,,,normal,-0.0043985619580722,-0.0330351866444651
2021-09-13,,,,normal,0.0012826148855111,0.0017621978864763
2021-09-14,,,,normal,0.0070526190823443,0.0462720067779098
2021-09-15,,,,normal,-0.0068297145868827,0.0227546013145083
2021-09-16,,,,normal,-0.0214566010831891,-0.008190739435939
2021-09-17,,,,normal,-0.0030215391961023,-0.0108540797092775
2021-09-20,,,,normal,0.0070551181096965,-0.0982624069184971
2021-09-21,,,,macro_stress,0.0081309890901772,-0.0514882678633252
2021-09-22,,,,normal,0.0003374178588382,0.0683996019967825
2021-09-23,,,,crypto_stress,-0.0164374835094385,0.0298563090232235
2021-09-24,,,,normal,0.0010851935057551,-0.046862195289874
2021-09-27,,,,normal,0.000171275413443,-0.0141998535234826
2021-09-28,,,,normal,-0.00831069405739,-0.028852332947741
2021-09-29,,,,crypto_stress,-0.0084383667302558,0.0128289248145723
2021-09-30,,,,crypto_stress,0.0195988774784057,0.0521827601181641
2021-10-01,,,,crypto_stress,0.0007965093465083,0.094208418931279
2021-10-04,,,,normal,0.0052183619109955,0.0204874498514229
2021-10-05,,,,normal,-0.0037976246133322,0.0477476105346852
2021-10-06,,,,normal,0.0005109855593339,0.0720141013773112
2021-10-07,,,,normal,-0.0014769089059205,-0.0284987943333465
2021-10-08,,,,normal,-0.0010236745307903,0.0030037607441677
2021-10-11,,,,normal,-0.0009678479899299,0.0631319193015134
2021-10-12,,,,normal,0.0020484204353294,-0.0254357635060848
2021-10-13,,,,normal,0.0199218194290944,0.0239788148164823
2021-10-14,,,,normal,0.001781480883074,-0.0013872457018972
2021-10-15,,,,normal,-0.0166006700374961,0.0718874583745794
2021-10-18,,,,normal,-0.0014714760189038,0.0069912727842424
2021-10-19,,,,normal,0.0027148078968988,0.0354134436604987
2021-10-20,,,,normal,0.0081004123616157,0.0265778345420368
2021-10-21,,,,normal,-0.0016821804790643,-0.0590276683907298
2021-10-22,,,,normal,0.0080487965228908,-0.0247022510827044
2021-10-25,,,,normal,0.0058283308476907,0.0379503868776929
2021-10-26,,,,normal,-0.0074440786738607,-0.043377186101063
2021-10-27,,,,normal,0.003006529910154,-0.0316638438636829
2021-10-28,,,,normal,0.0021102505371199,0.0359344915880246
2021-10-29,,,,normal,-0.0104280611355029,0.0261443755051544
2021-11-01,,,,normal,0.0066486398338856,-0.0198583990948684
2021-11-02,,,,normal,-0.0035702505196777,0.0357758773484739
2021-11-03,,,,normal,-0.0143531012988225,-0.004062805617151
2021-11-04,,,,normal,0.0166417375139502,-0.0243990342546087
2021-11-05,,,,normal,0.0129077206949057,-0.0053281291879674
2021-11-08,,,,normal,0.0061457343468518,0.1001851509422895
2021-11-09,,,,normal,0.0015305834357679,-0.0088450991822011
2021-11-10,,,,normal,0.0095132676566285,-0.0299581654204441
2021-11-11,,,,normal,0.008404755729642,-0.0006967481072823
2021-11-12,,,,normal,0.0024648900894046,-0.0123004375187143
2021-11-15,,,,normal,-0.0010173888733211,-0.0093658575003701
2021-11-16,,,,normal,-0.0067191911160175,-0.0549224542515833
2021-11-17,,,,normal,0.0086459609566418,0.0034309649222326
2021-11-18,,,,normal,-0.004716445025263,-0.0584237504033087
2021-11-19,,,,normal,-0.0052787888958496,0.0204669730463056
2021-11-22,,,,normal,-0.0247695358010933,-0.0319983104982615
2021-11-23,,,,normal,-0.0125346335654343,0.0224812481032117
2021-11-24,,,,normal,0.0002802611976049,-0.0226387199646378
2021-11-26,,,,normal,0.0006722792316971,-0.0493619628605017
2021-11-29,,,,macro_stress,-0.0017937956085667,0.0761175401035352
2021-11-30,,,,normal,-0.0048933268890927,-0.0139559224210756
2021-12-01,,,,macro_stress,0.0060148432659623,0.0039287807348422
2021-12-02,,,,macro_stress,-0.0121795120776555,-0.0132273021087421
2021-12-03,,,,macro_stress,0.0119552957178514,-0.0523315856653425
2021-12-06,,,,macro_stress,-0.0024695664927545,-0.0579082075312875
2021-12-07,,,,macro_stress,0.0029178805524319,0.002319467736866
2021-12-08,,,,crypto_stress,0.0004481815318237,-0.0038592862213864
2021-12-09,,,,normal,-0.0049408044751242,-0.0577215558084756
2021-12-10,,,,normal,0.004548707916701,-0.0090358194216157
2021-12-13,,,,crypto_stress,0.0019590837221237,-0.0107645217532859
2021-12-14,,,,normal,-0.0089873095863985,-0.0026748276204262
2021-12-15,,,,crypto_stress,-0.0044108014964798,0.0478387780999813
2021-12-16,,,,normal,0.0189187732814568,-0.0255040641984596
2021-12-17,,,,normal,0.0037190646999665,-0.0311800932560402
2021-12-20,,,,crypto_stress,-0.0057230598369715,0.0145708458511641
2021-12-21,,,,crypto_stress,-0.0032930705586844,0.0429287928874675
2021-12-22,,,,normal,0.0075190420062227,-0.0063158344064895
2021-12-23,,,,normal,0.0052574903230988,0.0433819393295866
2021-12-27,,,,normal,-0.0016019350718927,-0.0028419275682942
2021-12-28,,,,normal,0.0011603037705043,-0.0621514265119778
2021-12-29,,,,normal,-0.0028202388160387,-0.0243360119563416
2021-12-30,,,,normal,0.004585729576342,0.0156677387131338
2021-12-31,,,,crypto_stress,0.0079611698897652,-0.0186491727568665
2022-01-03,,,,normal,-0.0157084280450501,0.0032700420519855
2022-01-04,,,,normal,0.0080228389472454,-0.0121389346638611
2022-01-05,,,,crypto_stress,0.0057697223778498,-0.0520662884548137
2022-01-06,,,,crypto_stress,-0.0198662013909256,-0.0094102973035887
2022-01-07,,,,crypto_stress,0.0045726245390476,-0.037847988650375
2022-01-10,,,,crypto_stress,0.0007786132341234,0.0063171717725083
2022-01-11,,,,crypto_stress,0.0108921823856587,0.0216334106374382
2022-01-12,,,,crypto_stress,0.0048275088049658,0.027993907251913
2022-01-13,,,,crypto_stress,-0.003234044694282,-0.0313758279520701
2022-01-14,,,,crypto_stress,-0.0026938768764708,0.0118596646958213
2022-01-18,,,,crypto_stress,-0.0022596253977029,-0.0169425191846279
2022-01-19,,,,crypto_stress,0.0168512177470647,-0.0150099104428704
2022-01-20,,,,crypto_stress,-0.0003255605855763,-0.0258167430956035
2022-01-21,,,,macro_stress,-0.0058784878003388,-0.1096046829154406
2022-01-24,,,,macro_stress,0.0053899149643275,0.0053893520482333
2022-01-25,,,,macro_stress,0.005847046581211,0.0081424868269515
2022-01-26,,,,macro_stress,-0.0123840858861319,-0.0027608244495649
2022-01-27,,,,macro_stress,-0.0202060404013524,0.007733837890786
2022-01-28,,,,macro_stress,-0.004583546969183,0.017247505090415
2022-01-31,,,,macro_stress,0.0056426170088048,0.0183253133484466
2022-02-01,,,,crypto_stress,0.003614629265769,0.0067373185026333
2022-02-02,2.8298959306485205,,,normal,0.004872953166144,-0.0473107399591228
2022-02-03,2.5001069046713065,,,normal,-0.0034307654280789,0.0054412158319916
2022-02-04,3.2371283238234603,,,crypto_stress,0.0020488244477911,0.1106268834574475
2022-02-07,2.7158966882316484,,,crypto_stress,0.0077143867388373,0.0548386357433816
2022-02-08,2.5920807770785648,,,normal,0.0033427301660609,0.0063248089653384
2022-02-09,1.8850462112401898,,,normal,0.0047482426074436,0.0049821136819971
2022-02-10,1.3171538155013778,,,normal,0.0004355192383069,-0.017603393781389
2022-02-11,3.0263574031028426,,,normal,0.0025546697801317,-0.0269211260551713
2022-02-14,4.058299612811441,,,macro_stress,0.0147113249035362,0.0042115662722217
2022-02-15,4.421440652862618,,,macro_stress,-0.0070861759524518,0.0456306044872398
2022-02-16,2.6053174556320453,-0.45950550780690436,macro_stress,macro_stress,0.0082088874886139,-0.0138552950498986
2022-02-17,1.8911716758519859,-0.6561892804983721,macro_stress,normal,0.0161657157608523,-0.0810823307191039
2022-02-18,3.1954113391279035,-0.5390883802173572,macro_stress,macro_stress,-0.0011573209475352,-0.0125865264237603
2022-02-22,2.7001775174165905,0.3472319552574795,macro_stress,macro_stress,0.0039924277866667,-0.0445685601614798
2022-02-23,3.3648762718036354,0.7683111582841988,macro_stress,macro_stress,0.0015715860333713,-0.0261836346154211
2022-02-24,4.098073755779358,0.5807382045671694,macro_stress,macro_stress,0.0082884328384151,0.0273995799515507
2022-02-25,3.355757861963111,0.6712725807080177,macro_stress,macro_stress,-0.0202949218979391,0.0227384505953054
2022-02-28,1.7685195438861625,0.49526330272061986,macro_stress,macro_stress,0.0069160457489285,0.0966444670528172
2022-03-01,3.2322282296515965,1.1131674993030345,macro_stress,macro_stress,0.0224226315220592,0.0265333803325251
2022-03-02,5.071794050996463,-0.11324125563280138,macro_stress,macro_stress,-0.011122434029601,-0.0097537159354068
2022-03-03,4.005542961332932,-0.16081527570169638,macro_stress,macro_stress,0.0070499360614233,-0.0340944786524133
2022-03-04,4.368311469052511,0.3977155007200894,macro_stress,macro_stress,0.0157338037105798,-0.0812852755652357
2022-03-07,4.151031777459183,0.8505276144446636,macro_stress,macro_stress,0.0147889377163537,-0.0278663460944592
2022-03-08,6.256965039729686,0.8357987234179638,macro_stress,macro_stress,0.023471083164023,0.0175847382159606
2022-03-09,5.940124293163405,0.9219273903526222,macro_stress,macro_stress,-0.0273364895929972,0.0804608330138592
2022-03-10,4.7081277189510065,1.1030392087445549,macro_stress,macro_stress,0.0061174905302552,-0.0625468568005302
2022-03-11,4.732755190603051,1.0129457239820372,macro_stress,macro_stress,-0.0077282586280489,-0.0164254822906464
2022-03-14,4.633856005565305,1.261890586524177,macro_stress,macro_stress,-0.0122663360052435,0.0222227362392164
2022-03-15,4.4550501519387495,1.2235111144688493,macro_stress,macro_stress,-0.0159880530172165,-0.0083024718981778
2022-03-16,3.2347757131657593,1.292294170107401,macro_stress,macro_stress,-0.0106802445422644,0.0448654676741995
2022-03-17,2.331415391728566,1.2331041228850048,macro_stress,macro_stress,0.0176517930037078,-0.0046909168777933
2022-03-18,1.7635707356081411,1.0214625853956871,macro_stress,macro_stress,-0.0071788054426207,0.020538517974936
2022-03-21,0.37800386054855734,1.1088691685192513,crypto_stress,crypto_stress,0.0001036338600206,-0.0174513973414196
2022-03-22,0.10016849741651335,0.469826024458008,normal,normal,-0.0041547709727751,0.030703791309973
2022-03-23,-0.6729437567885121,0.5440663488248626,normal,normal,0.0081891452922162,0.0125312460906314
2022-03-24,-0.7194642132562904,0.3463763107653229,normal,normal,0.0127709915477982,0.0245937259657864
2022-03-25,-1.110599785401975,0.008129049511422626,normal,normal,-0.0040853903209177,0.0087827164076657
2022-03-28,-0.7808650219310511,-0.28345874806393545,normal,normal,-0.0073959773928216,0.0607833040413243
2022-03-29,-1.3237215674311678,-0.7016578734383809,normal,normal,-0.0143305140148797,0.0071405997391895
2022-03-30,-2.3123176969892207,-0.5383223995325379,normal,normal,0.0110774459310576,-0.008527995234731
2022-03-31,-1.462345296053559,-0.5660979109764323,normal,normal,0.0080871748716582,-0.0329180095425822
2022-04-01,-0.8735320292447243,-0.4050773548364773,normal,normal,-0.0131686173892759,0.0161834540100169
2022-04-04,-1.4152248820828537,-0.6104739713343879,normal,normal,0.0053400074835057,0.0073415914485099
2022-04-05,-2.7783782259633623,-0.7030938302860489,normal,normal,-0.0033665705757552,-0.0231448606058961
2022-04-06,-2.0516426970337154,-0.8165410121683954,normal,normal,-0.0022853718158426,-0.0529457051005746
2022-04-07,-0.7609621648770843,-0.5049373023060326,normal,normal,0.0076148795269732,0.0068529242315324
2022-04-08,-1.131145457621819,0.045282585634016326,normal,normal,0.0040170660748861,-0.0283539722589374
2022-04-11,-1.5177382088032172,-0.049796604440407455,normal,normal,0.001335444050154,-0.0676404058422335
2022-04-12,-0.5149923743461233,-0.06163724845028329,normal,normal,0.0142193486864323,0.0151989918017605
2022-04-13,0.1856652154175693,0.40484838731652617,normal,crypto_stress,0.0043425516358555,0.0255764174954915
2022-04-14,-0.03370028953548365,0.23280957935272195,normal,crypto_stress,-0.0049499680918261,-0.0303643733545406
2022-04-18,0.8819648496466124,0.09869464385033067,normal,normal,0.0058061909804472,0.0220583518698678
2022-04-19,1.1093958896419829,-0.029748299782796694,macro_stress,crypto_stress,-0.013889828540023,0.0164352943392351
2022-04-20,0.4463542898625709,-0.18715445305989775,normal,normal,-0.0017370997242309,-0.0030978678462112
2022-04-21,0.5606060383541642,-0.19551141694609042,normal,normal,-0.0037911949466549,-0.0206844397083187
2022-04-22,1.1616357171338372,-0.5121521438972038,macro_stress,normal,-0.0071603151222987,-0.0196110852519204
2022-04-25,3.6498673267896082,-0.6700231613071073,macro_stress,macro_stress,-0.0199991253363895,0.0179057291651734
2022-04-26,3.3400759110887743,-0.540495638744098,macro_stress,macro_stress,0.004263039343729,-0.0595995569885481
2022-04-27,5.813433426860837,-0.5195609632637872,macro_stress,macro_stress,-0.0081207073096649,0.0290527349945204
2022-04-28,5.596093735141433,-0.22286354974905742,macro_stress,macro_stress,0.0013757132626066,0.0134839067215253
2022-04-29,4.28598893428523,-0.44866316048483634,macro_stress,macro_stress,0.0107284238816047,-0.0297023536608289
2022-05-02,5.59221742847215,-0.3586552229141544,macro_stress,macro_stress,-0.0254827851510848,-0.0020870367516998
2022-05-03,5.224449683159188,-0.5893307805943712,macro_stress,macro_stress,0.0037491341068323,-0.020422241840901
2022-05-04,4.5871743606267446,-0.5378909167800079,macro_stress,macro_stress,-0.0009626821870192,0.0503126775329914
2022-05-05,2.5663045310348798,-0.19343215734870767,macro_stress,macro_stress,0.0036853572723769,-0.0819413647290758
2022-05-06,4.5162218817833,-0.13209431130790683,macro_stress,macro_stress,0.003778159426421,-0.0147137801076375
2022-05-09,4.528365266622959,0.03083650747849398,macro_stress,macro_stress,-0.0129365534732572,-0.1736078611020879
2022-05-10,6.254435056983128,1.61540430692558,macro_stress,macro_stress,-0.0095146007544331,0.0236786923864826
2022-05-11,5.267756039526459,1.49245942899028,macro_stress,macro_stress,0.006874713161066,-0.0696270636865197
2022-05-12,5.459655998227316,1.4971901803745014,macro_stress,macro_stress,-0.0158228438632717,0.0038423156405116
2022-05-13,5.544150649725314,1.5033742735361693,macro_stress,macro_stress,-0.0090289232313258,0.0080695829932846
2022-05-16,3.9563608909994077,1.5870809970233388,macro_stress,macro_stress,0.0032025033755349,0.0196068311338031
2022-05-17,3.7310947021772067,1.425641859092205,macro_stress,macro_stress,0.0026975844931458,0.0186753109718669
2022-05-18,3.3176203319787403,1.6862883085106901,macro_stress,macro_stress,-0.0016507101578691,-0.0576896230339532
2022-05-19,5.299338808362242,1.58228676698577,macro_stress,macro_stress,0.013836280412999,0.0540174725108961
2022-05-20,4.675868982968122,1.6462103973368158,macro_stress,macro_stress,0.0004887054814277,-0.0374266099996027
2022-05-23,3.9527065194499813,1.6486973134488205,macro_stress,macro_stress,0.0030895567568647,-0.003493337644354
2022-05-24,3.423444634019133,1.757688907478968,macro_stress,macro_stress,0.0094797517189562,0.018949781767068
2022-05-25,3.1112465595966343,1.5852360426159071,macro_stress,macro_stress,-0.0102918575324348,-0.0031485281301595
2022-05-26,2.7022432799671696,1.597334867488443,macro_stress,macro_stress,0.0007038234943461,-0.0100336995448717
2022-05-27,2.6286392657373647,1.5010789340819568,macro_stress,macro_stress,0.0020006350276604,-0.0220978890225644
2022-05-31,0.795062362016213,1.4856574157115927,crypto_stress,macro_stress,-0.0046562605275042,0.104854066973802
2022-06-01,1.1733755087903797,1.758191446030613,crypto_stress,macro_stress,0.0032508021035848,-0.0647469306708341
2022-06-02,1.3641897910978815,1.7934533661357968,crypto_stress,macro_stress,0.0122041639414351,0.0221826339109831
2022-06-03,1.431972055632186,1.9823431821783677,crypto_stress,crypto_stress,-0.0113931119412038,-0.0253652897101908
2022-06-06,0.968538786925029,2.0992894603503807,crypto_stress,crypto_stress,-0.0035193193539138,0.0545785723549574
2022-06-07,0.8119590832042441,2.1041203627290623,crypto_stress,macro_stress,0.0045457216543525,-0.0068833346588697
2022-06-08,-0.41189644168909256,1.9949865878724757,crypto_stress,crypto_stress,0.002372877370206,-0.0306729469834312
2022-06-09,-0.10292769350084036,1.8380441152202378,crypto_stress,crypto_stress,-0.0019949598847643,-0.003393459545796
2022-06-10,0.5102111574125126,2.0245895037732407,crypto_stress,macro_stress,0.012177255789572,-0.034742219237799
2022-06-13,1.525726534705472,1.9415839394485561,crypto_stress,macro_stress,-0.023576173897239,-0.2572268307057932
2022-06-14,4.315613191726474,3.7248887994287596,macro_stress,macro_stress,-0.0100404369017459,-0.0125564169410559
2022-06-15,4.007066450935208,3.8098184747948247,macro_stress,macro_stress,0.0033580035556228,0.016349175083862
2022-06-16,3.493934087407938,3.849932146911118,crypto_stress,macro_stress,0.0165149134762669,-0.1021124013301033
2022-06-17,3.9448388285187455,3.868048600545664,macro_stress,macro_stress,-0.005040004614278,0.0043978108825619
2022-06-21,3.3632100705560752,3.683649476555452,crypto_stress,macro_stress,-0.0009783806541543,0.0116127170398563
2022-06-22,2.5875243343555416,3.6802497593734467,crypto_stress,macro_stress,-0.0002175701118636,-0.0355620053246319
2022-06-23,2.7989526300883147,2.950542862435595,crypto_stress,macro_stress,-0.0046889434441643,0.0535199496525518
2022-06-24,2.388614632584779,3.0199633702802866,crypto_stress,macro_stress,0.0002732165731913,0.0068898096137619
2022-06-27,1.5298044929046954,2.924905427835796,crypto_stress,macro_stress,-0.0030094957753306,-0.0236471161654687
2022-06-28,2.009233117437089,2.871378358670901,crypto_stress,macro_stress,-0.0019748210785834,-0.0221796927954205
2022-06-29,3.3460043009708293,2.929310432792337,macro_stress,macro_stress,-0.0020336672419896,-0.0087465122598882
2022-06-30,3.1549015171478993,2.7716840884198226,macro_stress,macro_stress,-0.0056278845489154,-0.0160097117562809
2022-07-01,3.276884229722496,2.809974245835786,macro_stress,macro_stress,-0.0032143946706106,-0.026393611667963
2022-07-05,3.0460861673821746,2.7506038019369816,macro_stress,macro_stress,-0.021092370729761,0.0466764971768416
2022-07-06,2.771098192459555,2.4028235581594672,macro_stress,macro_stress,-0.0156556872742585,0.0175824492578833
2022-07-07,2.5897418084248685,2.441209130785795,macro_stress,macro_stress,0.0018410632993957,0.0516563933886189
2022-07-08,2.3261227579601416,2.5355612024160115,crypto_stress,macro_stress,0.0014934509704307,0.0043132227124225
2022-07-11,1.8015043466489917,2.4310472110496937,crypto_stress,crypto_stress,-0.0061025506924918,-0.0844861842836373
2022-07-12,1.8076358076691401,2.48119210467964,crypto_stress,macro_stress,-0.0039924267373434,-0.0329156213890211
2022-07-13,1.5539887996292507,2.714058272922391,crypto_stress,macro_stress,0.0061844262777208,0.0449367599448216
2022-07-14,0.643208721962644,2.824461205936747,crypto_stress,macro_stress,-0.017261318792066,0.0175496512632413
2022-07-15,0.5404569634471614,2.356791968125106,crypto_stress,macro_stress,-0.001290592791582,0.0128681970428932
2022-07-18,0.005782423710560924,2.412245508806052,crypto_stress,crypto_stress,0.0038666494525418,0.0761810748123519
2022-07-19,-0.3576107238184898,2.383243750420952,crypto_stress,macro_stress,0.0002923207447365,0.0394052820034183
2022-07-20,-1.0978483351230843,2.0401437395972275,crypto_stress,normal,-0.0061567524512602,-0.0067652436363694
2022-07-21,-0.7878841864861588,1.8878926211633318,crypto_stress,normal,0.0077338523146313,-0.002892621770048
2022-07-22,-1.1954611280864234,1.7656503099920082,crypto_stress,normal,0.008137687200759,-0.019601945764883
2022-07-25,-0.7680104853428308,1.7895232436615562,crypto_stress,normal,-0.0048165181338069,-0.0614248995889621
2022-07-26,-0.03191156954000185,1.9673542642423965,crypto_stress,normal,-0.0008147256292714,-0.0057250438268425
2022-07-27,0.43291994627707897,2.1028175517569365,crypto_stress,normal,0.0008147256292714,0.0765954215493618
2022-07-28,-0.9305459940230181,0.2552701863160237,normal,normal,0.0179863458479987,0.0390578308920144
2022-07-29,-1.405351575228759,0.14401267213478997,normal,normal,0.0071729644467124,-0.0016476446914399
2022-08-01,-2.1305541076916423,-0.13763023301880356,normal,normal,0.01396965596716,-0.0208176342340795
2022-08-02,-1.5077433989619256,-0.3209784975322678,normal,normal,0.0011181306328422,-0.0145202470826131
2022-08-03,-1.0910325684783309,-0.2267580588256966,normal,normal,-0.0074591225789992,-0.0057440617075421
2022-08-04,-1.7567536878627332,-0.343037031103396,normal,normal,0.0170238250678504,-0.0094795255685209
2022-08-05,-1.490341751184597,-0.24290315540327634,normal,normal,-0.0087269242048213,0.0286758990881601
2022-08-08,-1.524839723399362,-0.36210638432941084,normal,normal,0.0077856028797125,0.0220894382615703
2022-08-09,-1.729025059778379,-0.3068821510708508,normal,normal,0.003925421851183,-0.0274709934963759
2022-08-10,-1.7402603663394538,-0.7694681390172965,normal,normal,0.0007721469461134,0.033256795053882
2022-08-11,-2.7231594834793675,-0.3286537680171701,normal,normal,-0.0035902715664146,0.0004127620673681
2022-08-12,-2.6640793399943767,-0.7308791460274296,normal,normal,0.0045822527192589,0.0184159820568972
2022-08-15,-2.7383602607469237,-0.7844835476165347,normal,normal,-0.0096303735944989,-0.0109538321329267
2022-08-16,-2.913270210681773,-0.9369578186684898,normal,normal,-0.0046825575193842,-0.0105657062741357
2022-08-17,-2.375585885753225,-0.9542221054957334,normal,normal,-0.0072902971811288,-0.0231819448838646
2022-08-18,-2.028724248634927,-0.8043036127681263,normal,normal,-0.0031004281728277,-0.0052959570307784
2022-08-19,-1.922061053771763,-0.46796417008055713,normal,normal,-0.0046970612460457,-0.1060266419016873
2022-08-22,-1.62507550558539,-0.09743266581225346,normal,normal,-0.008259096187686,0.0246653522435966
2022-08-23,-0.46269921822457577,-0.2153278471776281,normal,normal,0.0072942692044293,0.0060185938546624
2022-08-24,-0.6060637631331026,-0.23076422545144248,normal,normal,0.0001703516240434,-0.0062003332785298
2022-08-25,-0.3586396737463502,-0.18628482333421392,normal,crypto_stress,0.0056044893765445,0.0095770166529565
2022-08-26,-0.6124609250880261,-0.19397918560178584,normal,crypto_stress,-0.0122686845806976,-0.0640857165596635
2022-08-29,1.232156914431418,-0.09620583748679867,macro_stress,macro_stress,-5.720683313459318e-05,0.0018726075088011
2022-08-30,1.448293468054887,-0.2510190981540137,macro_stress,macro_stress,-0.007687876271972,-0.025001327783567
2022-08-31,1.5434288031331969,-0.44121895897172203,macro_stress,macro_stress,-0.0058340079729575,0.0126966241687931
2022-09-01,1.9908237497575245,-0.26381950032032964,macro_stress,macro_stress,-0.0098384739707002,0.003851817363536
2022-09-02,1.838546788287504,-0.13888540970167018,macro_stress,macro_stress,0.0077508046539005,-0.0078494796911599
2022-09-06,2.019492778510837,-0.34871784707258147,macro_stress,macro_stress,-0.0056469084252777,-0.0583612237817607
2022-09-07,2.371572490514237,-0.2431526006179705,macro_stress,macro_stress,0.0086610964280735,0.0237451537491359
2022-09-08,1.4029228146502177,-0.2862811835258784,macro_stress,crypto_stress,-0.0044084164528364,0.0020460703035372
2022-09-09,1.510844125956352,-0.4512448068831746,macro_stress,crypto_stress,0.0048712834626991,0.1008600976678906
2022-09-12,0.9872471229326505,-0.07663433300436506,normal,crypto_stress,0.0069180491342457,0.0452310542481075
2022-09-13,1.354058958348384,-0.09288198340814247,macro_stress,crypto_stress,-0.0134183338750837,-0.0972821989234233
2022-09-14,3.117132789389564,-0.09619545844139815,macro_stress,macro_stress,-0.0048446315843841,-0.0027439686753734
2022-09-15,2.8404461567952897,0.18152342003905358,macro_stress,macro_stress,-0.0187815150578565,-0.0270345862412622
2022-09-16,2.939771588948194,0.16104293156154292,macro_stress,macro_stress,0.0036895727892742,0.0036162281734331
2022-09-19,3.138456419259127,0.4847776264190895,macro_stress,macro_stress,-0.0031531982606942,-0.0116214013088509
2022-09-20,2.576427010640189,0.398810929499783,macro_stress,macro_stress,-0.0042396837406739,-0.034000477547087
2022-09-21,2.629036248462651,0.31343841241728715,macro_stress,macro_stress,0.0027488816679754,-0.0183448135152239
2022-09-22,3.1164619743705924,0.3013074591207004,macro_stress,macro_stress,0.0032173672486051,0.0456416775491295
2022-09-23,3.2171568794483774,0.38766221844382115,macro_stress,macro_stress,-0.0152848603881174,-0.005988576296712
2022-09-26,4.403750047535069,0.46516483580864704,macro_stress,macro_stress,-0.0134997192572736,-0.0038923305891209
2022-09-27,4.336654550808659,0.3967806350984967,macro_stress,macro_stress,0.0017127033662527,-0.0058500341701694
2022-09-28,4.279845591541356,0.4358941270435127,macro_stress,macro_stress,0.0204471761735973,0.0164090991571903
2022-09-29,3.1126139041052254,0.4571657533250992,macro_stress,macro_stress,-0.0008386895742917,0.0075041857550921
2022-09-30,3.722638865804736,0.3715587232555793,macro_stress,macro_stress,0.0020355778081384,-0.0072433234917514
2022-10-03,4.042083549631796,0.41111427590570493,macro_stress,macro_stress,0.0177835154886727,0.0098215718645171
2022-10-04,2.9480055257743927,-0.1517479033325444,macro_stress,macro_stress,0.0166063539420786,0.0357022957027783
2022-10-05,2.0116031404206947,0.04298357362496796,macro_stress,macro_stress,-0.0056210567466319,-0.0086982060750262
2022-10-06,2.325465198894519,-0.16004614871610756,macro_stress,macro_stress,0.0,-0.0102340417585953
2022-10-07,3.069637798351038,-0.1976944880960716,macro_stress,macro_stress,-0.0067053688003921,-0.0206878280674747
2022-10-10,4.139474955161934,-0.06800076483307815,macro_stress,macro_stress,-0.0201514265597415,-0.0209561915751095
2022-10-11,4.707920656167891,-0.1875079115348982,macro_stress,macro_stress,0.0064263275931679,-0.0047164037127043
2022-10-12,4.126406884006721,-0.26803608606807494,macro_stress,macro_stress,-0.0050542697159636,0.0055498963744717
2022-10-13,4.22732494317487,-0.1285196793541823,macro_stress,macro_stress,-0.000298107022628,0.0117000265222966
2022-10-14,3.117271278831664,-0.12910074475545175,macro_stress,macro_stress,-0.016898069110014,-0.0102285262293708
2022-10-17,3.4640790327247286,-0.2881884601188057,macro_stress,macro_stress,0.0091159286679589,0.0188511189426936
2022-10-18,2.9242770274966876,-0.10760810201409987,macro_stress,macro_stress,-0.0049400371873051,-0.0111273273493299
2022-10-19,2.2769174316212,-0.34960123523122033,macro_stress,macro_stress,-0.0131309471221587,-0.0101306218959411
2022-10-20,2.1036686384558294,-0.4107742078270987,macro_stress,macro_stress,0.0015897879571262,-0.0044926791591297
2022-10-21,1.9342033727581316,-0.40826904248367935,macro_stress,macro_stress,0.0118430824095341,0.0062119106533931
2022-10-24,1.0323909182684874,-0.9969238505254421,macro_stress,macro_stress,-0.0013291889499011,0.0089882390929574
2022-10-25,0.6025306611389968,-1.0962652289288004,normal,macro_stress,0.0023550172067912,0.038050125599863
2022-10-26,-0.0473672857317784,-1.5608661763318614,normal,macro_stress,0.0067323837697452,0.0330171943589476
2022-10-27,0.2767205224746998,-1.981394011653587,normal,macro_stress,-0.0021590362620997,-0.0236079843216217
2022-10-28,-0.016746134030803606,-1.9387736228874655,normal,macro_stress,-0.0125665782556803,0.0151424925794181
2022-10-31,-1.1498989258912575,-1.8249200760201267,normal,macro_stress,-0.0024958756869137,-0.0048467069192597
2022-11-01,-0.43846701663897225,-1.8606671751056698,normal,macro_stress,0.0054704733234016,-0.0005124320157943
2022-11-02,0.2528572118002384,-1.913909172466641,normal,macro_stress,0.0001818643109325,-0.0160304240158559
2022-11-03,0.74131052837045,-1.9044230511616096,normal,macro_stress,-0.0116432632620675,0.0025011164907873
2022-11-04,0.6379223765045361,-2.061500379356412,normal,macro_stress,0.0276358940095482,0.045331998247672
2022-11-07,-0.37375759056067226,-1.8767447009164444,normal,normal,0.002323449523053,-0.0260811646135685
2022-11-08,-0.7644367524349516,-1.9167166543436813,normal,normal,0.0209046328827477,-0.1054286468114611
2022-11-09,-0.7789478898027552,-1.0654113538762413,normal,macro_stress,-0.001341253873913,-0.1548895481701482
2022-11-10,-0.3031277703269514,0.06480832472811693,normal,macro_stress,0.023073066658334,0.1020374090112845
2022-11-11,-1.3875303347097772,0.7748258798520159,normal,crypto_stress,0.0089127060148896,-0.0319184536013015
2022-11-14,-2.2618250964736357,0.6772336841605248,normal,crypto_stress,0.0042297668435047,-0.0247301123274805
2022-11-15,-1.2902675810339823,0.7233733317675306,normal,crypto_stress,-5.626562957150583e-05,0.0159043171795154
2022-11-16,-1.0707963441532118,0.7603079508065927,normal,crypto_stress,-0.0005629679665153,-0.0128256803707369
2022-11-17,-1.1185507498825906,0.719137578496943,normal,crypto_stress,-0.0072341496967665,0.0010839194206493
2022-11-18,-1.2495382207744523,0.8428050858318796,normal,crypto_stress,-0.0048899713782875,0.0006146278457013
2022-11-21,-1.0233160806936092,0.7108987106050025,normal,crypto_stress,-0.0084717443303956,-0.0560708001218142
2022-11-22,-0.8509520819063258,0.8732228958104477,normal,crypto_stress,0.0001724666353606,0.0251747150803911
2022-11-23,-1.0071382135639408,0.8641322338766111,normal,crypto_stress,0.0032706677682012,0.0256679569857372
2022-11-25,-1.4631004279451034,0.8915575730772881,normal,crypto_stress,0.0048005718393797,-0.0053642385273597
2022-11-28,-1.5492414761964153,0.9629983857345197,normal,crypto_stress,-0.0078413537346975,-0.0186033041671755
2022-11-29,-0.39375516313603964,0.6362239071911134,normal,normal,0.0046435577553882,0.0139404641103464
2022-11-30,-0.5769793342210289,0.7105204425737849,normal,normal,-0.0013736405532718,0.0430597665839442
2022-12-01,-1.5429285316789678,0.6631923779218327,normal,normal,0.0388681701665003,-0.0118020685953688
2022-12-02,-2.1860323545346665,0.7459245643611923,normal,normal,-0.0030898146956053,0.0071369860458059
2022-12-05,-2.526666444403946,0.7490339487003571,normal,normal,-0.0157623506604922,-0.0066836616215848
2022-12-06,-1.5386585770947305,0.7863155263983037,normal,normal,0.0006173222203118,0.0067330352508196
2022-12-07,-0.7631042292554583,0.8248792429581187,normal,crypto_stress,0.0087141516013034,-0.0142249778324377
2022-12-08,-0.5088129498330949,0.5967072816181312,normal,normal,0.0019447151565827,0.0226142000810387
2022-12-09,-1.1658285878551757,0.7374553581883191,normal,crypto_stress,0.0050938326720126,-0.0058383705058879
2022-12-12,0.19264555945924072,0.6838936349621606,normal,normal,-0.0102137453793327,0.0042682669096016
2022-12-13,0.5251980553603207,0.6294942050740392,normal,macro_stress,0.0183541836148632,0.0328647887307287
2022-12-14,-0.29718255575355057,0.6799953698036847,normal,normal,-0.0037319888105367,0.0019289306421708
2022-12-15,-0.2785012487963499,0.5551371210672423,normal,normal,-0.0171360923195527,-0.0256283810210238
2022-12-16,0.4072403886213081,0.5235509116699103,normal,normal,0.0069119017336598,-0.0421898089815009
2022-12-19,0.530359011968324,0.6502134363055403,normal,normal,-0.0013896998083344,-0.0125612107133203
2022-12-20,0.7717718118816648,0.552944400509152,normal,normal,0.0152911115664862,0.0279887050824729
2022-12-21,0.48031233709200594,0.5845213376083301,normal,normal,0.0,-0.0052645094201775
2022-12-22,0.1693753163802082,0.33681884654885685,normal,normal,-0.0166269883828782,0.0007612154110798
2022-12-23,0.9712182743891299,-0.8223308243882141,normal,normal,0.0049450870844145,-0.001985808428822
2022-12-27,0.6211216271289628,-1.4147464392430038,normal,normal,0.0104210822589587,-0.0047609444029532
2022-12-28,0.541269018248791,-1.4728705713608032,normal,normal,-0.0040121665895567,-0.0098950503002512
2022-12-29,0.8546092518300871,-1.5416384991524916,normal,normal,0.0056016133265615,0.0054086448255201
2022-12-30,0.9811413337912122,-1.5481555228670263,normal,normal,0.0001094962897694,-0.0023916958787602
2023-01-03,1.059163138002347,-1.5488571060294059,macro_stress,normal,0.0108380141071711,0.0046433864472259
2023-01-04,1.3630199811839172,-1.4525815994634876,macro_stress,normal,0.0069634161695901,0.0109341539620348
2023-01-05,0.6554424119296581,-1.5597624932310352,normal,normal,-0.0099471165808751,-0.0015728177184382
2023-01-06,0.6885672955871307,-1.8098160964784877,normal,normal,0.0156863719151729,0.0068207922355529
2023-01-09,-0.08376679401301748,-1.7144611093802564,normal,normal,0.0043229407715408,0.0143250773646315
2023-01-10,0.25668159772649857,-1.6954613831260745,normal,crypto_stress,-0.0006925652522076,0.0144181338708868
2023-01-11,-0.3209157605082687,-1.7122742279816618,normal,normal,0.0012781726182078,0.0276211504977315
2023-01-12,-0.18756876412385545,-1.6824213156118484,normal,normal,0.0105356211991338,0.0508031804901865
2023-01-13,-0.5693392178846398,-1.6651728435101907,normal,normal,0.0119880521371467,0.0536492128036698
2023-01-17,-0.8734087436629224,-1.6259484057868845,normal,normal,-0.006159288097554,0.0609836833564205
2023-01-18,-1.1437865236134082,-2.271813771957805,normal,normal,-0.0015195708315909,-0.0225928311533003
2023-01-19,-0.8495507240972586,-2.2482777513051015,normal,normal,0.0088230619123894,0.019055334102898
2023-01-20,-0.8402434343993626,-1.9461251742971117,normal,normal,0.0022325113943075,0.0726845526110473
2023-01-23,-1.342075680404981,-1.9401538760970065,normal,normal,0.0002074385102117,0.0113078749625898
2023-01-24,-1.2873847661130857,-1.9259370614616016,normal,normal,0.0035196976439939,-0.0130770792009062
2023-01-25,-1.696791592104253,-1.9849618458860125,normal,normal,0.0037132333391838,0.0210431847013232
2023-01-26,-1.5936652169786247,-1.9431042608569955,normal,normal,-0.0065072665015737,-0.0036871485938441
2023-01-27,-1.973146027011607,-2.056524869182584,normal,normal,-0.0003109165087709,0.0019930464741655
2023-01-30,-2.3156867490011326,-2.123055706845538,normal,normal,-0.003374610537139,-0.0103918935940008
2023-01-31,-1.3892248052679324,-2.354541534716269,normal,normal,0.0034264261246521,0.0130122885395138
2023-02-01,-1.850728528009062,-1.991691370788141,normal,normal,0.0068693546267777,0.0249457345900037
2023-02-02,-2.458715821380558,-2.3594141154292045,normal,normal,-0.0061958065290497,-0.0106747498773689
2023-02-03,-2.4213966647386957,-2.528167141949284,normal,normal,-0.0284728342291842,-0.0009611362476711
2023-02-06,-2.5233252810152793,-2.5282340035798003,normal,normal,0.0015441681580155,-0.0298321783954254
2023-02-07,-1.6989704523684388,-2.2628778952742246,normal,normal,0.0028159563592975,0.0219101957149323
2023-02-08,-2.1328628926797677,-2.1686420374563236,normal,normal,0.0031253646649309,-0.0140637224840052
2023-02-09,-1.5568217561767037,-2.305691592195693,normal,normal,-0.0064735190144382,-0.0500729479211177
2023-02-10,-0.8876235788463935,-1.9770214054362936,normal,normal,-0.0021316288380566,-0.007722817724904
2023-02-13,-0.8986794735044763,-1.6774745128933386,normal,normal,-0.0058855172566536,0.007221409653118
2023-02-14,-1.0888590770411797,-1.6738719411622482,normal,normal,0.001019080461293,0.0187474660501365
2023-02-15,-1.4187306490712692,-1.7581622791086606,normal,normal,-0.0108336280373686,0.089770007863196
2023-02-16,-1.9369554428593645,-1.56522831803454,normal,normal,0.0035162730386346,-0.0285581014815647
2023-02-17,-1.4046116281030707,-1.8703229236556338,normal,normal,-0.0008644504353823,0.0391062494260996
2023-02-21,-0.9906180605207515,-1.797992145399458,normal,normal,-0.0041703698829982,-0.0052752322390325
2023-02-22,0.26041478064977763,-1.7389243540723527,normal,normal,-0.0005428881783711,-0.0101803968810028
2023-02-23,0.15785557994414515,-1.6711284356165548,normal,normal,-0.0080146278455028,-0.0100279167620183
2023-02-24,-0.19408843848835966,-1.5200112902777723,normal,normal,-0.0053240188203353,-0.0317920674064442
2023-02-27,0.36099756377679126,-1.3263621458678572,normal,normal,0.0042833941537887,0.0139016452590112
2023-02-28,0.19910164848289652,-1.277108978238942,normal,normal,0.0064452521767144,-0.0160927308751031
2023-03-01,-0.06026722226335435,-1.4862201932768713,normal,normal,0.0047256128243562,0.0213368049391622
2023-03-02,0.3138408376577925,-1.497050786525052,normal,normal,-0.0026587955550656,-0.0072613502094807
2023-03-03,0.1661213238593744,-1.5665642918439522,normal,normal,0.0076317523829914,-0.0485624257297718
2023-03-06,-0.09291827393042473,-1.4009914370453902,normal,normal,0.0,0.0029950669750125
2023-03-07,-0.29773665743266514,-1.5757640853933532,normal,normal,-0.0188325251312262,-0.0094061389660424
2023-03-08,0.09972555728741084,-1.619162407339393,normal,normal,-0.0007695402036755,-0.0228373150611318
2023-03-09,0.2355304305533077,-1.6412671366106881,normal,normal,0.0087594999008224,-0.0644245133285323
2023-03-10,1.1204239287193027,-1.211649185508536,macro_stress,normal,0.0176134956138502,-0.0086696568831143
2023-03-13,1.6940564908440308,-0.7756825057490515,macro_stress,normal,0.0260606494387714,0.181199767457926
2023-03-14,2.1269682564602364,-0.10946806961684205,macro_stress,macro_stress,-0.002926257797073,0.0224161647975069
2023-03-15,1.4365886270571795,-0.404426750487934,macro_stress,normal,0.0106190285375333,-0.0150694198256182
2023-03-16,2.0772336408039074,-0.13774900528652073,macro_stress,macro_stress,-0.0043069099722901,0.0273877219696494
2023-03-17,1.110442609365161,-0.22051340995387753,macro_stress,normal,0.0259221495141215,0.0904308173547878
2023-03-20,1.5781644153558227,0.05546727625526354,macro_stress,macro_stress,0.004701395669362,0.0124407978049418
2023-03-21,1.0493761301046778,-0.5962295580855796,macro_stress,normal,-0.0212552016726546,0.0146072594573105
2023-03-22,-0.21979606306892135,-0.7199259159361902,normal,normal,0.0043694006887866,-0.031304934786025
2023-03-23,0.2768354548160902,-0.42139888125088193,normal,normal,0.0234708778596628,0.036902430921442
2023-03-24,0.39856155255498904,-0.18689984784443125,normal,normal,-0.0060808667227343,-0.0301197331855558
2023-03-27,-0.12178846921559361,-0.4189578459092473,normal,normal,-0.0152380027151188,-0.0129372463162944
2023-03-28,-0.3319953715861362,-0.5426917050929119,normal,normal,0.0100323968926963,0.0047141000939134
2023-03-29,-0.49484268911697804,-0.3238443183639581,normal,normal,-0.0033499044345974,0.0388533993126909
2023-03-30,-1.0666999786835845,-0.21003680046070333,normal,normal,0.0067896613514637,-0.0111695987413327
2023-03-31,-1.0477994632266863,-0.5511418424168872,normal,normal,-0.005722573380642,0.0157464148884542
2023-04-03,-1.078816297846278,-0.7153722065110284,normal,normal,0.0158213731102137,-0.024464682416772
2023-04-04,-1.171827775976055,-0.7230413390273553,normal,normal,0.0187198686887599,0.013505585874638
2023-04-05,-1.2766471155812944,-0.6785300010315053,normal,normal,-0.0012764377169682,0.0003512057047068
2023-04-06,-1.1763445625676388,-0.6841738684775125,normal,normal,-0.004529771985668,-0.0047612573465798
2023-04-10,-1.7833877946316112,-0.7308926536287996,normal,normal,-0.0112154295425366,0.0557829223296604
2023-04-11,-1.986263033366856,-0.6553474807060665,normal,normal,0.0075569371199115,0.0194394895643323
2023-04-12,-1.9855930750508861,-0.9124020168789237,normal,normal,0.0029179893493083,-0.0031803678161335
2023-04-13,-1.5552661435658337,-0.7952466497460129,normal,normal,0.0149015177719933,0.0085901337682816
2023-04-14,-2.248098326164996,-0.6248907870339853,normal,normal,-0.0194056832906595,0.0028457979620171
2023-04-17,-1.990604287381884,-0.9359163846697847,normal,normal,-0.004375093347142,-0.0347320535667279
2023-04-18,-2.3131368853431336,-1.024364205325427,normal,normal,0.0063078915420744,0.0318364609978161
2023-04-19,-2.165997072799206,-0.528158043620506,normal,normal,-0.0061584015562567,-0.0531995366286732
2023-04-20,-1.9686448468770397,-0.6265955389541438,normal,normal,0.0058612956826156,-0.0202111266192801
2023-04-21,-2.037174482765421,-0.15162578563832635,normal,normal,-0.0142659920243994,-0.034910877271713
2023-04-24,-2.0745731638288243,-0.1802051945433521,normal,normal,0.0046613365178806,0.0090664667694486
2023-04-25,-1.9455226674489596,-0.3226804127921834,normal,normal,0.002347453124309,0.0280232077739537
2023-04-26,-1.1792693685354325,-1.518117646862693,normal,normal,-0.0042494752111519,0.0040579258685795
2023-04-27,-1.1133020872630195,-1.6618293956358667,normal,normal,0.0015018776289901,0.0363131328622952
2023-04-28,-1.6042761678860817,-1.7639794652595402,normal,normal,5.001154877071201e-05,-0.0045406028897527
2023-05-01,-1.9185658585380376,-1.9974047020193457,normal,normal,-0.0034575358477555,-0.0434912199499013
2023-05-02,-1.5423390378836463,-2.2376579235021286,normal,normal,0.0154903347166479,0.0207492702911213
2023-05-03,-0.8581108445007481,-1.8688384588760818,normal,normal,0.0067482713087425,0.0112946008250283
2023-05-04,-0.7130787463996311,-2.2630741737761455,normal,normal,0.0091382615522679,-0.005482697825375
2023-05-05,-0.24269227692001882,-2.3157237717540715,normal,normal,-0.0151454444331236,0.023524523635352
2023-05-08,-1.165183220755827,-2.2233871821449487,normal,normal,0.0041399282113907,-0.0643295131417289
2023-05-09,-1.1960499859293012,-1.9921549161447065,normal,normal,0.0047594963869563,-0.001282605113646
2023-05-10,-0.9437944395366077,-1.6039614311964678,normal,normal,-0.0028431631055001,-0.0013393336115541
2023-05-11,-1.2867882229913792,-1.6454660314696898,normal,normal,-0.0081822103202684,-0.0227376278728037
2023-05-12,-0.9723710205303276,-1.7002483184851211,normal,normal,-0.000346484751339,-0.0072780171559241
2023-05-15,-0.9595815599822104,-1.5685997222278587,normal,normal,0.0014347076517875,0.0143602377634124
2023-05-16,-0.9313502858411296,-1.6118256604254215,normal,normal,-0.014792187206182,-0.005754943306691
2023-05-17,-0.592310280682977,-1.8130362296534046,normal,normal,-0.004072493894367,0.0133059491984699
2023-05-18,-1.0800444888116167,-1.633957144192113,normal,normal,-0.0127260952018586,-0.0208963229384924
2023-05-19,-1.5771603115618409,-1.653432833184763,normal,normal,0.0110621347382018,0.00215627043017
2023-05-22,-1.3638342788097384,-1.5179647106595837,normal,normal,-0.0022229091175596,-0.0014458709579603
2023-05-23,-1.2623454303489825,-1.753122192135923,normal,normal,-0.0013664760105074,0.0138489626434257
2023-05-24,-1.0809722667309964,-1.8064793403412929,normal,normal,-0.0050265519129242,-0.0332704001878969
2023-05-25,-0.6888581006573798,-1.7510766402908242,normal,normal,-0.0106953018109834,0.0053545262051386
2023-05-26,-0.6489814837394858,-1.7956440029902891,normal,normal,0.0003086922124557,0.0091393326620572
2023-05-30,-1.000698097232674,-1.6954888678684956,normal,normal,0.0070215038752037,0.0361314185690826
2023-05-31,-1.1113845216473357,-1.7477431493672844,normal,normal,0.0030087604621398,-0.0175777927232658
2023-06-01,-1.1263351395764858,-1.8018063616475,normal,normal,0.015962340936193,-0.0147925819911876
2023-06-02,-1.9683141915545337,-1.988073435152256,normal,normal,-0.0130641814540419,0.0158916110657969
2023-06-05,-2.649623417580744,-1.89609314050408,normal,normal,0.0023834658273029,-0.0562117771580119
2023-06-06,-2.1813619907999344,-1.9084010494879862,normal,normal,0.0036402037684402,0.0558151185623359
2023-06-07,-2.3790839543684523,-1.3243649363479368,normal,normal,-0.0117263078461515,-0.0333254241208091
2023-06-08,-2.3934919384299445,-1.712507742268855,normal,normal,0.0102616857657249,0.0061383660637055
2023-06-09,-2.4843826333594645,-1.5743458159743788,normal,normal,-0.0007078338128518,-0.0010508601377399
2023-06-12,-2.500801516143232,-1.6574066692435667,normal,normal,-0.0038004556551882,-0.0220644034561825
2023-06-13,-2.480098192497565,-1.501749124893416,normal,normal,-0.0056513022603867,0.0006263269559738
2023-06-14,-2.6429896231657746,-1.5012613473209688,normal,normal,0.0052451037259997,-0.0311153540326198
2023-06-15,-2.9437865193510175,-1.532319419606691,normal,normal,0.0009137612418541,0.0178193754101165
2023-06-16,-2.812606796942429,-1.291457786472371,normal,normal,0.0002536847789489,0.0289427732653706
2023-06-20,-2.7255296129991993,-1.495467933090889,normal,normal,-0.0119933054022185,0.0732200398417752
2023-06-21,-2.5768548037195536,-1.3139456541361838,normal,normal,-0.0014385897642981,0.0582742132068201
2023-06-22,-2.5955853293319815,-1.80482708226433,normal,normal,-0.0109601848721885,-0.0038377235796946
2023-06-23,-2.969416502405802,-2.06893509530646,normal,normal,0.0030623253507364,0.0258459057681541
2023-06-26,-2.843709210741717,-2.0399140336551014,normal,normal,0.0021742894188081,-0.013920564563099
2023-06-27,-2.385791249949917,-1.6090563313469843,normal,normal,-0.005184582199682,0.0136825634152426
2023-06-28,-2.4517321566221897,-1.787636079247873,normal,normal,-0.0008320841126208,-0.0198089179130374
2023-06-29,-2.5014738212804324,-1.895948180015779,normal,normal,-0.0022394878166043,0.0118651975377304
2023-06-30,-2.69926679157186,-1.5359037440362866,normal,normal,0.0059782362197893,0.0010472432791654
2023-07-03,-2.733225038363453,-1.627478661471957,normal,normal,5.181558751310433e-05,0.022040380150182
2023-07-05,-2.446156817493662,-1.910130516415173,normal,normal,-0.0012446324426083,-0.0208299125717363
2023-07-06,-2.315897868491449,-1.8297412866601217,normal,normal,-0.0060897787013516,-0.0200202996399472
2023-07-07,-1.8320702547455392,-1.5754815293302757,normal,normal,0.0088880106278637,0.0143709099802986
2023-07-10,-1.9737526798799605,-1.5278384348906093,normal,normal,-0.0007764980330629,0.00237685947212
2023-07-11,-1.8398734206046865,-1.6414943149574905,normal,normal,0.0031539932686079,0.0067659483655848
2023-07-12,-2.002926609704456,-1.6837707269841862,normal,normal,0.0126194226474973,-0.0075166695389672
2023-07-13,-2.2232180538183552,-1.9893372425613864,normal,normal,0.001069977254672,0.0350591179994648
2023-07-14,-2.236183498844555,-1.6750426071681117,normal,normal,0.0003054709940517,-0.0369554527697619
2023-07-17,-2.2458795485165686,-1.7461898697984832,normal,normal,-0.0040808054490666,-0.0062228977664577
2023-07-18,-2.033868293801226,-1.4861065461299474,normal,normal,0.0123947659967091,-0.0096438864949099
2023-07-19,-2.2971244841265905,-1.5731170044585556,normal,normal,0.0,0.0019193869502824
2023-07-20,-2.351275958765699,-1.4901271846224668,normal,normal,-0.0050105245552716,-0.0040836263076453
2023-07-21,-2.2665587163815366,-1.905316517565065,normal,normal,-0.00218415265401,0.0039104582531663
2023-07-24,-2.2673706891622887,-1.7122081113312184,normal,normal,-0.0022398830867915,-0.0247730346005976
2023-07-25,-2.452363147482821,-1.8859983905924027,normal,normal,0.0007641560459026,0.0017284554802401
2023-07-26,-2.6147425608478825,-1.6576994799172147,normal,normal,0.0032538665819243,0.0043556533334641
2023-07-27,-2.4943113512822466,-1.7391426964529866,normal,normal,-0.012462506090813,-0.004927238584294
2023-07-28,-2.111509420066092,-1.7314375246035727,normal,normal,0.0075267621070782,0.0037094442045351
2023-07-31,-2.4399874145339284,-1.8508739228650777,normal,normal,0.0051387711460533,-0.0030447758408094
2023-08-01,-2.1422005103018447,-1.7631387118974795,normal,normal,0.0042033073941185,0.0151302338260883
2023-08-02,-1.9941886701580964,-1.9260530865626333,normal,normal,-0.0019222266939546,-0.0178075075169097
2023-08-03,-1.2988528051891155,-2.238948103573511,normal,normal,-0.003144153457419,0.0009161807791748
2023-08-04,-1.447812595933384,-2.468925017730742,normal,normal,0.003700948082284,-0.0035908335462959
2023-08-07,-1.1566560130948211,-2.550719557199631,normal,normal,-0.0030916502280531,0.0036558939179265
2023-08-08,-1.5638805108945566,-2.3815450456165195,normal,normal,-0.0051400787604301,0.0198463869790526
2023-08-09,-1.2799124836042761,-2.5729987121065605,normal,normal,-0.0047564589498705,-0.0068771014170607
2023-08-10,-0.9701307191664706,-2.3986216218118432,normal,normal,-0.000871881666657,-0.0044719489893285
2023-08-11,-0.8124615471910062,-2.558760418631269,normal,normal,-0.0011808749045831,-0.0010837469218056
2023-08-14,-1.0115778400345596,-2.474231302289977,normal,normal,-0.001336542430109,0.0003648772874083
2023-08-15,-1.054073377918668,-2.4194264579840006,normal,normal,-0.0045370509561326,-0.0081291201187543
2023-08-16,-0.3167004648240713,-2.598997913972453,normal,normal,-0.0035718440168421,-0.0161935848387031
2023-08-17,-0.03553894041102956,-2.559034642347453,normal,normal,-0.0068167807387542,-0.0736241200960634
2023-08-18,0.20703801975373903,-2.0477653669323397,normal,normal,0.0006785755119542,-0.0233342486538106
2023-08-21,0.09903101027355521,-1.4482683492012238,normal,normal,0.0033858607681702,0.002859066506291
2023-08-22,0.0031140075647835275,-1.4881737609526104,normal,normal,0.0015588467692913,-0.0035464695192519
2023-08-23,0.09302197400348067,-1.447872443442161,normal,normal,0.0114092126968436,0.0152484555491607
2023-08-24,-0.34791113593762646,-1.4124023633461666,normal,normal,-0.0005134524720187,-0.0102395657611253
2023-08-25,0.05160582273011838,-1.7148814033839905,normal,normal,-0.0037046356606191,-0.00439399243694
2023-08-28,-0.18387268724503858,-1.698187686227266,normal,normal,0.0035505861182452,0.0022426908796688
2023-08-29,-0.40736180996133053,-1.687354708593803,normal,normal,0.0093560981293716,0.0602498925708516
2023-08-30,-0.90429438544644,-1.3744879660226688,normal,normal,0.0040121048527215,-0.0156342893713237
2023-08-31,-1.403163634127722,-1.819810712584239,normal,normal,-0.0036050588902831,-0.0513291454495892
2023-09-01,-1.4821933083815264,-1.8064238516242248,normal,normal,0.000610196394156,-0.0050548143006725
2023-09-05,-1.729310303997259,-1.2557622667201755,normal,normal,-0.0073985592382781,-0.0008042615082999
2023-09-06,-1.253201099520853,-1.2775913064559241,normal,normal,-0.0043112490160064,-0.0010380138015939
2023-09-07,-1.1019010321409262,-1.3680467842634596,normal,normal,-0.0008747530304011,0.0187321055019502
2023-09-08,-1.1934045339074313,-1.290614576624817,normal,normal,0.0001029296687757,-0.0128311498605082
2023-09-11,-1.3274512140051775,-1.513199918632692,normal,normal,0.0023136852466132,-0.0291003345354177
2023-09-12,-1.5024960766828186,-1.2001843821716076,normal,normal,-0.0062334260585243,0.0263051279529182
2023-09-13,-1.1623921798276362,-0.678333290930625,normal,normal,-0.0013444906370896,0.0151738529586857
2023-09-14,-1.5905374375223318,-1.1844974443237501,normal,normal,0.0001552525418135,0.0118008351309715
2023-09-15,-2.068536857817601,-1.3647603315844608,normal,normal,0.0069089742955421,0.0025972414093189
2023-09-18,-1.7731312342207308,-1.3611497023733603,normal,normal,0.0036927282126839,0.0054565268489827
2023-09-19,-1.7471477603759402,-1.4007278510401968,normal,normal,0.0001535290933301,0.0169311026624328
2023-09-20,-1.5234398686477844,-1.378183347050984,normal,normal,0.0068353789215409,-0.0029114788993922
2023-09-21,-1.17054186027843,-1.4518039919982404,normal,normal,-0.0140786108824544,-0.0210204677166974
2023-09-22,-0.08839442924412622,-1.4314846147564178,normal,normal,0.0030886465794672,0.0004491505408559
2023-09-25,-0.4036690842004905,-1.242290159330496,normal,normal,-0.0046365546527331,-0.0106316531911154
2023-09-26,-0.40294260614396926,-1.4231987304806644,normal,normal,-0.0087128062073675,-0.0030935695955243
2023-09-27,0.46599533161686724,-1.3751170833796291,normal,normal,-0.0151681202648807,0.0051537828527887
2023-09-28,0.6365737151521801,-1.2762604338355539,normal,normal,-0.0065261135339858,0.0250632062349609
2023-09-29,0.41593320227787534,-1.3331114162054862,normal,normal,-0.0066761271080419,-0.004072674570299
2023-10-02,0.47485523689752385,-1.7541635766489396,normal,normal,-0.0101797258497953,0.0227429331885531
2023-10-03,0.5291839806266811,-1.852155857076573,normal,normal,-0.003090495721576,-0.0036683170659443
2023-10-04,1.1689015793812219,-1.8460953056648697,macro_stress,normal,-0.0036449465498709,0.0133777193024826
2023-10-05,0.5961097256992471,-1.7882902667043574,normal,normal,-0.0016363937105463,-0.013890662255843
2023-10-06,0.5347684334117826,-1.7334838217941946,normal,normal,0.0072885295967219,0.0191718837881555
2023-10-09,0.10022466940591523,-1.812068265777288,normal,normal,0.010298027471121,-0.0130712511908068
2023-10-10,0.15865393927138305,-1.7955326959896396,normal,normal,0.0058829989508302,-0.0070090060125913
2023-10-11,-0.21497297582973585,-1.786612914889177,normal,normal,0.0063785894726633,-0.0190812208422705
2023-10-12,-0.4678881161920543,-1.8752783701548859,normal,normal,-0.0022810124588872,-0.0043453816471785
2023-10-13,-0.024349945113324112,-1.792707035073077,normal,normal,0.0305946205145692,0.0039380057832314
2023-10-16,0.3373677664169806,-1.9698139364271479,normal,normal,-0.0037153410203654,0.0598602909789072
2023-10-17,-0.2981575653903611,-1.8272977785545699,normal,normal,0.0007234637750954,-0.0036433994327751
2023-10-18,-0.21034213857793482,-2.0551564435513585,normal,normal,0.0167012578997471,-0.0030807197496862
2023-10-19,0.14526215399398346,-1.9546363741883932,normal,normal,0.0061790872357718,0.013724231161472
2023-10-20,0.40011480064815746,-2.054023546540048,normal,normal,0.0069939273886836,0.0329857689825523
2023-10-23,0.690973734533007,-2.0528976039558366,normal,normal,-0.0033147413528471,0.1085445354004743
2023-10-24,0.5504547236989081,-1.489508668579414,normal,normal,-0.0008556195855256,0.0243427517877741
2023-10-25,-0.21813434091391587,-2.1035657272765067,normal,normal,0.0044210314803221,0.0175810011251265
2023-10-26,0.3502791242136487,-2.381235678310868,normal,normal,0.001252411039351,-0.010083818433932
2023-10-27,0.8420797165906821,-2.311586771864423,normal,normal,0.0005505521194235,-0.0072531692565718
2023-10-30,1.0049970333966791,-2.24962422270137,macro_stress,normal,0.0035463565197577,0.0173237414030165
2023-10-31,0.4373089162671641,-2.1479402891550747,normal,normal,-0.0056501196281191,0.0047829388016928
2023-11-01,-0.3350824275190412,-2.0537918247571527,normal,normal,-0.00341556851453,0.0219528756206894
2023-11-02,-0.6409273512880762,-2.048081170696162,normal,normal,0.0030143202929222,-0.0141816430381389
2023-11-03,-1.3260550949387422,-2.3463652451840247,normal,normal,0.0028551882755012,-0.0059112069551456
2023-11-06,-1.4205763937017086,-2.005353891567084,normal,normal,-0.0053162148279479,0.0087444503641815
2023-11-07,-1.321300130706717,-2.4463636776220037,normal,normal,-0.0076222451660612,0.0115264053036003
2023-11-08,-1.2824394422612617,-2.168677536692175,normal,normal,-0.0079871973352689,0.0059555252934746
2023-11-09,-1.2788007623530078,-2.0717698577126082,normal,normal,0.0061106207563357,0.0286922398244655
2023-11-10,-1.0676204636691713,-2.2031323961475007,normal,normal,-0.0164303620164432,0.0167783460503354
2023-11-13,-1.7473187562976666,-2.2559003655241465,normal,normal,0.0064302288559972,-0.0219909619655194
2023-11-14,-1.372622642322461,-2.2999852250609703,normal,normal,0.0083234065083424,-0.0267843578397943
2023-11-15,-1.9144105487293368,-2.0977642628914075,normal,normal,-0.0011193402738607,0.0638461992762771
2023-11-16,-2.2447069580766317,-1.528497714166006,normal,normal,0.0116409855063173,-0.046629756190665
2023-11-17,-2.430309639181815,-1.874898253443013,normal,normal,-0.001309213508378,0.0121487469666803
2023-11-20,-2.8413583356066945,-1.5480364575060228,normal,normal,-0.0022193715761753,0.0237686408308341
2023-11-21,-3.115124115396318,-1.8417994382145544,normal,normal,0.0106984754956052,-0.0453926219219482
2023-11-22,-2.912702038046132,-1.81153713975088,normal,normal,-0.0044061390651322,0.0442013894678368
2023-11-23,-3.4182318220972565,-1.3730076737308599,normal,normal,0.0002508717746039,-0.0038199994154339
2023-11-24,-3.683967611148838,-1.5597079150010789,normal,normal,0.0048544754409736,0.0114828809236318
2023-11-27,-3.859789061191905,-1.5600241587610988,normal,normal,0.0046819950831595,-0.0124340836494116
2023-11-28,-3.493110351634867,-1.6441675869607892,normal,normal,0.0136217560892841,0.0153673136112324
2023-11-29,-3.3620260630199974,-1.7415574527273883,normal,normal,0.0034743376821433,0.0007241750284947
2023-11-30,-3.0440269390820474,-1.9303330102643468,normal,normal,-0.0044061562069064,-0.0038571889984719
2023-12-01,-2.719632813121488,-2.0140034425920468,normal,normal,0.0250025023064601,0.0255507301146291
2023-12-04,-2.6939258045065966,-1.8837088971701197,normal,normal,-0.0229928574080924,0.081646780545773
2023-12-05,-2.4414959945328603,-2.2412259408516824,normal,normal,-0.0028931746765508,0.0488252345597306
2023-12-06,-2.4067678353415562,-2.2166766351095317,normal,normal,0.0056804302284616,-0.0076105157033996
2023-12-07,-2.269899526498124,-2.064540115478196,normal,normal,-0.00073272600895,-0.0104271600369862
2023-12-08,-2.602639218918653,-2.0607379421663214,normal,normal,-0.0157111381234251,0.0199856832348004
2023-12-11,-2.4844348385353534,-2.0627478889609923,normal,normal,-0.0103788412738312,-0.0684673076151423
2023-12-12,-2.5295536424733105,-1.8961078888655785,normal,normal,-0.0002508214476755,0.0049916781642913
2023-12-13,-2.3176177118959593,-1.5665259341422484,normal,normal,0.0020549300082963,0.0341627495710383
2023-12-14,-2.5536121468825463,-1.4483734316605914,normal,normal,0.0235526075465779,0.0031014611592024
2023-12-15,-2.523896146882385,-1.7912332737747945,normal,normal,-0.0045091843776834,-0.0257616788095838
2023-12-18,-2.527677970852393,-1.6572031181472242,normal,normal,0.0023551597587738,0.0164108756524754
2023-12-19,-2.405123087697683,-1.4178659342849929,normal,normal,0.0056688307893031,-0.0083165707186143
2023-12-20,-2.5803979995781434,-1.7813798694201735,normal,normal,-0.0021465184259996,0.0321647372447504
2023-12-21,-1.9372528845791357,-1.7970388217158328,normal,normal,0.0017565740824299,0.0049565656400485
2023-12-22,-2.1648373175741527,-1.628744413655364,normal,normal,0.0086400150112133,0.002930565787194
2023-12-26,-2.3048583099517788,-1.8175053006492976,normal,normal,0.0003382305220105,-0.0341579428883154
2023-12-27,-2.4453059929806433,-1.6408581729011316,normal,normal,0.0111942594447569,0.0214623912043396
2023-12-28,-2.559049095992976,-1.766217548776544,normal,normal,-0.0045970954070666,-0.0189384832630334
2023-12-29,-2.57543416198461,-1.8867021625874645,normal,normal,-0.0056313536705339,-0.0124743793520085
2024-01-02,-2.427861371191142,-1.6181133164624182,normal,normal,0.0007719065974658,0.0656944810396691
2024-01-03,-2.023084763032593,-1.7360119180714917,normal,normal,-0.0148682851134029,-0.0480649535787556
2024-01-04,-1.7996464739192475,-1.577882399076857,normal,normal,0.0035183534564167,0.0306073577182868
2024-01-05,-1.7160919908278902,-1.567674655670042,normal,normal,-9.754191406941004e-05,-0.0003900828451524
2024-01-08,-1.9909616059349846,-1.8125932319401237,normal,normal,-0.0079838048711051,0.0616394814275871
2024-01-09,-2.1745374613083306,-1.6372675501331209,normal,normal,-0.0002459117189319,-0.0178454171064377
2024-01-10,-2.1086757830106087,-1.841404013443006,normal,normal,-0.0025610490305085,0.0105220327519486
2024-01-11,-2.1567839318879796,-1.7145995997965866,normal,normal,-0.0042501164328605,-0.0055742411475225
2024-01-12,-2.0838863470996323,-1.8471102764469527,normal,normal,0.0159186549501786,-0.0788426288329944
2024-01-16,-1.7452362490439874,-1.3298634781977539,normal,normal,-0.0104857378157197,0.007017444532682
2024-01-17,-1.3815134555019142,-1.0059894520757533,normal,normal,-0.0117423755924654,-0.009599712825862
2024-01-18,-1.0736490653237845,-0.8305331612846086,normal,normal,0.0074973542904093,-0.0352539060043799
2024-01-19,-1.2929986372913642,-1.1706050379760224,normal,normal,0.0038016650471028,0.0085991277380745
2024-01-22,-1.59212810759567,-0.7142902087284186,normal,normal,-0.0035049265332265,-0.0520553617522665
2024-01-23,-1.9892944850489642,-0.7980073902843443,normal,normal,0.0017787048445718,0.0085235842579223
2024-01-24,-1.9446376099722729,-0.5621147272127818,normal,normal,-0.0048493581645692,0.0057937057279868
2024-01-25,-1.8094513148909894,-0.48746720833287915,normal,normal,0.0008924829817136,-0.0035811572894939
2024-01-26,-1.7701307910710962,-0.8615989661516262,normal,normal,-0.0002478253279765,0.0460765744948172
2024-01-29,-1.7569998832154252,-0.6282211520653177,normal,normal,0.0040072161071336,0.0345812725750036
2024-01-30,-1.8494506879389077,-0.9055505760690041,normal,normal,0.0030072124756514,-0.0077837449899362
2024-01-31,-1.9517858854393313,-1.18170931163077,normal,normal,0.0082845164862082,-0.0086515528090469
2024-02-01,-1.5143138847882076,-1.159853985597295,normal,normal,0.01102096131999,0.0115148902942401
2024-02-02,-2.0602110188353855,-1.3042635055481195,normal,normal,-0.0084368936636183,0.0025523745302447
2024-02-05,-2.3780860696994557,-1.3062171957413848,normal,normal,-0.0052726416260648,-0.0122826241892486
2024-02-06,-2.2961680749582816,-1.2041562857913557,normal,normal,0.0041520603243281,0.0099368047086993
2024-02-07,-2.14619970615367,-1.3858751292753602,normal,normal,0.0001462547046724,0.0282286462102803
2024-02-08,-2.4035466828565744,-1.2561783588529485,normal,normal,-0.0018538042095199,0.0219456712821148
2024-02-09,-2.2931967986375015,-1.477437709272702,normal,normal,-0.0045025639113021,0.039932995408412
2024-02-12,-2.4062279378087608,-1.709635115691999,normal,normal,-0.0027997912241284,0.0579125034852996
2024-02-13,-2.174553589151933,-1.5123869836581993,normal,normal,-0.0127718429026222,-0.0043285887601172
2024-02-14,-1.5827260114860195,-1.9392701874653835,normal,normal,-0.001445794764499,0.0410468495104083
2024-02-15,-2.199793119655234,-1.804890655984932,normal,normal,0.0052746815132564,0.0021560092291075
2024-02-16,-2.200314398278818,-1.8379594938074502,normal,normal,0.0045555667653189,0.0042584326097614
2024-02-20,-1.771096687837062,-1.863500716663189,normal,normal,0.0077266425143189,0.0023873204261999
2024-02-21,-1.3610299986143188,-1.8621594857639456,normal,normal,-0.0026999843937929,-0.0085609043152299
2024-02-22,-1.337602151398931,-2.28824983588652,normal,normal,-0.0017712662226276,-0.0103585476400152
2024-02-23,-1.9389544856621796,-2.111647802731202,normal,normal,0.0091664825767754,-0.0112318061155125
2024-02-26,-1.9760132966058648,-2.193703687894601,normal,normal,-0.0051365610174123,0.0720557951553999
2024-02-27,-1.904539534207403,-1.788651210945185,normal,normal,0.0025471241651953,0.0459362164404737
2024-02-28,-1.8296284807769132,-2.4008249183795214,normal,normal,-0.0006851446089459,0.0906952929770419
2024-02-29,-1.7255968728549549,-2.2288941934143867,normal,normal,0.005857389854543,-0.0211224142700192
2024-03-01,-2.2891966610212737,-2.1032290556585806,normal,normal,0.0197577750188457,0.0200954657884242
2024-03-04,-2.2405921246418665,-2.2032011898583517,normal,normal,0.0144957998498469,0.0901387381959288
2024-03-05,-1.8992766891803827,-2.0431982370859942,normal,normal,0.0073098370072663,-0.0685829818149201
2024-03-06,-1.5546079638901313,-2.3028887347831497,normal,normal,0.0075812783213518,0.0354997002008659
2024-03-07,-1.608704279493499,-1.5928520349542956,normal,normal,0.0032381950663333,0.0123081400525162
2024-03-08,-1.664165097404895,-1.9169570252264199,normal,normal,0.0093319219318699,0.020331312236987
2024-03-11,-1.4449772471430091,-1.8848076522946102,normal,normal,0.0014174793013914,0.0544744208719727
2024-03-12,-1.1982032548407087,-1.9048625434483677,normal,normal,-0.0103337539739225,-0.0089498360493482
2024-03-13,-1.730240367358444,-1.8386177483433725,normal,normal,0.0067634437014358,0.022166899064075
2024-03-14,-2.01239864756645,-1.8594465075096078,normal,normal,-0.0061173746775775,-0.0233524614583817
2024-03-15,-1.6067271341713534,-2.136532771229099,normal,normal,-0.00277200454701,-0.0283089232920001
2024-03-18,-1.3247067363920049,-1.8229562261588317,normal,normal,0.0012945809734974,-0.0270939920560557
2024-03-19,-1.589465163747712,-1.4809130799419217,normal,normal,-0.0021277055465711,-0.0871207318570075
2024-03-20,-1.9474506555117594,-1.2245468787231266,normal,normal,0.0006017769722728,0.0925108529687737
2024-03-21,-2.2639324613530176,-0.7867245299617851,normal,normal,0.0109074194751244,-0.036318674226214
2024-03-22,-1.8830750197787802,-0.8923101007430478,normal,normal,-0.0113702753037996,-0.0264984466521589
2024-03-25,-1.8141935461265093,-0.7088839490283126,normal,normal,0.0075638690630155,0.0924864295109593
2024-03-26,-1.803669066305778,-0.5330995084191641,normal,normal,0.000367534391791,0.0004147786065633
2024-03-27,-1.6894442156879699,-0.8641514015277555,normal,normal,0.0061358983363097,-0.0076374445429507
2024-03-28,-2.0060210544147044,-0.9490969787145677,normal,normal,0.0121597708280427,0.0183971899718802
2024-04-01,-1.8667320760983162,-0.835904735098801,normal,normal,0.0177455524065894,-0.0148500586978421
2024-04-02,-1.5169734939087522,-0.77093835904218,normal,normal,0.0108837798572603,-0.0629909043698848
2024-04-03,-1.1967577309482609,-0.615360968492885,normal,normal,0.0144450609591153,0.0081237430733196
2024-04-04,-1.5055360042831867,-0.2513320541635836,normal,normal,-0.0028117245732905,0.0375988627118619
2024-04-05,-0.7257595596053477,-0.189173369410093,normal,normal,0.0158579584425648,-0.0098456304182885
2024-04-08,-0.803075894162402,-0.5976460751715703,normal,normal,0.0023848481504602,0.0544157458232117
2024-04-09,-1.1006599287356376,-0.41703052202437774,normal,normal,0.0048372405519145,-0.0354137612037881
2024-04-10,-1.1974242816347807,-0.6511740928049783,normal,normal,-0.0059438064861172,0.0207393012425356
2024-04-11,-0.5715593683276063,-0.5970688094952807,normal,normal,0.0102943230084751,-0.0074977825845117
2024-04-12,-0.9512208939135828,-0.7218007197907329,normal,normal,0.0005899328012883,-0.0417489701814357
2024-04-15,-0.23026753308828446,-0.8108489167688784,normal,normal,0.0037417386831117,-0.0577345477167838
2024-04-16,0.25846461553304206,-0.48411119121328183,normal,normal,0.0103532896813289,0.0060619201772293
2024-04-17,0.2931105166143361,-0.3345552152286579,normal,normal,-0.0080898429949627,-0.0405395853499452
2024-04-18,0.5183233657073709,-0.5220644943727573,normal,normal,0.0040114118023515,0.0358412020861464
2024-04-19,0.7312618777887812,-0.06841878561059772,normal,normal,0.0065672328250743,0.0051951428769125
2024-04-22,1.1386156948328365,-0.48031772947792395,macro_stress,normal,-0.0283200923689017,0.045831111169214
2024-04-23,0.5719998546816988,-0.7383487494958658,normal,normal,-0.0018341925532574,-0.0064603984899154
2024-04-24,-0.006390042580969091,-0.7516395406417681,normal,normal,-0.0015811114553345,-0.0326063013162709
2024-04-25,-0.02250855721885514,-0.767447305659936,normal,normal,0.001751842077537,0.0031812827691908
2024-04-26,0.16549652067641607,-0.7874596854187117,normal,normal,0.0020043724734284,-0.0113289352190157
2024-04-29,-0.10562425076463577,-0.7067140480760774,normal,normal,0.0044634392441658,0.0013448775410456
2024-04-30,-0.29191297252557147,-0.5907560306697621,normal,normal,-0.023517390981973,-0.0514946297165419
2024-05-01,0.0898669661106486,-0.5300283544290252,normal,normal,0.0035111754261825,-0.0400899234806573
2024-05-02,0.14420254581719594,-0.1402188446218577,normal,normal,-0.0006059396429014,0.014814392549697
2024-05-03,-0.4815376643181608,0.023012781698048046,normal,normal,-0.0004330691495981,0.0617572064982478
2024-05-06,-0.7382159438166509,-0.08274099593284155,normal,normal,0.0097418130135693,0.0043174906822898
2024-05-07,-0.9803357806372988,-1.1490471443685504,normal,normal,-0.0030072627152506,-0.0131819299956479
2024-05-08,-1.0253341807043541,-1.3752925862331937,normal,normal,-0.0008177778756612,-0.0185699862584929
2024-05-09,-1.2843419391760242,-1.18451802657758,normal,normal,0.0077210522218837,0.0299773086041792
2024-05-10,-1.286991947984295,-0.7264682120242757,normal,normal,0.0147182903423193,-0.0364564546354895
2024-05-13,-1.6849575084842316,-1.2016582175163113,normal,normal,-0.0135652779609465,0.034098215257428
2024-05-14,-1.756646482330193,-0.7349186063098607,normal,normal,0.0071870443512276,-0.0216740381115805
2024-05-15,-1.9463700059382458,-1.2836111786649618,normal,normal,0.0147222316840842,0.0738042976614998
2024-05-16,-2.5269067472171276,-0.9584841184740391,normal,normal,-0.0039326895869455,-0.0157557243971524
2024-05-17,-2.5314466676296297,-1.281112109706223,normal,normal,0.0132837960719696,0.0275228349050475
2024-05-20,-2.8368773460305716,-1.4309583393069045,normal,normal,0.0086905541219763,0.0635060724667884
2024-05-21,-2.6232806337068033,-1.2037755415607871,normal,normal,-0.0051805468667796,-0.0185288571822948
2024-05-22,-2.457820234420156,-1.5120674204591544,normal,normal,-0.0136965706088947,-0.0145658695101857
2024-05-23,-2.3061499416608866,-1.5192093402205056,normal,normal,-0.0235523678858697,-0.0174065965877581
2024-05-24,-2.1479958940768054,-1.507657486564325,normal,normal,-0.001155875377572,0.0087433946680484
2024-05-28,-2.2292886233585882,-1.483280955533764,normal,normal,0.0093797319527944,-0.0033603147248069
2024-05-29,-1.9733862892477663,-1.5415538281630683,normal,normal,-0.0065138698027444,-0.0105705290938473
2024-05-30,-1.9106701838555131,-1.5332774203616861,normal,normal,0.0007258390297684,0.0115770099062721
2024-05-31,-1.814345754392886,-1.6578442595821952,normal,normal,-0.008573073570683,-0.0128604927708071
2024-06-03,-2.077181461443458,-1.6947561230892592,normal,normal,0.0197782104409753,0.0192728467235081
2024-06-04,-1.7777582566691825,-1.6798050861770681,normal,normal,-0.0092862823969577,0.0253002252489249
2024-06-05,-1.5644598102145746,-1.7420770323216437,normal,normal,0.0118996505628317,0.0072722178166024
2024-06-06,-1.9014212475082386,-1.832768722535358,normal,normal,0.0064618816069366,-0.0045918902720174
2024-06-07,-1.9036428053832484,-2.0236913003460977,normal,normal,-0.0279497842124563,-0.0201945570798915
2024-06-10,-1.8255754206364432,-1.9500769122564219,normal,normal,0.0008598452808357,0.0024442124416612
2024-06-11,-1.747214137837134,-1.7307724647214,normal,normal,-0.0001718679458235,-0.0318673749178799
2024-06-12,-1.7922288167799056,-1.7635183105115741,normal,normal,0.0120478025332095,0.0134122341743001
2024-06-13,-2.0247473275274857,-1.8090892285764462,normal,normal,-0.0157510739899811,-0.0219981554211603
2024-06-14,-1.8256892774371833,-1.7813333743773787,normal,normal,0.0133275727317938,-0.0112273344053885
2024-06-17,-1.7277681858235532,-1.9541066682209822,normal,normal,-0.0085933267471496,0.0072332103389527
2024-06-18,-1.8580225764142342,-2.0007081498490176,normal,normal,0.0076562758640603,-0.0205057718831529
2024-06-20,-1.97623633804915,-2.107804280496865,normal,normal,0.0093726584103839,-0.0048025217930387
2024-06-21,-1.6751079339190282,-1.4818560334014537,normal,normal,-0.0160847896633349,-0.0113626640759907
2024-06-24,-1.7144275222672856,-1.6290965695082837,normal,normal,0.005646328451708,-0.0614275935353347
2024-06-25,-1.788499639377068,-0.9303635867983681,normal,normal,-0.0058178867291553,0.0250209785898576
2024-06-26,-1.806785068117492,-0.012875789527411974,normal,normal,-0.0075797510424155,-0.0162031982640602
2024-06-27,-1.888886402913613,-0.7863945088606246,normal,normal,0.0100650969016262,0.0129645478634579
2024-06-28,-2.136065709921938,-0.5280157274560798,normal,normal,0.0012830932322307,-0.0210738120086126
2024-07-01,-2.139989815315556,-1.1524589097743192,normal,normal,-0.000299324705665,0.0411164553233227
2024-07-02,-2.05451185877055,-1.3193270167189168,normal,normal,-0.0023543020655063,-0.0131801760562915
2024-07-03,-2.204103624193502,-1.271589301140049,normal,normal,0.0153103277667812,-0.0303632025066171
2024-07-05,-2.272553613830995,-1.477769747700042,normal,normal,0.0118732068381026,-0.0601286567951007
2024-07-08,-2.0500424842286815,-0.34013934548880853,normal,normal,-0.0143663529098665,0.0007537022264223
2024-07-09,-2.095848206159003,-0.2939231612910186,normal,normal,0.0018598739074624,0.0227379641121494
2024-07-10,-2.1101872845546286,-0.20462242629456506,normal,normal,0.0049709636409716,-0.0046086733698462
2024-07-11,-2.220377735359486,-0.2619542649946973,normal,normal,0.0175779069651893,-0.0069092459782691
2024-07-12,-1.9375205975895418,-0.30695486045421405,normal,normal,-0.0004955813954206,0.0096239845581038
2024-07-15,-1.9512500772491514,-0.11191503774167022,normal,crypto_stress,0.0033817053918117,0.1136794739005679
2024-07-16,-1.8379886054038246,-0.6334260324990217,normal,normal,0.0158886455072231,0.0034931297826741
2024-07-17,-1.9799603285126273,-1.2286208368142124,normal,normal,-0.0032064262561508,-0.0151432424548243
2024-07-18,-1.236403160279301,-1.4214989449798698,normal,normal,-0.0014238352949762,-0.0022597141603526
2024-07-19,-0.7267364950162926,-1.0927351187308045,normal,normal,-0.0236031159880791,0.0418794201096357
2024-07-22,-0.5094168136245896,-0.9604955819650232,normal,normal,-0.0018357660625296,0.0130325550283636
2024-07-23,-1.0924543873897459,-1.4052918073518363,normal,normal,0.0052478661280979,-0.0248315035462844
2024-07-24,-1.1617163107078445,-1.440769534443644,normal,normal,0.0034832721695536,-0.008462196557577
2024-07-25,0.0895543695527472,-1.3471954053038744,normal,normal,-0.0260854981052469,0.0061776136799451
2024-07-26,0.3238700084803199,-1.3394895191271359,normal,normal,0.0116169856456656,0.0319399921931982
2024-07-29,-0.29511018245308523,-1.2997567590536478,normal,normal,-0.0013448565274174,-0.0162125189205539
2024-07-30,-0.3704275970025821,-1.5815246913042595,normal,normal,0.0113741925804164,-0.0093053462306738
2024-07-31,0.009960887072749502,-1.2629686029107603,normal,normal,0.0088999863054093,-0.0241834505774871
2024-08-01,-0.4579382921806393,-0.9662217724891751,normal,normal,0.0221312186233788,0.0113598461110431
2024-08-02,0.39601707225676874,-0.5675812114023996,normal,normal,-0.0044439130148559,-0.0622170138648705
2024-08-05,1.8456330934921719,-0.6321069521871556,macro_stress,normal,-0.0103375413840449,-0.1288293553374959
2024-08-06,5.391562708420267,1.377494955899022,macro_stress,macro_stress,-0.0052501370338688,0.0371384650991171
2024-08-07,3.1378590549811802,1.7301343427076845,macro_stress,macro_stress,0.0003288670619694,-0.0181319456214232
2024-08-08,3.5753089391217254,1.1606221878820846,macro_stress,macro_stress,0.0126235501072438,0.1146158574329572
2024-08-09,2.084802060358502,2.0172962969562844,macro_stress,crypto_stress,0.0040917486202678,-0.0135416335526663
2024-08-12,1.472500028192262,0.7403202115580356,macro_stress,normal,0.012295770394628,-0.0253783714532112
2024-08-13,1.5975051621504615,1.7937869369685648,crypto_stress,crypto_stress,0.0015164410069505,0.0209245392771162
2024-08-14,0.877845821737888,1.4775813011198906,crypto_stress,normal,-0.0112683288181774,-0.0313783013916655
2024-08-15,0.10636072244295236,1.5459674720053567,crypto_stress,normal,0.0051084970796919,-0.0202448620971349
2024-08-16,-0.6250059158787777,1.5749019896613432,crypto_stress,normal,0.018051520714696,0.0229114301013417
2024-08-19,-0.9164730847433171,1.5651444733447146,crypto_stress,normal,0.0013781971163018,0.0101252662667974
2024-08-20,-0.9185998040979194,1.5205275230280964,crypto_stress,normal,0.0036528835609059,-0.0081120246047579
2024-08-21,-0.6809353007929025,1.415342632921629,crypto_stress,normal,-0.001216177783478,0.0359874877747525
2024-08-22,-1.2524665213208919,1.634888128565378,crypto_stress,normal,-0.0121639859781685,-0.0130521141055446
2024-08-23,-0.9264203729236151,1.045312508266881,crypto_stress,normal,0.0116928441262817,0.0596666777899255
2024-08-26,-1.246787975754947,1.375774007695739,crypto_stress,normal,0.0034891351064381,-0.0191176551055054
2024-08-27,-1.0996761580637044,0.006680143527886262,normal,normal,-0.0009005497345491,-0.0551928775609074
2024-08-28,-1.3850254012846666,0.42402586204999515,normal,normal,-0.0059323464137319,-0.0080402145092683
2024-08-29,-0.5680120765796763,1.2415981958710416,crypto_stress,normal,0.0088268749757904,0.0060896567427395
2024-08-30,-1.15847505618361,1.288860469009998,crypto_stress,normal,-0.0128541836436824,-0.0045347886200275
2024-09-03,-1.9456773971124814,0.9882823903171343,normal,normal,-0.001821604894201,-0.0289757874613592
2024-09-04,-1.0973457632353911,1.362783299048789,crypto_stress,normal,0.0011883542693791,0.0093675489668374
2024-09-05,-0.7065935513797732,1.3088228634374999,crypto_stress,normal,0.0067468237725076,-0.0317387301454914
2024-09-06,-1.0791372515728714,1.2414357368982478,crypto_stress,normal,-0.007301174682313,-0.0401788599055397
2024-09-09,0.3196684832055008,1.5964174177744643,crypto_stress,crypto_stress,0.0032032350713926,0.0553593369173182
2024-09-10,-0.38338843463593003,1.4919696784829775,crypto_stress,normal,0.0040979396109204,0.010973955159395
2024-09-11,-0.5550010702518885,1.1757430525502492,crypto_stress,normal,-0.0002753693115415,-0.0053141104233809
2024-09-12,-0.6698495899237079,0.9913556070143972,normal,normal,0.0149134894888014,0.0135766976294
2024-09-13,-0.8698617674434268,1.262115349523052,crypto_stress,normal,0.0115963980281881,0.0411907229072507
2024-09-16,-0.7156674446736763,1.2743320159495286,crypto_stress,normal,-0.0006897267798304,-0.0400645817241418
2024-09-17,-0.5903524859010322,0.8797571415527006,normal,normal,-0.0063445892252103,0.0357170886607089
2024-09-18,-0.282235853126543,0.573919825208041,normal,normal,0.0023888261456157,0.0219943305683933
2024-09-19,-0.1454134413329341,-0.008267728406410269,normal,normal,0.0061382834491512,0.0207211190539169
2024-09-20,-0.7941554994811489,-0.19959377891735086,normal,normal,0.012013470678025,0.0040040116474049
2024-09-23,-0.99202419602912,-0.9986494158670947,normal,normal,0.0023779613319945,0.0021628401614286
2024-09-24,-0.8375358756897064,-0.8252329508020737,normal,normal,0.0091941730322142,0.0152342441721859
2024-09-25,-1.0630521724079918,-1.0374911793347636,normal,normal,0.0028722071490161,-0.0181859645588886
2024-09-26,-0.9772663909590991,-1.2635645994517941,normal,normal,0.0037920899964714,0.0317640306556246
2024-09-27,-1.2196095794526594,-0.8638194701521639,normal,normal,-0.0099944164719403,0.009309629648678
2024-09-30,-0.8939859807438715,-1.3975578968040128,normal,normal,-0.0032661484924538,-0.0381266893714205
2024-10-01,-0.799429876713182,-1.3266272059592026,normal,normal,0.011552232989346,-0.0401529704172496
2024-10-02,-0.6101374239413202,-0.7361187035837098,normal,normal,-0.0076866414496077,-0.0033625289659386
2024-10-03,-0.7178764884026326,-0.3706531278088798,normal,normal,0.003552136013921,0.0020860853737758
2024-10-04,-0.45229519081691416,-0.20367753040558667,normal,normal,-0.004264043245393,0.0213002835593876
2024-10-07,-1.3116499945510898,-0.3744559351108226,normal,normal,-0.0006749592710582,0.0027220928069464
2024-10-08,-0.17109154170694785,-0.9750849518604051,normal,normal,-0.0115442856830725,-0.0016835665376202
2024-10-09,-0.5208778762081776,-0.9466384885777311,normal,normal,-0.0035731601928397,-0.0252611554684634
2024-10-10,-0.5419657376931032,-1.0825869479785735,normal,normal,0.0050519731039981,-0.0050903669759527
2024-10-11,-0.3034401330054146,-0.6225368676186043,normal,normal,0.0139215128657461,0.0353784793604461
2024-10-14,-0.40623374442564647,-0.23249595069078366,normal,normal,-0.0040060522242146,0.0560657534911896
2024-10-15,-0.6996973736114456,-0.817101000601663,normal,normal,0.0049770164248368,0.0149526424220383
2024-10-16,-0.3365674143271631,-1.6556072608357881,normal,normal,0.004618140343191,0.0084901085474502
2024-10-17,-0.7136162043820233,-2.0240697330072357,normal,normal,0.0060013334988466,-0.0031535287872266
2024-10-18,-0.3996100745114366,-2.002290092285846,normal,normal,0.00827590930386,0.0150048970496641
2024-10-21,-0.7415156908797718,-2.2174404648398225,normal,normal,0.003254735087232,-0.0154795564608907
2024-10-22,-0.5678284366819888,-2.2829482294079426,normal,normal,0.0076018867438483,-9.567799317800052e-05
2024-10-23,-0.5288876211829777,-2.187890066781679,normal,normal,-0.011076461985457,-0.0138904382136981
2024-10-24,-0.15883679233178688,-2.2157568731520723,normal,normal,0.0071190270890735,0.0256915479674528
2024-10-25,-0.14416108208222167,-2.0989584393047838,normal,normal,0.0020714808215904,-0.0225321334727954
2024-10-28,0.06838382501403246,-2.275465088937011,normal,normal,0.0004717556343729,0.0478354048933731
2024-10-29,0.006055902199370002,-2.2811598606259995,normal,normal,0.0091025354204532,0.0394465905777625
2024-10-30,-0.34086805602749704,-2.2636405587781807,normal,normal,0.0070585400839719,-0.0052523634181866
2024-10-31,-0.0687513061192854,-2.500560256228987,normal,normal,-0.0185587565100098,-0.0298062208969245
2024-11-01,0.8667967751793856,-2.440532673108626,normal,normal,-3.640907748003741e-05,-0.0104901612367793
2024-11-04,0.7399651971307337,-2.3332999751147896,normal,normal,-0.0010918223792009,-0.0243425602580433
2024-11-05,0.5964632020640188,-2.05576893576436,normal,normal,0.0012736769356607,0.0225721124909306
2024-11-06,0.2544414501659277,-2.039167625657327,normal,normal,-0.0270565352105753,0.0866690312684639
2024-11-07,-0.9677032530255016,-1.693013355831389,normal,normal,0.0109623733825001,0.0035076496874797
2024-11-08,-1.394516683364614,-2.0492516419853075,normal,normal,-0.0040736270090935,0.0084043233393167
2024-11-11,-1.388150751841282,-1.9549645778873994,normal,normal,-0.0290279572462566,0.1473915948781403
2024-11-12,-1.221608342816645,-1.2289188611445176,normal,normal,-0.004364441209617,-0.0084420662691062
2024-11-13,-1.3826683684719652,-1.502650009352899,normal,normal,-0.0076259993064491,0.0294448504877617
2024-11-14,-1.4061438796600851,-1.6839228526678531,normal,normal,-0.0052719810107779,-0.0374969223188124
2024-11-15,-1.2094445619760161,-1.7688107828829294,normal,normal,-0.0010887827976215,0.0428021182914264
2024-11-18,-0.4510731586387514,-1.3642712194135236,normal,normal,0.0171663128429484,-0.0057636972783612
2024-11-19,-0.6933735365300919,-1.4904681204134211,normal,normal,0.0062528425621746,0.0196975431836516
2024-11-20,-0.6530687356247536,-1.8152979126009343,normal,normal,0.0078369232808235,0.0213814449984326
2024-11-21,-0.7205945490562935,-1.5484426659440844,normal,normal,0.0087110346242766,0.0432046373822121
2024-11-22,-0.8510842702355859,-1.4865495205231458,normal,normal,0.0138481357053086,0.0049917220950614
2024-11-25,-1.248906457622498,-2.0435118228418427,normal,normal,-0.0351584609311599,-0.0613973994966041
2024-11-26,-1.3778629019778665,-1.3434120016798472,normal,normal,0.0010687618109708,-0.0120698525342817
2024-11-27,-1.5692716667100426,-1.1844681300120348,normal,normal,0.0070706041121448,0.042328813304957
2024-11-29,-1.555796873921464,-0.963681370602585,normal,normal,0.0064566661171561,0.0154998529040746
2024-12-02,-2.249962214256725,-1.107322142256734,normal,normal,0.0005643871845792,-0.0165135386431689
2024-12-03,-2.240273728879427,-1.1673521396784687,normal,normal,0.0035295555251462,0.0014266034685608
2024-12-04,-2.323484965761286,-1.0063879425649191,normal,normal,0.003106250156029,0.0284083108720061
2024-12-05,-2.144898938492025,-1.0920873512829878,normal,normal,-0.0104422124485568,-0.0222668653122219
2024-12-06,-1.4826501091147808,-1.3445222710596325,normal,normal,0.0042201250696853,0.0338648017678089
2024-12-09,-1.5091181980836228,-0.7851580265239826,normal,normal,0.0098028810804828,-0.0252149051616488
2024-12-10,-1.0013517189575896,-1.050025054076114,normal,normal,0.0120647826663224,-0.0078027935539886
2024-12-11,-0.907847166097905,-1.0826922197929438,normal,normal,0.0139908584689187,0.0454729495707635
2024-12-12,-1.2848732292833223,-0.8848655279689123,normal,normal,-0.0173071223592824,-0.0112321381496034
2024-12-13,-1.0834071017747449,-1.2844660919438793,normal,normal,-0.0124787528155723,0.0140572234722959
2024-12-16,-1.2481447160685504,-1.02789954238898,normal,normal,-0.0021699468932707,0.0440621033461425
2024-12-17,-1.4910036086450162,-1.3296223339709452,normal,normal,-0.003000752439239,0.0010452246330352
2024-12-18,-1.079750788751522,-1.5593772621192536,normal,normal,-0.0032735532749299,-0.0591791546537692
2024-12-19,1.957212114219896,-1.0893881810479025,macro_stress,macro_stress,-0.0171821423669511,-0.0258259051251439
2024-12-20,1.3087872833655392,-0.9834899152578617,macro_stress,normal,0.0140868843675967,0.0027142735531846
2024-12-23,0.0931305188541291,-0.936565107877694,normal,normal,-0.0064097260497772,-0.0319051470032558
2024-12-24,-0.2970575247072419,-0.6946160633589337,normal,normal,0.0027737346642666,0.0412739940682787
2024-12-26,-0.9633775948394838,-1.6316240503945019,normal,normal,0.0069573021146274,-0.0296268317340668
2024-12-27,-0.7281685848871375,-1.856392001762317,normal,normal,-0.0083242377122898,-0.0171688048649549
2024-12-30,-0.3205093495543725,-1.6459607270232324,normal,normal,-0.0052570805597964,-0.0162913956534183
2024-12-31,0.34849435977215215,-1.2959235115362646,normal,normal,0.0087087321593299,0.0084482900528719
2025-01-02,0.5012731347607072,-1.3333368894191564,normal,normal,0.0105462371073912,0.036340097150493
2025-01-03,0.6751083882122968,-1.5458196604984176,normal,normal,-0.0053722348561953,0.0125190387534921
2025-01-06,0.1768970140210565,-1.7358846363191984,normal,normal,-0.0027536461562656,0.0396749692486491
2025-01-07,-0.01884290761551133,-1.7735254264620273,normal,normal,0.0067761141150661,-0.0518242829786963
2025-01-08,0.6482803886116003,-1.8126382908420235,normal,normal,0.002622805001665,-0.0195788576965654
2025-01-09,0.43833982263366417,-1.4331858622926803,normal,normal,0.0068616567889794,-0.0272988491790346
2025-01-10,0.4364240963471292,-1.533679518313969,normal,normal,0.0089533880702621,0.0236932656291593
2025-01-13,1.2866258072330945,-0.6519076144132985,macro_stress,normal,-0.0134976469570702,-0.0019546741777975
2025-01-14,1.0494058242412325,-1.240961357369234,macro_stress,normal,0.0013803472022431,0.0211210930715601
2025-01-15,0.9287293701325656,-1.3197625564285222,normal,normal,0.013148093839236,0.0403066614062268
2025-01-16,0.08878983597544599,-1.5703777887587238,normal,normal,0.0121053478936614,-0.0074661359209997
2025-01-17,0.13752307026120925,-1.791863100209956,normal,normal,-0.0008000404930594,0.0460874538869582
2025-01-21,-0.9457089392183216,-1.7268119634034458,normal,normal,0.0038127100731051,0.015994264511626
2025-01-22,-1.3501097452994442,-1.79196105906702,normal,normal,0.0042313769872697,-0.0237685469930415
2025-01-23,-1.2280706122406797,-2.169412982547965,normal,normal,-0.002131506956986,0.0029584026842144
2025-01-24,-1.1949490857526912,-1.7952495593132431,normal,normal,0.0050144958296032,0.0082318111627817
2025-01-27,-0.8915108622056751,-1.7971218381802079,normal,normal,-0.0146813582318552,-0.0264075488723758
2025-01-28,0.03560516980245537,-1.673979969781124,normal,normal,0.0105706130286087,-0.0074251676153966
2025-01-29,-0.7396591554384284,-1.721702857758416,normal,normal,0.0008307474545796,0.0231261207465305
2025-01-30,-0.8577004402190473,-1.703083115122303,normal,normal,0.0190250162161174,0.0099031811077274
2025-01-31,-1.226043573117265,-1.7084215958171858,normal,normal,-0.0037263817408135,-0.022500491172309
2025-02-03,-1.0440297506687233,-1.9535280656851826,normal,normal,0.0157333910358374,-0.0098092085137313
2025-02-04,-0.1368138155307489,-0.6903710157447309,normal,normal,0.0065237548240979,-0.035467893340618
2025-02-05,-0.4464371384532563,-1.9238693542703267,normal,normal,0.0059631126035242,-0.0129200487537541
2025-02-06,-1.0869017410418071,-1.0975418624080993,normal,normal,-0.0056502391220494,-0.0002292695179963
2025-02-07,-1.1882230091659132,-0.9293058762579609,normal,normal,0.003781954230094,-0.0006649766736614
2025-02-10,-0.7576925817384298,-0.8038850595364864,normal,normal,0.0160772286981636,0.0093673364658268
2025-02-11,-1.4369891697680695,-0.8061345167884257,normal,normal,-0.0006135349391369,-0.0174979243693833
2025-02-12,-1.3657694958498514,-0.9858789791000986,normal,normal,-0.0013308129689661,0.0220883159193476
2025-02-13,-1.2954175032824473,-0.9310804605787262,normal,normal,0.0056859762623071,-0.0129763165895191
2025-02-14,-1.2563765813369847,-1.1016877797798061,normal,normal,-0.0152925278121571,0.0091185779172295
2025-02-18,-1.3682910273383673,-1.0856490983428804,normal,normal,0.0165140594908859,-0.0204040957800533
2025-02-19,-1.0737130645468438,-1.0235557666886594,normal,normal,-0.004383926454861,0.011407035189924
2025-02-20,-0.9334276832857543,-0.9855509825409132,normal,normal,0.0067886616702983,0.0174219113580331
2025-02-21,-0.6031257442599182,-1.3723102992711667,normal,normal,-0.0009815533796748,-0.022714094704245
2025-02-24,0.43420768242176067,-1.633614355883556,normal,normal,0.0033804373226473,-0.0502108413046364
2025-02-25,0.6330388710026007,-1.2330536739415492,normal,normal,-0.0150971593533855,-0.0297766693549981
2025-02-26,0.4748356347898032,-0.12450272248422678,normal,crypto_stress,0.0040346239065778,-0.0507280862209693
2025-02-27,0.6319551885001807,0.20657532478866547,normal,crypto_stress,-0.0119113037264453,0.0042259806609497
2025-02-28,1.2966015396659918,0.6714431519321673,macro_stress,crypto_stress,-0.0165033698799828,-0.0039179629938974
2025-03-03,0.752254884852386,0.2598011090945045,normal,crypto_stress,0.0182974691407595,0.0198630934898247
2025-03-04,1.6661732712847415,-0.4714698067983457,macro_stress,normal,0.0066990989822111,0.0133482006343736
2025-03-05,1.9189615043653991,0.18767355753348092,macro_stress,crypto_stress,0.0018471945366487,0.0382554190530353
2025-03-06,1.5185977293632034,0.06303720208503716,macro_stress,crypto_stress,0.0002050704467553,-0.0073299315153256
2025-03-07,2.6161687383061074,-0.18836420825912548,macro_stress,crypto_stress,-0.0042803152589492,-0.0364383782693096
2025-03-10,2.2788975482771225,-0.5353600120727258,macro_stress,normal,-0.0050572724326167,-0.0994397561589313
2025-03-11,3.573195477779991,0.5894593212891052,macro_stress,macro_stress,0.0073879691817611,0.0536729340651245
2025-03-12,3.7334136950448333,0.5889071524478939,macro_stress,macro_stress,0.0088280978615191,0.0103269598158153
2025-03-13,3.098221022384554,0.1481452612792019,macro_stress,normal,0.0149882394476961,-0.0322337677609105
2025-03-14,3.4471275494122677,-0.36690445213666456,macro_stress,normal,0.003270828825034,0.0351765814759232
2025-03-17,2.6254116071197147,0.5273791726497438,macro_stress,normal,0.0016646693940849,0.0012685421831619
2025-03-18,2.221161338109184,0.2909478334941007,macro_stress,normal,0.0114770646873427,-0.0162741576821936
2025-03-19,2.7619811138075065,0.2037407343716553,macro_stress,normal,0.0001315035660383,0.0487878794530605
2025-03-20,2.2075230315018723,0.39198053210225636,macro_stress,normal,0.0008545925437939,-0.0314259156183105
2025-03-21,2.130921322628954,-0.35047855954692125,macro_stress,normal,-0.0073864830544287,-0.0014737866362892
2025-03-24,1.592982137558545,0.4682895174296444,macro_stress,normal,-0.001921420066866,0.0402949282403852
2025-03-25,0.7051144201971801,-0.07970185232208776,normal,normal,0.0034096878809126,-0.0003110343685897
2025-03-26,0.4905219414524386,-0.13217288849083766,normal,normal,-0.0011242321131987,-0.00654715703687
2025-03-27,0.9893735753553603,-0.18622412042638492,normal,normal,0.0126573564564633,0.0031735085032362
2025-03-28,0.753437505275649,0.10482595551372809,normal,normal,0.0082961028885382,-0.0329295655003285
2025-03-31,2.1781235159975663,-0.043312160483584106,macro_stress,normal,0.0116922880481933,-0.021621118796224
2025-04-01,1.7383879634992507,0.41617427356490094,macro_stress,normal,0.0074017537360795,0.0312485205315677
2025-04-02,1.2531662351496369,0.4629829879354006,macro_stress,normal,0.0064003105997727,-0.0320144583229851
2025-04-03,1.3073456271873098,0.028614371314702097,macro_stress,normal,-0.014154405649851,0.0074536564920411
2025-04-04,3.705871901948055,0.8800155763399513,macro_stress,macro_stress,-0.0280345302146489,0.0088768658065063
2025-04-07,8.24999528550834,0.7368398782714726,macro_stress,macro_stress,-0.0205698065293686,-0.0565332397333708
2025-04-08,7.894969802723752,0.991773018907129,macro_stress,macro_stress,0.0055668856263162,-0.0381170762617486
2025-04-09,9.018709903409931,0.9663162088579543,macro_stress,macro_stress,0.0293944826326217,0.0793890094423801
2025-04-10,3.397270734337577,1.4304909088502373,macro_stress,macro_stress,0.0313599829805433,-0.0363518545774042
2025-04-11,5.200178133576051,0.5198589646321659,macro_stress,macro_stress,0.0208973820107765,0.0463638537952739
2025-04-14,4.663529977555371,1.24933644608469,macro_stress,macro_stress,-0.0056561211582053,0.0135467802271413
2025-04-15,3.3905019932462643,0.9657604169923707,macro_stress,macro_stress,0.0043607639030582,-0.0103846276257755
2025-04-16,3.0309222412097476,0.6409927625779052,macro_stress,macro_stress,0.03218836312627,0.0043514532442241
2025-04-17,4.274364013712315,0.9876557934964819,macro_stress,macro_stress,-0.0053934332595328,0.0102041347801549
2025-04-21,3.6370373072855955,0.9464239061714388,macro_stress,macro_stress,0.0286973946704751,0.0304308082805722
2025-04-22,4.9684406975754465,0.522919216873616,macro_stress,macro_stress,-0.0017240048469115,0.0654849109954955
2025-04-23,4.1916238020916765,-0.12526958923342738,macro_stress,macro_stress,-0.0373320493598701,0.0027489316822659
2025-04-24,3.4465639609417646,-1.3754639168259,macro_stress,macro_stress,0.0164093580360802,0.0026080137382393
2025-04-25,2.348229626566487,-0.964957655421421,macro_stress,macro_stress,-0.015104904400216,0.0082337519699073
2025-04-28,1.8011814737291205,-0.8902518115449669,macro_stress,normal,0.0148360554886579,0.0027227325309908
2025-04-29,1.3724401850051147,-0.6600779617131047,macro_stress,macro_stress,-0.0042206978714158,-0.0073333094254444
2025-04-30,1.1882839716075548,-0.9282787673218633,macro_stress,normal,-0.0043591391570814,-0.0008220669855223
2025-05-01,1.3370706419121694,-0.7636983368802511,macro_stress,normal,-0.0296293503424678,0.0239657788961871
2025-05-02,1.3280341724906055,-0.7056003501855893,macro_stress,normal,0.0065270041186842,0.0043198534363249
2025-05-05,-0.5301834060168858,-1.410275300596383,normal,normal,0.0240659838149284,-0.0225621255413823
2025-05-06,-1.654435076771421,-0.6871380865712915,normal,normal,0.0298016149726123,0.0214512655294729
2025-05-07,-1.3188000115857321,-1.0599373875203837,normal,normal,-0.0090687362553261,0.0023715438242231
2025-05-08,-2.004140970941434,-1.426599609938786,normal,normal,-0.025651208173155,0.0620264035337463
2025-05-09,-0.19970920484977106,-1.1743959260986423,normal,normal,0.0114286958236231,-0.0026245719962858
2025-05-12,-1.1104700674715935,-1.5373844317207586,normal,normal,-0.0353049448147526,-0.0015346053954772
2025-05-13,-2.0724420467088978,-1.4708745550500195,normal,normal,0.0061151086753632,0.013111031807524
2025-05-14,-2.083201590934997,-1.5098424301083806,normal,normal,-0.0184899843818904,-0.0060700276394065
2025-05-15,-2.0711572515654137,-1.6670382596647024,normal,normal,0.0119411068147226,0.0019801487371218
2025-05-16,-2.8333936104593027,-1.606308393974424,normal,normal,-0.0122862084278256,-0.0024643811186511
2025-05-19,-3.0629410462894553,-1.6456774455274945,normal,normal,0.0144223688164384,0.020248769296538
2025-05-20,-3.4623875026907927,-1.7734333395004551,normal,normal,0.015679766748363,0.0111575687100771
2025-05-21,-2.793518183501325,-1.8696123459121607,normal,normal,0.0087601238932712,0.0266750544968754
2025-05-22,-1.5268043025722549,-1.9514753424184237,normal,normal,-0.0055988645916755,0.0180279639423641
2025-05-23,-1.159719721427082,-2.345448298947252,normal,normal,0.0212595228495047,-0.0400625623389938
2025-05-27,-0.47011837757702635,-2.5926272582062486,normal,normal,-0.0196220471451393,0.0157837983040867
2025-05-28,-1.5245969805286244,-2.501283834698352,normal,normal,-0.0016678548171711,-0.0109994574937921
2025-05-29,-1.1979902934784918,-2.334789887264902,normal,normal,0.0067151478329137,-0.020245528009255
2025-05-30,-1.278328459533122,-2.4365904353642236,normal,normal,-0.0085378040007899,-0.0156765748876122
2025-06-02,-1.2419033067675813,-1.75518227520298,normal,normal,0.0323984158768801,0.0179436873295717
2025-06-03,-1.0374679285903325,-1.9293073582040483,normal,normal,-0.0059341665867442,-0.0042501980559297
2025-06-04,-1.4383443246546452,-1.958062720910803,normal,normal,0.0065227134899483,-0.0066660841880299
2025-06-05,-1.6305801140811753,-2.132469667811215,normal,normal,-0.0071151130043709,-0.0305977318470382
2025-06-06,-1.2495530279873353,-1.8085374712425115,normal,normal,-0.0084800481904299,0.0273303530644604
2025-06-09,-1.6619997485975115,-1.2103546195577681,normal,normal,0.0024770003525009,0.055013270160229
2025-06-10,-1.6268474264054027,-1.804526178757355,normal,normal,-0.0034337105338444,-0.0003343184269262
2025-06-11,-1.0541750858738461,-2.214481706930983,normal,normal,8.973959860014702e-05,-0.0143473886097247
2025-06-12,-0.7682952694428034,-2.2430554714092796,normal,normal,0.0174030725787925,-0.0256991668453334
2025-06-13,-0.6933030875842408,-2.136078167647226,normal,normal,0.0147044739681607,0.0015273471943917
2025-06-16,0.173641519388657,-1.7022108013659207,normal,normal,-0.010334730342933,0.006630646677074
2025-06-17,-0.19307849063220323,-1.69990105140287,normal,normal,-0.0030480216320185,-0.0207733363618132
2025-06-18,0.4747571925449493,-2.0260015157292006,normal,normal,0.0003522216654161,0.0026943395038614
2025-06-20,0.12543233248772998,-1.3116409101636017,normal,normal,-0.0065943146680282,-0.015118251510211
2025-06-23,-0.11086575249969566,-1.3814980998356226,normal,normal,0.0027430957649414,0.0217175501705639
2025-06-24,-0.4855494701004102,-1.2909244886531814,normal,normal,-0.0181610004249819,0.0044216293985872
2025-06-25,-1.32483460179319,-2.117443434341161,normal,normal,0.0027557888677485,0.0123298892885532
2025-06-26,-0.9893480903436568,-2.1522595752603118,normal,normal,0.0014646031738028,-0.0037444562002875
2025-06-27,-1.3325400327699353,-2.527193632162012,normal,normal,-0.0182053076306019,0.0012000060276005
2025-06-30,-1.4088046979784337,-2.1135924124899335,normal,normal,0.0060952240521334,0.0004379182730982
2025-07-01,-1.4532524945522836,-2.1572696134145612,normal,normal,0.0126475880899032,-0.0135042249937296
2025-07-02,-1.3137605023780012,-2.0478630248333882,normal,normal,0.0029510126024803,0.029467777201356
2025-07-03,-1.3235307929753528,-1.966438844371933,normal,normal,-0.005013005215197,0.0072186117892432
2025-07-04,-1.5600243302369816,-2.4299669425958452,normal,normal,0.0010763590326128,-0.014825919147368
2025-07-07,-1.4789757634163663,-2.4628584498657364,normal,normal,-0.0011062298064619,0.0024546814480821
2025-07-08,-1.0032111422201218,-2.486102553313982,normal,normal,-0.0077782114075048,0.0059877877476886
2025-07-09,-1.144833747277893,-2.2375438896216777,normal,normal,0.0012353600500176,0.0215762452748826
2025-07-10,-1.3172100472334671,-2.263614980707444,normal,normal,0.0014142211893819,0.041012050718427
2025-07-11,-1.4723804449355287,-2.3809534638738516,normal,normal,0.0114505785267091,0.0131030703572978
2025-07-14,-1.193256082091457,-2.4120133512828645,normal,normal,-0.0014576320864296,0.019655546332407
2025-07-15,-1.3400868925848157,-2.559356401472564,normal,normal,-0.0066908300388188,-0.0174438858577925
2025-07-16,-0.9988308679848361,-2.4886954771834118,normal,normal,0.0066908300388188,0.0081290639509514
2025-07-17,-1.3059252767713296,-2.3509507549242015,normal,normal,-0.0041167197709448,0.0046325315439847
2025-07-18,-1.5536407497215996,-2.5417005444895313,normal,normal,0.003878517843276,-0.0108442256179852
2025-07-21,-1.6209473120654532,-2.572567917746582,normal,normal,0.014221078392012,-0.0047883278598614
2025-07-22,-1.3870378586436893,-2.513308542921393,normal,normal,0.0108904740898374,0.0215298859239876
2025-07-23,-1.1730717899043344,-2.765395283196988,normal,normal,-0.0134771318188136,-0.0103913075480228
2025-07-24,-1.5603156806841803,-2.8380519780760842,normal,normal,-0.0071185476742954,-0.0032638027078917
2025-07-25,-1.3871399103711073,-2.7199823631774938,normal,normal,-0.0112981785776842,-0.0062043007703422
2025-07-28,-1.4423684003309023,-2.7440132707445537,normal,normal,-0.007704413118688,0.0024502755485276
2025-07-29,-1.3079858820886787,-2.9704674897408188,normal,normal,0.0042206876042314,-1.974270354665464e-05
2025-07-30,-1.0893594538171592,-2.873453926029813,normal,normal,-0.0085199315834518,-0.000771661971628
2025-07-31,-1.0425114615759297,-2.9753050574951314,normal,normal,-0.0007892237945714,-0.01774942596737
2025-08-01,-0.535424491995882,-2.8304244864235066,normal,normal,0.0318568991094121,-0.0212871264623775
2025-08-04,0.5131497602827207,-2.476595799374074,normal,normal,0.0077934980933083,0.0153405677011342
2025-08-05,-0.5364092473124681,-2.4467855618374448,normal,normal,0.002419452581714,-0.008118573366822
2025-08-06,-0.37901097677210804,-2.2470209305116424,normal,normal,-0.0003785759879377,0.0077371493304791
2025-08-07,-0.6063675050209069,-1.9737971955448452,normal,normal,0.0058951105833688,0.021236359971132
2025-08-08,-0.5609104542433598,-2.30919924716923,normal,normal,0.0108280676833913,-0.0069020041967338
2025-08-11,-1.0798402622965955,-2.850138813592345,normal,normal,-0.0251173580267582,0.0173542479439525
2025-08-12,-0.7850098976297202,-2.642334752114179,normal,normal,-0.001675544937699,0.0120674104129605
2025-08-13,-1.419512029957751,-2.5690373660809205,normal,normal,0.0027323768740927,0.0260461153103026
2025-08-14,-1.4637448069122434,-2.812022769081984,normal,normal,-0.0073916548444561,-0.0412504432416689
2025-08-15,-1.2823696417242083,-2.716864523856581,normal,normal,-0.0001773193156378,-0.0081543970979058
2025-08-18,-1.1681042178594887,-2.037507723732751,normal,normal,-0.0013608550423693,-0.0098099293474049
2025-08-19,-1.1509917624933765,-2.021382472033434,normal,normal,-0.0057298385771638,-0.0298702202052201
2025-08-20,-0.8914836721962313,-1.7508379651459458,normal,normal,0.0088333657855859,0.012712851606869
2025-08-21,-0.6310357717349776,-1.2178351106895628,normal,normal,-0.0020383464448769,-0.0163723278465059
2025-08-22,-0.3525847509700122,-1.6170497114426978,normal,normal,0.0108528592225578,0.0388639264247778
2025-08-25,-1.051526654753518,-1.4950097027977325,normal,normal,-0.0002925687557429,-0.0594869706788774
2025-08-26,-0.8414406190148694,-1.127365371390759,normal,normal,0.0045252248595861,0.0151251233395282
2025-08-27,-1.0374957870387556,-1.1669251320783662,normal,normal,0.0045338654259907,-0.0052065534692697
2025-08-28,-1.078988451004338,-1.3110055159471432,normal,normal,0.0074246540288491,0.0118226403333174
2025-08-29,-1.315883006755336,-1.1598189966808827,normal,normal,0.0119594146728054,-0.037423359714662
2025-09-02,-1.369149728490773,-1.1695131691127891,normal,normal,0.0214123659812059,0.0254076044920328
2025-09-03,-0.5294465303580596,-1.0700348986246353,normal,normal,0.0119818385235692,0.0046888305764056
2025-09-04,-0.9136122868982454,-1.381858578694083,normal,normal,-0.007953439794452,-0.0089874616977692
2025-09-05,-1.132380989880958,-1.1963642731158064,normal,normal,0.0128376687745053,-0.0006560571512483
2025-09-08,-1.0984805688308183,-1.0557681014609046,normal,normal,0.0065750720937884,0.0127554703242367
2025-09-09,-0.9783069208036697,-1.1804799639906656,normal,normal,0.0013044321985677,-0.0048379166927006
2025-09-10,-1.1120708461473938,-1.040458069488276,normal,normal,-5.4303569498870274e-05,0.0215082708918217
2025-09-11,-0.8596060422433088,-1.0503976524035503,normal,normal,-0.0022839485245746,0.0135290138245718
2025-09-12,-1.100059935297451,-1.2680063465880784,normal,normal,0.0034782113021165,0.0051296803193494
2025-09-15,-1.0716206722878159,-1.4247193124912392,normal,normal,0.008804469354505,-0.0056723381156942
2025-09-16,-1.0763406167434004,-1.2663897146000607,normal,normal,0.0016389083815759,0.0120396147406811
2025-09-17,-0.9235630562985122,-1.22450737095004,normal,normal,-0.0019616146999954,-0.0032118407874524
2025-09-18,-1.1568397058464477,-1.2740583173243818,normal,normal,-0.0106814064255544,0.0057250067751226
2025-09-19,-1.3290236152029689,-1.227914339226741,normal,normal,0.0074484708433537,-0.0124415833621789
2025-09-22,-1.5830731762236252,-1.2934068450171792,normal,normal,0.0185277252425652,-0.0257445968535918
2025-09-23,-1.210884509573361,-0.8793308992850932,normal,normal,0.0106972230618982,-0.0065314166152443
2025-09-24,-1.0807287221735633,-0.8075466569373098,normal,normal,-0.012553199790112,0.0116635256971235
2025-09-25,-1.0018464628815955,-0.8539713496553866,normal,normal,0.0007958404288572,-0.0384918796436153
2025-09-26,-0.7232131195212861,-0.8250465829175498,normal,normal,0.0099999255109466,0.0060663254305577
2025-09-29,-1.0566391496005973,-0.16993956092521056,normal,normal,0.0120561861819954,0.0418381265181135
2025-09-30,-1.1143630675224672,-1.07043184919704,normal,normal,0.0046581524701139,-0.0030141158842393
2025-10-01,-1.3432659365675712,-1.0744967995441597,normal,normal,0.0062542958012166,0.0394786527677943
2025-10-02,-1.3007584604611364,-0.9878267304495779,normal,normal,-0.007571866292281,0.0169838748585959
2025-10-03,-1.0557491703537971,-1.6810356675574747,normal,normal,0.0104925238527489,0.013050507216425
2025-10-06,-1.1275786868273145,-1.6480926301747059,normal,normal,0.0170957714337394,0.0201286808451524
2025-10-07,-1.2152410050453737,-2.0880860166017303,normal,normal,0.0070419812319535,-0.0268179837651985
2025-10-08,-0.8994073343906036,-2.253936321450065,normal,normal,0.0163721098559399,0.0155512593053881
2025-10-09,-1.1407815736050255,-1.78297020028952,normal,normal,-0.0243450252727246,-0.0134604023670501
2025-10-10,-0.8519098769565911,-2.233577012080497,normal,normal,0.0069735149494327,-0.0723218218469909
2025-10-13,0.7598608791190489,-1.5863705019347196,normal,normal,0.0326092038209928,0.0180034792767802
2025-10-14,0.014831752716344723,-0.44355304229444414,normal,normal,0.0073284891659355,-0.0188491634455925
2025-10-15,0.3534730126217658,-0.4542114589252497,normal,normal,0.0091334036734416,-0.0208625782908988
2025-10-16,0.20390502807816718,-0.23926431549327654,normal,normal,0.0242188126654561,-0.02372248478318
2025-10-17,1.3376187585463595,0.0716905559675497,macro_stress,macro_stress,-0.0214380987637099,-0.0160098398053492
2025-10-20,0.4816353951130975,0.36671002344742054,normal,crypto_stress,0.0340882685402501,0.037977501552314
2025-10-21,-0.14168352399161357,0.11892461449507619,normal,normal,-0.0591303606183721,-0.0192828301734966
2025-10-22,-0.3400302340822473,-0.09582508485848595,normal,normal,-0.0106919350711862,-0.007293562270819
2025-10-23,-0.1442972541215228,0.29659381042433275,normal,crypto_stress,0.019535439260899,0.0218704444247777
2025-10-24,-0.6435094020636632,0.22184741052674684,normal,normal,-0.0018833559568207,0.0087217142852633
2025-10-27,-0.8641926772564226,0.08463902902365561,normal,normal,-0.0289569375921594,0.0274088817820388
2025-10-28,-1.1990802263279845,-0.8529557152420862,normal,normal,-0.0091468257278517,-0.0102448240868113
2025-10-29,-1.0379337221344374,-0.8098054958227748,normal,normal,0.0044088984988039,-0.0260168054657672
2025-10-30,-0.8623655162358672,-0.8214783754247702,normal,normal,0.0037921237593181,-0.016026638954619
2025-10-31,-0.6133521396594652,-0.016555635255698364,normal,normal,-0.004842479279663,0.0114809611962858
2025-11-03,-0.5741748949741352,0.22271224582619997,normal,normal,0.0043692722902104,-0.0278462164951971
2025-11-04,-0.5789735895103183,-0.38127168607784295,normal,normal,-0.0134179704519503,-0.0476408575376083
2025-11-05,-0.046176153873611556,0.716303702351433,normal,crypto_stress,0.0081474795611136,0.0224000613217487
2025-11-06,-0.1804840026122442,0.6445803671338848,normal,crypto_stress,-0.0004759334167143,-0.0252511824918499
2025-11-07,0.3004959522238882,0.41412469362057236,normal,normal,0.0046995508735427,0.0202389259687336
2025-11-10,-0.46115055645192615,0.5779212909092466,normal,crypto_stress,0.0275971055281285,0.0250688968219421
2025-11-11,-0.734212397385388,0.2768651028716531,normal,normal,-0.0013838283037248,-0.0287025464768415
2025-11-12,-0.8804506667608508,0.45374829685619145,normal,normal,0.0233627581989406,-0.0130391466426775
2025-11-13,-0.7562428955948242,0.4436484004289607,normal,crypto_stress,-0.0045432690592708,-0.0195247429765856
2025-11-14,-0.040964055177333425,0.8456986283906252,normal,crypto_stress,-0.0242028172059978,-0.0546228711365905
2025-11-17,0.06408503904853503,0.8988713864043255,normal,crypto_stress,-0.004823286320077,-0.02470921467952
2025-11-18,1.0154959405506672,0.955122036767902,macro_stress,crypto_stress,-0.0019653611534451,0.0092411735633071
2025-11-19,1.6478174331790614,1.0961669664636755,macro_stress,crypto_stress,0.0040003608819834,-0.01608237769981
2025-11-20,1.2361352186489711,0.873662328119098,macro_stress,crypto_stress,-0.0056000658930344,-0.0542991431316117
2025-11-21,2.266995085592657,1.1642003227388775,macro_stress,macro_stress,0.0047914582730772,-0.0179504904722893
2025-11-24,1.6568695606834194,0.8057588833655444,macro_stress,crypto_stress,0.0035968942114958,0.0366890719961592
2025-11-25,1.03344994867574,0.6513430705784646,macro_stress,crypto_stress,0.0111244617390084,-0.0105764769567535
2025-11-26,0.5033216984316795,0.5977802060870328,normal,crypto_stress,0.0060685527278856,0.0357225879133356
2025-11-28,0.07990600679618265,0.9265439288815985,normal,crypto_stress,0.0213068964699463,0.0044191393340753
2025-12-01,-0.44303025557231124,0.44862572507149645,normal,crypto_stress,0.004666034944277,-0.0518924092541546
2025-12-02,-0.08540674563996786,0.6023455641724867,normal,crypto_stress,-0.012712634712285,0.0566209938703039
2025-12-03,-0.2254248326646458,0.7529595263833495,normal,crypto_stress,0.0027681977581064,0.0235582620118322
2025-12-04,-0.6742545787978159,0.5532416192011693,normal,normal,0.0024777311950341,-0.0149319728659325
2025-12-05,-0.6691694127516685,0.6503007489428949,normal,normal,0.0,-0.0303430599756762
2025-12-08,-1.0533080270298394,0.5468918656689226,normal,normal,-0.0059805641405326,0.0139141221432712
2025-12-09,-0.7034765315950575,0.9278285503948656,normal,crypto_stress,0.0043766850036952,0.022381192698198
2025-12-10,-0.2658531048568492,0.8173415112797164,normal,crypto_stress,-0.0027183884813197,-0.007262832846635
2025-12-11,-0.5960050859138268,0.6297392988571203,normal,normal,0.0206854190636747,0.0053149701081469
2025-12-12,-0.8040097160447656,0.4767188454418457,normal,normal,0.0035410924330268,-0.024521421452146
2025-12-15,-0.778350282654248,0.48861306780000724,normal,normal,0.0015929802237426,-0.0435931669753717
2025-12-16,-0.6081021945931435,1.1424051684261465,crypto_stress,crypto_stress,-0.0006692565868497,0.0163457369350776
2025-12-17,-0.7748851076592598,1.3789054326095411,crypto_stress,crypto_stress,0.0095565035620186,-0.0195448330408538
2025-12-18,-0.4783000056671616,1.065771967235266,crypto_stress,crypto_stress,-0.002151402104376,-0.0079397284977691
2025-12-19,-0.7195324095003633,0.9760077570408662,normal,crypto_stress,0.0052103239964491,0.0304331549684082
2025-12-22,-1.6767044426699762,1.0676450246840614,crypto_stress,crypto_stress,0.0185401903884621,0.0043787982301886
2025-12-23,-1.7519811851627984,0.6207161506970211,normal,crypto_stress,0.0080891556671982,-0.012234274952954
2025-12-24,-1.5065455446967568,0.6186081043871153,normal,crypto_stress,-0.000643923122654,0.0022620761040634
2025-12-26,-1.4664373331188298,0.5937527834585412,normal,crypto_stress,0.0110211243378373,-0.003550689574304
2025-12-29,-1.268161827224706,0.7750705566037526,normal,crypto_stress,-0.0470169866171605,-0.0018721567577948
2025-12-30,-0.9414131942609657,0.577490443097144,normal,crypto_stress,0.0097824827381156,0.0147180978087906
2025-12-31,-1.011243967772159,0.4958067446190144,normal,crypto_stress,-0.0103582078668669,-0.0104730993492996
2026-01-02,-0.6567723436386899,0.5621556335818341,normal,crypto_stress,-0.0026526131648267,0.0274553037907452
2026-01-05,-0.713489072577667,0.278311254014346,normal,normal,0.0277659364817672,0.0428495979561187
2026-01-06,-0.7655136995304798,0.45847268463698554,normal,normal,0.0099692580255474,-0.0016366097114985
2026-01-07,-0.8954462758515713,-0.5512771617534151,normal,normal,-0.0075012289513782,-0.0261689672501521
2026-01-08,-0.7765328680127779,-0.43473946764728,normal,normal,-0.0004033989314411,-0.0030814668927554
2026-01-09,-0.7857710949982096,0.1426967513318056,normal,normal,0.0089716069075738,-0.0056629301495068
2026-01-12,-0.9604514617096207,0.18335195871760812,normal,normal,0.0249695476668474,0.0074834452042757
2026-01-13,-0.8284467841983745,0.11086317945494106,normal,normal,-0.0033862493362111,0.044280285031478
2026-01-14,-0.8767991714948151,0.27031820657704175,normal,normal,0.007926601145666,0.0167237978218786
2026-01-15,-0.6400934680316808,-0.9197208715634771,normal,normal,-0.002591961943974,-0.0143200382747554
2026-01-16,-0.9319259572325076,-1.696808999547176,normal,normal,-0.0061395107036243,-0.0002728785518897
2026-01-20,-1.193589392952977,-1.1753472506979465,normal,normal,0.0364095909923065,-0.0785256065325352
2026-01-21,0.30271765149290913,-0.00429891416111039,normal,normal,0.0149326854529991,0.0119993277601491
2026-01-22,-0.36837930451265866,0.3236953214680054,normal,crypto_stress,0.0155680882906654,0.0009560777691035
2026-01-23,-0.5843446165577206,0.49653643486774957,normal,crypto_stress,0.0134035408333197,0.0004629013309216
2026-01-26,-0.3967819491079738,0.2776084161159018,normal,crypto_stress,0.0204335790404783,-0.0139140154340395
2026-01-27,-0.4281382516647362,0.4700305784185461,normal,crypto_stress,1.969437689552933e-05,0.0094202765645814
2026-01-28,-0.49584952658242265,0.05685168031115584,normal,normal,0.0425628927743666,0.0009198645005419
2026-01-29,-0.5782735295419128,0.022308587613902198,normal,normal,0.0027866342053499,-0.0532279495040839
2026-01-30,-0.47935971926515847,0.21783670953260337,normal,normal,-0.1140599606411196,-0.0051328474295484
2026-02-02,-0.4472204008925723,0.6630341771660574,normal,crypto_stress,-0.0196863031224427,-0.0668468532613761
2026-02-03,-0.740440481093848,0.9789880895536722,normal,crypto_stress,0.0589264487720306,-0.039600469374978
2026-02-04,-0.06648868427632865,0.9079537817223752,normal,crypto_stress,0.0031964673475908,-0.0351706159417588
2026-02-05,0.3283326444838574,1.0253193314601248,crypto_stress,crypto_stress,-0.0124590914628424,-0.1523344080304465
2026-02-06,1.1388827790796703,2.0389443660128865,crypto_stress,crypto_stress,0.0182996415963856,0.1180031814334761
2026-02-09,-0.09598273995313222,2.7540095331800805,crypto_stress,crypto_stress,0.0198034347860858,-0.0061788823499728
2026-02-10,-0.12899598052920835,2.516621388748389,crypto_stress,crypto_stress,-0.0095743536434831,-0.0191032375898974
2026-02-11,0.0715552790110191,2.7478945908317405,crypto_stress,crypto_stress,0.0133276073129628,-0.0265432212123748
2026-02-12,-0.001102725511023639,2.661550430492241,crypto_stress,crypto_stress,-0.0298821065505183,-0.0115623682748342
2026-02-13,0.8564331873124769,2.915434762062078,crypto_stress,crypto_stress,0.0195909905079822,0.0390337693571556
2026-02-17,0.8645845124491218,2.802119129832019,crypto_stress,crypto_stress,-0.0282167202611685,-0.0200021978230662
2026-02-18,0.7643701469138395,2.7135484396206087,crypto_stress,crypto_stress,0.020897567198741,-0.015963632260215
2026-02-19,-0.005587752678813618,2.707833975896895,crypto_stress,crypto_stress,-0.0024183520713787,0.0079801259947043
2026-02-20,0.45981658101545736,2.6675876393468845,crypto_stress,crypto_stress,0.016570634386726,0.0155289956566324
2026-02-23,0.20691173667250434,2.7700718518419847,crypto_stress,crypto_stress,0.0280812504495262,-0.0511139517062897
2026-02-24,0.8355459096218666,2.910140981552822,crypto_stress,crypto_stress,-0.0094791648805987,-0.0083405104387441
2026-02-25,0.49226368453439795,2.7677733726037457,crypto_stress,crypto_stress,0.0095939963240034,0.0587881628108721
2026-02-26,0.08431942028819245,2.7726880376335177,crypto_stress,crypto_stress,-0.0061418178557772,-0.0074786108124005
2026-02-27,0.3471892000380178,2.672234699326121,crypto_stress,crypto_stress,0.0102853219038774,-0.0235803453997576
2026-03-02,0.6566918113980263,2.5546223857157915,crypto_stress,crypto_stress,0.0120651485459433,0.042990508687998
2026-03-03,0.8437980329173591,2.7858302094769454,crypto_stress,crypto_stress,-0.0360162540889597,-0.007035921401254
2026-03-04,1.6135700810285187,2.596980425019895,crypto_stress,crypto_stress,0.0021445846910062,0.0626701105436229
2026-03-05,0.7550634782156423,2.784169037853734,crypto_stress,crypto_stress,-0.0109660953351884,-0.0260471840906877
2026-03-06,1.26658009061641,2.23499913015935,crypto_stress,crypto_stress,0.0156292858417064,-0.0389267622298543
2026-03-09,2.390208948606483,2.4416693190074765,crypto_stress,macro_stress,-0.0107188424737021,0.0038947290448376
2026-03-10,1.8975803138974419,2.895922687017789,crypto_stress,macro_stress,0.0267563948824012,0.0220430630536832
2026-03-11,1.953558053102581,2.693317314441175,crypto_stress,crypto_stress,-0.0120908851787273,0.0039671408310244
2026-03-12,1.757852426132524,2.5944682366256195,crypto_stress,crypto_stress,-0.010344742558356,0.0041020885103577
2026-03-13,2.7154274883543517,2.4577322722244155,macro_stress,macro_stress,-0.0125841384592568,0.0067128612385438
2026-03-16,2.456175577357024,2.5286915739483256,crypto_stress,macro_stress,-0.0118245791326199,0.0534013945206606
2026-03-17,1.5165703771054013,2.2709276543701655,crypto_stress,crypto_stress,0.0011987533933446,-0.0126172785632778
2026-03-18,1.2621590071069546,1.9162227375791412,crypto_stress,normal,-0.0226171741616187,-0.0368841742334176
2026-03-19,2.2516873092958036,1.9990491118774507,macro_stress,macro_stress,-0.0611647246915101,-0.0188841610476284
2026-03-20,2.0510945814839445,2.106726095886123,crypto_stress,crypto_stress,-0.0067098900290165,0.008684431647449
2026-03-23,3.1108077128312575,1.7921750731896355,macro_stress,macro_stress,-0.0373226064723333,0.0055469673175956
2026-03-24,2.453483908779467,1.3068178648054802,macro_stress,macro_stress,-0.0012032296424013,-0.0056139915316961
2026-03-25,2.8814592737525233,1.1680852572032747,macro_stress,macro_stress,0.0335735737406377,0.0111689244808133
2026-03-26,2.634639664066748,1.0156731378912842,macro_stress,macro_stress,-0.0394289829459797,-0.0359529188074159
2026-03-27,3.3315453365641843,1.2260887432970529,macro_stress,macro_stress,0.0262057657766483,-0.0363134696852078
2026-03-30,4.3203126382315675,1.149847636889754,macro_stress,macro_stress,0.00742920753577,0.0053081503183705
2026-03-31,4.333021838927053,1.295334556319562,macro_stress,macro_stress,0.0265124311274114,0.0228562101625779
2026-04-01,2.375666516442074,1.165375438722044,macro_stress,macro_stress,0.0349904091181763,-0.0022706442540201
2026-04-02,2.2525714630872145,1.284528774092729,macro_stress,crypto_stress,-0.028107340410024,-0.0176341492288756
2026-04-06,1.9583809015941003,1.1157921685902197,macro_stress,crypto_stress,0.0010678741332235,0.0290448567095467
2026-04-07,1.582115796335408,1.0995866796344087,macro_stress,crypto_stress,0.0,0.0437692500886512
2026-04-08,2.0698600341295297,1.1319774510298082,macro_stress,macro_stress,0.0195527205163053,-0.0114263865929018
2026-04-09,0.5128242426992867,0.8647453258208125,normal,crypto_stress,0.0085042624962401,0.0090204739879133
2026-04-10,0.047831879446294245,0.8298795059390299,normal,crypto_stress,-0.0063714580311238,0.0167360714535274
2026-04-13,-0.3470193928320021,0.745157035513041,normal,crypto_stress,-0.0041863837272373,0.0204205671849155
2026-04-14,-0.7617645604547959,0.8988997663587276,normal,crypto_stress,0.0171982809941084,-0.0040766706589963
2026-04-15,-0.9458672374178645,0.4060515033251003,normal,crypto_stress,-0.0054787859356153,0.0083695046837277
2026-04-16,-1.1142078163920006,0.31197412211977427,normal,crypto_stress,-0.0031770068196657,0.0046287244870715
2026-04-17,-1.5541194443277317,0.08378832883887721,normal,crypto_stress,0.0147197186324667,0.0259372965784034
2026-04-20,-1.9985210549865091,0.15942910535505894,normal,crypto_stress,-0.0104653201616393,-0.0163971842991692
2026-04-21,-2.0439246215203304,-0.29362737164617225,normal,normal,-0.0228738782087081,0.0063097475019464
2026-04-22,-1.4889575506899067,-0.4719221906971425,normal,normal,0.007051926696608,0.023944952373343
2026-04-23,-1.941372200960811,-0.4213722957244245,normal,normal,-0.0061200992967567,0.0008417038623189
2026-04-24,-1.6322731532541275,-1.0478545349379045,normal,normal,0.0035710721672419,-0.0104498554007008
2026-04-27,-2.3626733369859494,-0.7198133140463858,normal,normal,-0.0100057448805426,-0.001145671099751
2026-04-28,-2.927280711634447,-1.0776769481161248,normal,normal,-0.0183405216309768,-0.0132186544907373
2026-04-29,-2.9323440458655483,-0.6246297766313579,normal,normal,-0.0102291871874466,-0.0075534590417412
2026-04-30,-2.0356219657771577,-0.317815678809367,normal,normal,0.0148189755679855,0.006946186875135
2026-05-01,-2.4727323916591906,-0.5661436964878037,normal,normal,0.0032132314740618,0.0242715098940351
2026-05-04,-2.492979112143172,-0.43261001607576777,normal,normal,-0.024233615823709,0.0208720764172252
2026-05-05,-2.0362023847355606,-1.0387538784281642,normal,normal,0.0077348154348086,0.0136750438065238
2026-05-06,-2.3831773634656486,-1.4794626858039481,normal,normal,0.0271640416999616,0.0061652480572735
2026-05-07,-2.130820928123725,-1.3064135185401993,normal,normal,0.0035299866905305,-0.0175619083509026
2026-05-08,-1.9489132379747143,-1.3154100255694112,normal,normal,0.0041942725366546,0.0022069548930208
2026-05-11,-2.1538020772878377,-1.0434878106556402,normal,normal,-0.0004228597896709,0.01904180876849
2026-05-12,-1.7257206833164294,-1.6384638593292378,normal,normal,-0.0089216128555857,-0.0154227477056672
2026-05-13,-1.4802417719446388,-1.6358848858385515,normal,normal,0.004258315283149,-0.0150280182312361
2026-05-14,-1.4515709901224327,-1.3068093239560208,normal,normal,-0.0045571609159758,0.0221321436988226
2026-05-15,-1.6874429003147942,-0.9246982657289776,normal,normal,-0.0266907241010159,-0.0248027751369672
2026-05-18,-0.8783402366415108,-1.2940346734473265,normal,normal,-0.0008552511810933,-0.02706882128955
2026-05-19,-1.034257013843376,-0.580999727856419,normal,normal,-0.0103206940176363,-0.0026448799997123
2026-05-20,-0.9796583277182724,-0.5922295269484827,normal,crypto_stress,0.0053279536582735,0.0091677347836149
2026-05-21,-1.1061575399069707,-0.6952009574904277,normal,normal,0.0015863308240593,0.0010503232153258
2026-05-22,-1.3762739471403291,-0.7872849869845648,normal,normal,-0.0042577701508417,-0.0268063407026222
2026-05-26,-1.2860789714349297,-0.6840290563517082,normal,normal,-0.0046314172033632,0.0044608271464756
2026-05-27,-1.3418921308060037,-0.9874631018906518,normal,normal,-0.0120438749245526,-0.0197253107241088
2026-05-28,-1.6008931443902086,-0.5442647452742686,normal,crypto_stress,0.0113773267017354,-0.0109298026618862
2026-05-29,-1.8524231021491961,-0.40413604771642153,normal,crypto_stress,0.0206116196324899,-0.0022330998228099
2026-06-01,-1.7402425315400227,-0.45056325188700597,normal,crypto_stress,-0.0190570309957749,-0.0283759091628681
2026-06-02,-1.5913176525338053,-0.7246939185043864,normal,normal,0.0030134737518725,-0.0669138485252585
2026-06-03,-1.77242252858673,-0.13421980568240066,normal,crypto_stress,-0.0117952142316255,-0.0411522222901918
2026-06-04,-1.3450771597240003,0.49220857965822495,normal,crypto_stress,0.0084932571921729,-0.0033296811494363
2026-06-05,-1.221962657801323,0.3801662873863274,normal,crypto_stress,-0.031501020350154,-0.0461725426252126
2026-06-08,0.5059166731845897,0.4810499655874976,normal,crypto_stress,-0.0004353231151306,0.0349663058859537
2026-06-09,0.13609789894747942,0.7814805073349457,normal,crypto_stress,-0.017804350569623,-0.0231992749169727
2026-06-10,0.4259227776269797,0.7038943060224471,normal,crypto_stress,-0.0363711248845675,-0.0031600860854066
2026-06-11,1.2316827606875393,0.7461644815928927,macro_stress,crypto_stress,-0.0046802809100618,0.0337886685240658
2026-06-12,0.41844461821490603,0.7125022277965928,normal,crypto_stress,0.0298843730104678,-0.0002809578486751
2026-06-15,0.1411852183924147,0.7027368208794016,normal,crypto_stress,0.0262634517650166,0.042311536353905
2026-06-16,-0.8355738273778004,0.42807167841085425,normal,crypto_stress,0.0006431897045757,-0.0104460520817166
2026-06-17,-0.6756219296581086,0.25072966988299217,normal,crypto_stress,0.0061814800196131,-0.0181854515308632
2026-06-18,-0.1507746302623939,0.2765299772930031,normal,crypto_stress,-0.0314144973048016,-0.0239099264595434
2026-06-22,-0.5461921299898066,0.592734768141467,normal,crypto_stress,-0.010226566064496,0.0166443676167631
2026-06-23,-0.24563549732942422,0.39906441929055014,normal,crypto_stress,-0.0127635004192683,-0.0202831889602723
2026-06-24,0.6183525978811565,0.2673123889957566,normal,crypto_stress,-0.0344717650982602,-0.0270571911625356
2026-06-25,0.6215623870605343,0.5079805359925631,normal,crypto_stress,0.0096321801568066,-0.0210990381164695
2026-06-26,0.6778183929285717,0.7368620056801386,normal,crypto_stress,0.0119599425619849,0.0049233199485847
2026-06-29,0.7336394717047593,0.7016721093378775,normal,crypto_stress,-0.0141117260701655,0.0020298690006708
2026-06-30,0.35746266918704683,0.6916954080813158,normal,crypto_stress,-9.9017592024353e-05,-0.0266158302862624
2026-07-01,-0.0017347534011834531,0.5596987916177575,normal,crypto_stress,0.0108116909461255,0.024374798891813
2026-07-02,0.10816055029802774,0.7866077682470566,normal,crypto_stress,0.0105507228535497,0.02439094408839
2026-07-06,-0.15507696833606943,0.4879854038535042,normal,crypto_stress,0.0100805859429229,0.0400070649097905
2026-07-07,-0.3435755126256914,0.37518519244620974,normal,crypto_stress,-0.0024264802533,-0.0109610318081774
2026-07-08,-0.7720018179951987,0.2386177367955944,normal,normal,-0.0182048285431726,-0.0165639655193476
2026-07-09,-0.4829097762572063,0.5336743690746641,normal,crypto_stress,0.0142039318702309,0.0149156823369853
2026-07-10,-0.9455680626209457,0.46237996129895553,normal,crypto_stress,-0.0065660443968535,0.0146718005231569
2026-07-13,-1.59659211903395,0.42859543019090585,normal,crypto_stress,-0.0266045797384695,-0.0298839264739871
2026-07-14,-0.5725394148871439,0.23663700698624046,normal,normal,0.0158509400848583,0.0427281030442596
2026-07-15,-0.67001083684876,0.625037645802966,normal,crypto_stress,-0.0044080357884208,-0.0037594109647898
2026-07-16,-0.5276345381788344,0.45826042172151593,normal,crypto_stress,-0.0148438061796394,-0.0143672798551754
2026-07-17,-0.3356479985068437,0.2344275104781235,normal,crypto_stress,0.0066659300579026,0.001725754564692
2026-07-20,0.010697681425615765,0.047856852547557116,normal,normal,-0.0007219053923481,0.0206089796826649
2026-07-21,0.2942831314182052,-0.017355418021141156,normal,normal,0.0149527646523086,0.0193591073637158
2026-07-22,-0.3191368205724142,0.03698550812342716,normal,crypto_stress,0.0183518152583577,-0.0060982099788695
2026-07-23,-0.7149819510561846,-0.38579055190996503,normal,normal,-0.0247997867147873,-0.0161043469529094
2026-07-24,-0.044140653521846776,-0.31621306148878703,normal,normal,0.005073301770885,-0.0146555536542276
2026-07-27,-0.08185988853719092,-0.1656311702594332,normal,normal,0.0015218715067515,-0.0058455452767649
2026-07-28,-0.07962964364752195,-0.3258814810274713,normal,normal,-0.0094385779153292,0.0022957554728559
2026-07-29,0.06243655917882007,-0.28044612648175504,normal,normal,-0.0005944030747766,0.0005760654802511
2026-07-30,1.099688921262441,-0.4114804926095711,macro_stress,normal,0.0156829446277342,0.0127051159419551
2026-07-31,-0.046653365606059205,-0.35940938066778516,normal,normal,0.0016814474996778,-0.0299783570286358
2026-08-03,-0.42976471691388163,-0.184232215037052,normal,crypto_stress,-0.0040256230028052,0.0102500072299385
2026-08-04,-0.6355678725390076,-0.3508074461670352,normal,normal,0.0150674556390129,0.0093330253934844
2026-08-05,-1.048015620174079,-0.22999269646177967,normal,crypto_stress,0.0360889721640251,0.008418741360801
2026-08-06,-1.2097499141655574,-0.3468546619981171,normal,normal,-0.0013016219450143,-0.0052054707838777
2026-08-07,-1.098754690145482,-0.31568678574599296,normal,crypto_stress,0.0230143833441385,0.0095721203953669
2026-08-10,-1.1945394300493457,-0.5329709402365356,normal,normal,0.0045354635005114,-0.0150573481744551
2026-08-11,-1.2633954307575084,-0.5530044904340942,normal,normal,0.0048302508223887,-0.0056285102588145
2026-08-12,-1.128874499732665,-0.502869216422501,normal,normal,0.0059268525547668,-0.0023542560615528
2026-08-13,-1.2418871674916692,-0.4778272032230805,normal,normal,-0.010598800411131,-4.127906064965714e-06
2026-08-14,-1.5071936232539178,-0.6067817588080886,normal,normal,0.0038158717069123,-0.0067508670210933
2026-08-17,-1.7855586312039855,-0.6456323678953136,normal,normal,0.0081698110401191,0.0240149283494428
2026-08-18,-1.5207221959277701,-0.8238465113886114,normal,normal,-0.0119403948129654,0.0027008473728002
2026-08-19,-1.0113724178855301,-1.2817675847871286,normal,normal,0.027818233507169,0.0684938460027027
2026-08-20,-1.2806055818852262,-1.1689450150232283,normal,normal,0.0057257932808933,0.0529512053897622
2026-08-21,-1.1452229548559585,-1.7238425061057547,normal,normal,0.0236068453417868,0.0700888177551632
2026-08-24,-1.4097930933654832,-1.9126135332906387,normal,normal,0.0036679447440555,0.0080012911003386
2026-08-25,-1.1962936558904298,-2.04026636466065,normal,normal,-0.0007026617318199,-0.0050721771868307
2026-08-26,-1.3001786233807155,-2.1542716974769647,normal,normal,-0.0088150073726893,0.0058688952570538
2026-08-27,-1.7128179054233927,-1.7562449909775502,normal,normal,0.0022968457044143,0.0154457977224051
2026-08-28,-1.6226285486970187,-2.0495845064638227,normal,normal,-0.0291736064102394,-0.0307100273130931
2026-08-31,-1.407001635240786,-2.0478932251896973,normal,normal,-0.0107420308226711,0.009187284246515
2026-09-01,-0.8723375497081172,-1.5659508056457314,normal,normal,-0.0191718098154485,-0.0146843451107709
2026-09-02,0.010981486554868192,-1.8645221903971385,normal,normal,0.0041312498463437,-0.0013334934464328
2026-09-03,-0.36446792752505575,-1.5998144802158554,normal,normal,0.0279877120221172,0.0500982608883635
2026-09-04,-0.8353169396698412,-1.6016438689374795,normal,normal,-0.01404111233008,-0.0198805671701229
2026-09-08,-0.5518310668250784,-1.9885372920754567,normal,normal,-0.0084347256863139,-0.0156019401445437
2026-09-09,-0.19027327929210913,-1.7423912095071552,normal,normal,0.0048766223224188,-0.0022853469652197
2026-09-10,-0.005571844045348162,-1.6031845936904348,normal,normal,-0.0120435354276455,-0.0218496598582849
2026-09-11,0.471241489730559,-1.6919796273103396,normal,normal,0.0003629903420971,0.0078791132694853
2026-09-14,0.029256638207277197,-1.110943045142436,normal,normal,-0.0130126941802117,0.0127413067106925
2026-09-15,0.3524966251637443,-1.2317944275949901,normal,normal,-0.0043985696904567,-0.0331795706523454
2026-09-16,0.35385164404289443,-1.6770158023431438,normal,normal,0.0125456495738838,0.0070875689126133
2026-09-17,0.394328559578513,-0.8697294248029315,normal,normal,0.0027768123817946,0.003322799827492
2026-09-18,-0.2752078028576362,-0.8245790089469566,normal,normal,0.0057112560909917,0.0571997969653477
2026-09-21,-0.6515482949961244,-0.9582430864207989,normal,normal,-0.0093089403743036,0.0681015822233561
2026-09-22,-0.8951675200123381,-1.4014384810768084,normal,normal,-0.0017122705842567,-0.0049849019526497
2026-09-23,-1.0923002051815913,-1.7796505331488208,normal,normal,-0.0133415056385963,-0.0209825106353704
2026-09-24,-0.6386366156871297,-1.4284755904436648,normal,normal,-0.004735142447295,-4.675591492109277e-05
2026-09-25,-0.5412333734917613,-1.4299890842627143,normal,normal,0.0053833884390446,-0.004086847125821
2026-09-28,-0.6465888452781868,-1.4243287085745147,normal,normal,-0.0360009409509824,-0.0063545676873975
2026-09-29,-0.28253033709663683,-1.5585423417473412,normal,normal,0.0017736642322816,0.0053636032037278
